CASE_ID,ACCIDENT_YEAR,PROC_DATE,JURIS,COLLISION_DATE,COLLISION_TIME,OFFICER_ID,REPORTING_DISTRICT,DAY_OF_WEEK,CHP_SHIFT,POPULATION,CNTY_CITY_LOC,SPECIAL_COND,BEAT_TYPE,CHP_BEAT_TYPE,CITY_DIVISION_LAPD,CHP_BEAT_CLASS,BEAT_NUMBER,PRIMARY_RD,SECONDARY_RD,DISTANCE,DIRECTION,INTERSECTION,WEATHER_1,WEATHER_2,STATE_HWY_IND,CALTRANS_COUNTY,CALTRANS_DISTRICT,STATE_ROUTE,ROUTE_SUFFIX,POSTMILE_PREFIX,POSTMILE,LOCATION_TYPE,RAMP_INTERSECTION,SIDE_OF_HWY,TOW_AWAY,COLLISION_SEVERITY,NUMBER_KILLED,NUMBER_INJURED,PARTY_COUNT,PRIMARY_COLL_FACTOR,PCF_CODE_OF_VIOL,PCF_VIOL_CATEGORY,PCF_VIOLATION,PCF_VIOL_SUBSECTION,HIT_AND_RUN,TYPE_OF_COLLISION,MVIW,PED_ACTION,ROAD_SURFACE,ROAD_COND_1,ROAD_COND_2,LIGHTING,CONTROL_DEVICE,CHP_ROAD_TYPE,PEDESTRIAN_ACCIDENT,BICYCLE_ACCIDENT,MOTORCYCLE_ACCIDENT,TRUCK_ACCIDENT,NOT_PRIVATE_PROPERTY,ALCOHOL_INVOLVED,STWD_VEHTYPE_AT_FAULT,CHP_VEHTYPE_AT_FAULT,COUNT_SEVERE_INJ,COUNT_VISIBLE_INJ,COUNT_COMPLAINT_PAIN,COUNT_PED_KILLED,COUNT_PED_INJURED,COUNT_BICYCLIST_KILLED,COUNT_BICYCLIST_INJURED,COUNT_MC_KILLED,COUNT_MC_INJURED,PRIMARY_RAMP,SECONDARY_RAMP,LATITUDE,LONGITUDE,COUNTY,CITY,POINT_X,POINT_Y
9435276,2022,2022-04-29,0111,2022-03-14,2119,346,,1,5,5,0111,0,0,0,,0,004,"STONERIDGE DR","SANTA RITA RD",0.00,,Y,A,-,N,,,,,,,,,,N,3,0,1,2,A,-,10,21950,A,N,G,B,B,A,H,-,C,A,0,Y,,,,Y,,A,01,0,1,0,0,1,0,0,0,0,"- ","- ",,,ALAMEDA,PLEASANTON,-121.87786102294922,37.687984466552734
9436096,2022,2022-05-03,0103,2022-03-10,1909,10,21,4,5,6,0103,0,0,0,,0,014,UNIVERSITY,6TH,0.00,,Y,A,-,N,,,,,,,,,,Y,4,0,1,2,A,-,09,21801,A,N,D,C,A,A,H,-,C,A,0,,,,,Y,,A,01,0,0,1,0,0,0,0,0,0,"- ","- ",37.867988586425781,-122.29766082763672,ALAMEDA,BERKELEY,-122.29771423339844,37.867969512939453
9454383,2022,2022-11-15,0112,2022-06-30,1648,372,,4,5,5,0112,0,0,0,,0,003,"E 14TH ST","135TH AV",160.00,S,N,A,-,Y,ALA,4,185,-,-,4.750,H,-,S,Y,4,0,2,2,A,-,08,22107,,N,B,C,A,A,H,-,A,D,0,,,,,Y,,A,01,0,0,2,0,0,0,0,0,0,"- ","- ",,,ALAMEDA,"SAN LEANDRO",-122.14376068115234,37.716014862060547
9456861,2022,2022-07-27,0109,2022-02-16,2124,9872,2,3,5,7,0109,0,0,0,,0,30X,"73RD AV","BANCROFT AV",0.00,,Y,A,-,N,,,,,,,,,,N,3,0,2,2,A,-,12,21453,A,N,B,C,A,A,H,-,C,A,0,,,,,Y,,-,"- ",0,1,1,0,0,0,0,0,0,"- ","- ",,,ALAMEDA,OAKLAND,-122.17720794677734,37.765819549560547
9467273,2022,2023-02-06,0102,2022-11-26,0955,DW190456,5,6,5,3,0102,0,0,0,,0,002,"SAN PABLO",MONROE,0.00,,Y,A,-,N,,,,,,,,,,N,3,0,3,3,A,-,03,22350,,N,C,C,A,A,H,-,A,A,0,,,,,Y,,A,08,0,3,0,0,0,0,0,0,0,"- ","- ",37.88446044921875,-122.29695892333984,ALAMEDA,ALBANY,-122.29714202880859,37.884635925292969
9471178,2023,2023-10-25,0109,2023-07-16,"221 ",9984,1,7,5,7,0109,0,0,0,,0,04X,"16TH ST","CLAY ST",0.00,,Y,A,-,N,,,,,,,,,,N,4,0,2,3,A,-,12,21453,A,F,D,C,A,A,H,-,C,A,0,,,,,Y,,A,01,0,0,2,0,0,0,0,0,0,"- ","- ",,,ALAMEDA,OAKLAND,,
92224580,2023,2023-10-31,9390,2023-10-27,1359,021649,,5,1,6,0105,0,1,1,,2,064,"I-680 N/B","PASEO PADRE PARKWAY",207.00,N,N,A,-,Y,ALA,,680," ",M,5.720,H,,R,Y,4,0,1,3,A,-,03,22350,,N,C,C,A,A,H,-,A,D,0,,,,,Y,,A,01,0,0,1,0,0,0,0,0,0,"- ","- ",37.533828735351562,-121.93621826171875,ALAMEDA,FREMONT,-121.93621826171875,37.533828735351562
92234574,2023,2023-11-13,9345,2023-11-04,1242,022943,,6,1,9,0100,0,2,S,,2,048,"PALOMARES RD","MILE MARKER 7.00",380.00,N,N,A,-,N,,,,,,,,,,N,4,0,1,2,A,-,08,22107,,N,A,C,A,A,H,-,A,A,0,,,,,Y,,A,01,0,0,1,0,0,0,0,0,0,"- ","- ",37.629909515380859,-121.94731903076172,ALAMEDA,UNINCORPORATED,,
92234705,2023,2023-11-13,9370,2023-11-01,1515,022848,,3,2,6,0103,0,1,1,,2,082,"I-80 E/B","BUCHANNAN STREET",750.00,W,N,A,-,Y,ALA,,80," ",R,7.062,H,,R,N,4,0,3,2,A,-,03,22350,,N,C,C,A,A,H,-,A,D,0,,,,,Y,,A,01,0,0,3,0,0,0,0,0,0,"- ","- ",37.883998870849609,-122.30857849121094,ALAMEDA,BERKELEY,-122.30849456787109,37.884014129638672
92083804,2023,2023-06-01,9390,2023-05-26,1855,021964,,5,2,9,0100,0,1,1,,2,065,"I-680 N/B","ANDRADE RD",1480.00,S,N,A,-,Y,ALA,,680," ",R,9.425,H,,R,N,3,0,1,3,A,-,03,22350,,N,C,C,A,A,H,-,A,D,0,,,,,Y,,A,01,0,1,0,0,0,0,0,0,0,"- ","- ",37.571781158447266,-121.8892822265625,ALAMEDA,UNINCORPORATED,-121.8892822265625,37.57177734375
92097851,2023,2023-06-20,9345,2023-06-07,"555 ",023233,,3,3,9,0100,0,1,1,,2,238,"I-238 N/B","E 14TH ST",1584.00,N,N,A,-,Y,ALA,,238," "," ",15.211,H,,R,Y,3,0,2,2,A,-,03,22350,,N,C,C,A,A,H,-,A,D,0,,,,Y,Y,,G,27,0,1,1,0,0,0,0,0,0,"- ","- ",37.688720703125,-122.11102294921875,ALAMEDA,UNINCORPORATED,-122.11102294921875,37.688724517822266
92099361,2023,2023-06-22,9345,2023-06-09,"432 ",022885,,5,3,9,0100,0,2,S,,2,045,"CROW CANYON RD","10970 CROW CANYON ROAD",50.00,S,N,B,-,N,,,,,,,,,,Y,4,0,1,3,A,-,08,22107,,M,C,2,A,A,H,-,D,A,0,,,,,Y,,A,01,0,0,1,0,0,0,0,0,0,"- ","- ",37.766948699951172,-122.01361083984375,ALAMEDA,UNINCORPORATED,-122.05457305908203,37.697338104248047
92131919,2023,2023-07-31,9390,2023-07-14,1628,021649,,5,2,5,0111,0,1,1,,2,066,"I-680 S/B","KOOPMANN ROAD",6970.00,N,N,A,-,Y,ALA,,680," ",R,13.790,H,,L,Y,4,0,2,3,A,-,03,22350,,N,C,C,A,A,H,-,A,D,0,,,,,Y,,A,01,0,0,2,0,0,0,0,0,0,"- ","- ",37.619239807128906,-121.87886047363281,ALAMEDA,PLEASANTON,-121.87892913818359,37.619216918945312
92144354,2023,2023-08-15,9390,2023-08-02,"647 ",019587,,3,1,9,0100,0,1,1,,2,053,"I-580 EASTBOUND","GREENVILLE ROAD",2112.00,E,N,A,-,Y,ALA,,580," ",R,7.860,H,,L,Y,1,1,0,3,A,-,03,22350,,N,C,2,E,A,H,-,A,D,0,Y,,,Y,Y,,G,25,0,0,0,1,0,0,0,0,0,"- ","- ",37.719261169433594,-121.69300842285156,ALAMEDA,UNINCORPORATED,-121.69302368164062,37.719306945800781
92208275,2023,2023-10-25,9390,2023-10-18,1500,020368,,3,2,9,0100,0,1,1,,2,065,"I-680 NORTHBOUND","SR-238 / NORTH MISSION BOULEVARD",2640.00,N,N,A,-,Y,ALA,,680," ",R,6.894,H,,R,Y,2,0,1,2,A,-,03,22350,,N,C,C,A,A,H,-,A,D,0,,,Y,,Y,,C,02,1,0,0,0,0,0,0,0,1,"- ","- ",37.546501159667969,-121.91985321044922,ALAMEDA,UNINCORPORATED,-121.91978454589844,37.546497344970703
91989724,2023,2023-02-08,9345,2023-01-28,1626,022870,,6,2,9,0100,0,2,S,,2,002,"WEST SUNSET BLVD","GARDEN AVE",0.00,,Y,A,-,N,,,,,,,,,,Y,4,0,1,3,A,-,12,22450,A,N,D,2,A,A,H,-,A,A,0,,,,Y,Y,,A,01,0,0,1,0,0,0,0,0,0,"- ","- ",37.669471740722656,-122.11203002929688,ALAMEDA,UNINCORPORATED,,
91997175,2023,2023-02-17,9390,2023-02-10,1330,020760,,5,1,9,0100,0,3,5,,2,500,"I-680 NORTHBOUND","ANDRADE ROAD",2640.00,N,N,A,-,Y,ALA,,680," ",R,10.236,H,,R,N,4,0,2,3,A,-,03,22350,,N,C,C,A,A,H,-,A,D,0,,,,,Y,,A,07,0,0,2,0,0,0,0,0,0,"- ","- ",37.578380584716797,-121.87715148925781,ALAMEDA,UNINCORPORATED,-121.87713623046875,37.578369140625
92008213,2023,2023-03-02,9390,2023-02-20,1840,020657,,1,2,5,0111,0,1,1,,2,051,"I-580 EASTBOUND",HACIENDA,1300.00,E,N,A,-,Y,ALA,,580," "," ",18.568,H,,R,Y,4,0,1,2,A,-,03,22350,,N,C,C,A,A,H,-,C,D,0,,,,,Y,,A,08,0,0,1,0,0,0,0,0,0,"- ","- ",37.701671600341797,-121.88337707519531,ALAMEDA,PLEASANTON,-121.88337707519531,37.701705932617188
92022871,2023,2023-09-11,9345,2023-01-30,"510 ",022029,,1,3,9,0100,0,1,S,,2,581,"I-580 EB TO I-238 NB","SR-185 (EAST 14TH STREET)",1219.00,W,N,B,-,Y,,,,,,,,,,N,1,1,0,2,A,-,11,21954,A,N,G,B,E,A,H,-,D,D,0,Y,,,,Y,,N,60,0,0,0,1,0,0,0,0,0,"- ","- ",37.690391540527344,-122.10188293457031,ALAMEDA,UNINCORPORATED,-122.10188293457031,37.690391540527344
92054465,2023,2023-04-27,9370,2023-03-26,"135 ",022826,,7,3,7,0109,0,1,1,,2,177,"I-880 S/B","OAK ST",1122.00,S,N,A,-,Y,ALA,,880," "," ",30.861,H,,L,N,2,0,2,4,A,-,01,23152,A,N,C,2,E,A,H,-,C,D,0,Y,,,,Y,Y,A,01,1,1,0,0,2,0,0,0,0,"- ","- ",37.792919158935547,-122.26361083984375,ALAMEDA,OAKLAND,-122.26344299316406,37.793048858642578
92080520,2023,2023-05-29,9345,2023-05-18,1408,023138,,4,2,6,0106,0,1,3,,2,092,"SR-92 EASTBOUND","INDUSTRIAL BLVD",393.00,W,N,A,-,Y,ALA,,92," ",R,5.055,H,,R,N,4,0,1,2,A,-,03,22350,,N,C,C,A,A,H,-,A,D,0,,,,,Y,,A,01,0,0,1,0,0,0,0,0,0,"- ","- ",37.631538391113281,-122.11129760742188,ALAMEDA,HAYWARD,-122.11126708984375,37.631504058837891
91784173,2022,2022-05-30,9345,2022-05-13,1630,022259,,5,2,5,0113,0,1,1,,2,072,"I-880 NORTHBOUND (NIMITZ FREEWAY)","ALVARADO-NILES ROAD",900.00,N,N,A,-,Y,ALA,,880,,,13.230,H,,R,N,3,0,1,2,A,-,07,21658,A,N,B,2,A,A,H,-,A,A,0,,,Y,,Y,,-,99,0,1,0,0,0,0,0,0,1,"- ","- ",37.601051330566406,-122.06253051757812,ALAMEDA,"UNION CITY",-122.06246185302734,37.601078033447266
91815530,2022,2022-07-12,9370,2022-03-12,0220,022722,,6,3,7,0109,0,1,1,,2,008,"I-80 WB TO I-580 EB / I-880 SB","POWELL ST",3140.00,W,N,A,-,Y,ALA,,80,,,3.297,H,,L,Y,1,1,4,3,A,-,01,23152,A,N,C,C,A,A,G,-,C,D,0,,,,,Y,Y,A,07,1,0,3,0,0,0,0,0,0,"- ","- ",37.830780029296875,-122.2938232421875,ALAMEDA,OAKLAND,-122.29411315917969,37.830768585205078
91868001,2022,2022-09-19,9390,2022-09-09,1700,022174,,5,2,9,0100,0,1,1,,2,065,"I-680 NORTHBOUND","SHERIDAN ROAD",1584.00,S,N,A,-,Y,ALA,,680,,R,8.032,H,,R,N,3,0,1,2,A,-,03,22350,,N,C,C,A,A,H,-,A,A,0,,,,,Y,,A,01,0,1,0,0,0,0,0,0,0,"- ","- ",37.560260772705078,-121.9097900390625,ALAMEDA,UNINCORPORATED,-121.90978240966797,37.560245513916016
91946656,2022,2022-12-20,9370,2022-11-19,0002,022848,,6,3,7,0109,0,1,1,,2,176,"I-880 N/B","HEGENBERGER RD",1250.00,S,N,A,-,Y,ALA,,880,,,25.254,H,,R,Y,3,0,1,3,A,-,03,22350,,N,C,C,A,A,H,-,C,D,0,,,,,Y,,A,01,0,1,0,0,0,0,0,0,0,"- ","- ",37.737770080566406,-122.19378662109375,ALAMEDA,OAKLAND,-122.19373321533203,37.737800598144531
91971953,2023,2023-01-19,9345,2023-01-10,"745 ",019329,,2,1,9,0100,0,1,S,,2,002,"151ST AVE","SR-185 (E. 14TH STREET)",0.00,,Y,B,-,Y,ALA,,185," "," ",3.590,H,,R,N,4,0,1,2,A,-,05,21650,,N,D,G,A,B,H,-,C,D,0,,Y,,,Y,,L,04,0,0,1,0,0,0,1,0,0,"- ","- ",37.704830169677734,-122.12769317626953,ALAMEDA,UNINCORPORATED,-122.12776184082031,37.704769134521484
91974468,2022,2023-01-23,9370,2022-12-10,0530,022974,,6,3,6,0103,0,1,1,,2,081,"I-80 E/B","BUCHANAN ST",200.00,W,N,C,-,Y,ALA,,80,,R,7.222,H,,R,Y,3,0,1,3,A,-,07,21658,A,N,B,C,A,B,H,-,C,D,0,,,,Y,Y,,A,07,0,1,0,0,0,0,0,0,0,"- ","- ",37.88629150390625,-122.30895233154297,ALAMEDA,BERKELEY,-122.30894470214844,37.88629150390625
82045728,2023,2023-04-17,0105,2023-03-31,1651,16550,389,5,5,6,0105,0,0,0,,0,001,"WALNUT AVE","GODFREY ST",435.00,E,N,A,-,N,,,,,,,,,,N,3,0,1,1,B,-,22,,,N,H,A,A,A,H,-,A,D,0,,,Y,,Y,,-,"- ",0,1,0,0,0,0,0,0,1,"- ","- ",,,ALAMEDA,FREMONT,-121.96307373046875,37.564506530761719
82045734,2023,2023-04-17,0105,2023-04-05,1220,12745,02,3,5,6,0105,0,0,0,,0,002,"ALVARADO BLVD","FALCON DR",0.00,,Y,A,-,N,,,,,,,,,,N,3,0,1,2,A,-,17,21451,B,N,H,G,A,A,H,-,A,A,0,,Y,,,Y,,A,01,0,1,0,0,0,0,1,0,0,"- ","- ",,,ALAMEDA,FREMONT,,
82147987,2023,2023-08-21,0107,2023-08-15,1300,36,LIVER,2,5,5,0107,0,0,0,,0,003,"PRESTON AV","SOUTHFRONT RD (E)",0.00,,Y,A,-,N,,,,,,,,,,Y,4,0,1,2,A,-,09,21804,A,N,D,C,A,A,H,-,A,D,0,,,,,Y,,A,01,0,0,1,0,0,0,0,0,0,"- ","- ",37.706520080566406,-121.72164154052734,ALAMEDA,LIVERMORE,,
82369499,2022,2024-04-22,0101,2022-01-27,1610,40,103,4,5,5,0101,0,0,0,,0,001,"SINGLETON AV","5TH ST",83.00,W,N,A,-,N,,,,,,,,,,N,4,0,1,3,A,-,01,23152,A,F,A,E,A,A,H,-,A,D,0,,,,,Y,Y,A,01,0,0,1,0,0,0,0,0,0,"- ","- ",,,ALAMEDA,ALAMEDA,-122.28179931640625,37.787033081054688
91721633,2022,2022-03-14,9370,2022-03-06,2500,021930,,7,4,7,0109,0,1,1,,2,177,"I-880 S/B FROM BROADWAY","WEBSTER ST",300.00,S,N,A,-,Y,ALA,,880,,,31.387,H,,L,N,3,0,1,1,A,-,07,21658,A,N,F,A,A,A,H,-,C,D,0,,,Y,,Y,Y,C,02,0,1,0,0,0,0,0,0,1,"- ","- ",37.796890258789062,-122.27163696289062,ALAMEDA,OAKLAND,-122.27151489257812,37.797073364257812
91763078,2022,2022-05-03,9345,2022-04-24,1515,022620,,7,2,5,0112,0,1,1,,2,074,"I-880 SOUTHBOUND","LEWELLING BOULEVARD",220.00,N,N,A,-,Y,ALA,,880,,,20.420,H,,L,Y,3,0,2,2,A,-,01,23152,A,N,C,C,A,A,H,-,A,D,0,,,,,Y,Y,A,07,0,2,0,0,0,0,0,0,0,"- ","- ",37.687389373779297,-122.13362884521484,ALAMEDA,"SAN LEANDRO",-122.13350677490234,37.6875
9714728,2023,2024-07-18,0109,2023-10-16,"811 ",10070,1,1,5,7,0109,0,0,0,,0,19X,EMBARCADERO,"5TH AV",0.00,,Y,A,-,N,,,,,,,,,,N,4,0,1,2,A,-,08,22107,,M,G,B,E,A,C,-,A,D,0,Y,,,,Y,,A,07,0,0,1,0,1,0,0,0,0,"- ","- ",,,ALAMEDA,OAKLAND,,
81706539,2022,2022-02-23,0107,2022-01-23,0942,25,LIVER,7,5,5,0107,0,0,0,,0,001,"PINE ST","RINCON AV",95.00,W,N,A,-,N,,,,,,,,,,N,4,0,1,2,A,-,03,22350,,N,C,D,A,A,H,-,A,D,0,,,,,Y,Y,D,22,0,0,1,0,0,0,0,0,0,"- ","- ",37.688240051269531,-121.78336334228516,ALAMEDA,LIVERMORE,-121.78367614746094,37.688343048095703
81748702,2022,2022-04-15,0105,2022-03-27,1953,13175,529,7,5,6,0105,0,0,0,,0,002,"THORNTON AVE","SAN PEDRO DR",0.00,,Y,C,-,Y,,,,,,,,,,Y,3,0,3,2,A,-,12,21453,A,N,A,C,A,B,H,-,C,A,0,,,,,Y,,A,01,0,1,2,0,0,0,0,0,0,"- ","- ",,,ALAMEDA,FREMONT,-122.02050018310547,37.549522399902344
81782929,2022,2022-05-27,0105,2022-05-18,1550,14177,676,3,5,6,0105,0,0,0,,0,002,"EGGERS DR","GARWAY DR",197.00,W,N,A,-,N,,,,,,,,,,Y,4,0,1,2,A,-,08,22103,,N,D,C,A,A,H,-,A,D,0,,,,,Y,,A,01,0,0,1,0,0,0,0,0,0,"- ","- ",,,ALAMEDA,FREMONT,-121.99799346923828,37.550464630126953
81842127,2022,2022-08-17,0107,2022-08-13,1550,8,LIVER,6,5,5,0107,0,0,0,,0,003,"VASCO RD","WELCH LN",0.00,,Y,A,-,N,,,,,,,,,,Y,4,0,1,1,A,-,08,22107,,N,E,I,A,A,H,-,A,D,0,,,,,Y,,A,01,0,0,1,0,0,0,0,0,0,"- ","- ",37.673839569091797,-121.71907043457031,ALAMEDA,LIVERMORE,-121.71891784667969,37.673892974853516
82040084,2023,2023-04-10,0105,2023-03-31,1907,15893,FREMO,5,5,6,0105,0,0,0,,0,001,"PASEO PADRE PKWY","WALNUT AVE",0.00,,Y,A,-,N,,,,,,,,,,Y,4,0,1,3,A,-,08,22107,,N,B,C,A,A,H,-,A,A,0,,,,,Y,,A,01,0,0,1,0,0,0,0,0,0,"- ","- ",,,ALAMEDA,FREMONT,,
9637027,2023,2023-11-17,0101,2023-09-03,1623,10074,2,7,5,5,0101,0,0,0,,0,34X,"85TH AV","INTERNATIONAL BL",0.00,,Y,A,-,N,,,,,,,,,,N,4,0,1,2,A,-,12,22450,A,N,D,G,A,A,H,-,A,A,0,,Y,,,Y,,A,07,0,0,1,0,0,0,1,0,0,"- ","- ",,,ALAMEDA,ALAMEDA,,
9644396,2023,2023-12-15,0109,2023-10-23,1236,9770,2,1,5,7,0109,0,0,0,,0,,"COOLIDGE AV","DAVIS BL",0.00,,Y,A,-,N,,,,,,,,,,Y,4,0,4,3,C,-,18,,,N,A,C,A,A,H,-,A,A,0,,,,,Y,,-,"- ",0,0,4,0,0,0,0,0,0,"- ","- ",,,ALAMEDA,OAKLAND,,
9647578,2023,2023-12-13,0109,2023-09-03,"410 ",10020,2,7,5,7,0109,0,0,0,,0,31X,"COLISEUM WY","HEGENBERGER RD",0.00,,Y,A,-,N,,,,,,,,,,N,4,0,1,2,D,-,00,,,F,A,C,A,A,H,-,C,A,0,,,,,Y,Y,-,"- ",0,0,1,0,0,0,0,0,0,"- ","- ",,,ALAMEDA,OAKLAND,,
9652102,2023,2024-01-30,0103,2023-12-07,1335,85,32,4,5,6,0103,0,0,0,,0,005,CHANNING,JEFFERSON,0.00,,Y,C,-,N,,,,,,,,,,Y,4,0,2,2,A,-,09,21802,A,N,D,C,A,B,H,-,A,A,0,,,,,Y,,A,01,0,0,2,0,0,0,0,0,0,"- ","- ",37.86444091796875,-122.27796173095703,ALAMEDA,BERKELEY,,
9654223,2023,2024-02-05,0106,2023-12-17,1146,412,,7,5,6,0106,0,0,0,,0,00H,"13TH ST","MONTICELLO ST",0.00,,Y,B,-,N,,,,,,,,,,N,4,0,1,2,A,-,12,22450,,M,D,C,A,B,H,-,A,D,0,,Y,,,Y,,A,07,0,0,1,0,0,0,1,0,0,"- ","- ",37.637290954589844,-122.05577087402344,ALAMEDA,HAYWARD,,
9657317,2023,2024-07-02,0109,2023-12-20,"653 ",9732,1,3,5,7,0109,0,0,0,,0,02Y,"7TH ST EXT","MANDELA PKWY",0.00,,Y,A,C,N,,,,,,,,,,N,4,0,1,2,A,-,12,21453,A,N,D,-,A,B,-,-,A,A,0,,,,Y,Y,,G,25,0,0,1,0,0,0,0,0,0,"- ","- ",,,ALAMEDA,OAKLAND,,
9592550,2023,2023-06-29,0109,2023-05-18,"937 ",8824,1,4,5,7,0109,0,0,0,,0,03X,"9TH ST","HARRISON ST",0.00,,Y,B,-,N,,,,,,,,,,N,4,0,1,2,A,-,12,21453,A,M,D,C,A,A,H,-,A,A,0,,,,,Y,,A,01,0,0,1,0,0,0,0,0,0,"- ","- ",,,ALAMEDA,OAKLAND,,
9594609,2023,2023-06-29,0113,2023-04-08,2014,5199,R108,6,5,5,0113,0,0,0,,0,004,"ALVARADO NILES RD","MONTERRA TERR",0.00,,Y,A,-,N,,,,,,,,,,Y,4,0,1,2,A,-,09,21453,C,F,A,C,A,A,H,-,C,A,0,,,,,Y,Y,A,01,0,0,1,0,0,0,0,0,0,"- ","- ",,,ALAMEDA,"UNION CITY",,
9594797,2023,2023-07-11,0103,2023-05-09,1930,75,,2,5,6,0103,0,0,0,,0,009,"ADELINE AV","HARMON AV",0.00,,Y,A,-,N,,,,,,,,,,Y,3,0,2,2,A,-,03,22350,,N,C,C,A,A,H,-,A,A,0,,,,,Y,,A,08,0,2,0,0,0,0,0,0,0,"- ","- ",,,ALAMEDA,BERKELEY,,
9608425,2023,2023-08-15,0109,2023-07-03,1600,8811,2,1,5,7,0109,0,0,0,,0,30X,"73RD AV","WELD ST",0.00,,Y,A,-,N,,,,,,,,,,N,4,0,1,2,A,-,09,21801,A,M,D,C,A,A,H,-,A,A,0,,,,,Y,,A,01,0,0,1,0,0,0,0,0,0,"- ","- ",,,ALAMEDA,OAKLAND,,
9629370,2023,2023-10-20,0103,2023-08-23,1540,108,,3,5,6,0103,0,0,0,,0,005,KITTREDGE,MILVIA,0.00,,Y,A,-,N,,,,,,,,,,N,3,0,1,2,A,-,12,22450,A,N,D,G,A,-,H,-,A,D,0,,Y,,,Y,,L,04,0,1,0,0,0,0,1,0,0,"- ","- ",37.868160247802734,-122.27034759521484,ALAMEDA,BERKELEY,,
9630928,2023,2023-11-09,0111,2023-10-22,1051,332,,7,5,5,0111,0,0,0,,0,005,"BERNAL AV","1ST ST",588.00,E,N,A,-,N,,,,,,,,,,N,3,0,1,1,A,-,03,22350,1,F,E,J,A,A,H,-,A,A,0,,Y,,,Y,,L,04,0,1,0,0,0,0,1,0,0,NO,NO,,,ALAMEDA,PLEASANTON,-121.87582397460938,37.655364990234375
9519154,2022,2023-02-02,0103,2022-12-12,0105,111,,1,5,6,0103,0,0,0,,0,010,WARD,"MARTIN LUTHER KING JR",0.00,,Y,A,-,N,,,,,,,,,,N,3,0,1,2,A,-,09,21802,A,N,D,G,A,A,G,-,A,A,0,,Y,,,Y,,L,04,0,1,0,0,0,0,1,0,0,"- ","- ",37.858860015869141,-122.27159881591797,ALAMEDA,BERKELEY,-122.27162933349609,37.858840942382812
9530293,2022,2022-11-29,0103,2022-10-07,1543,104,31,5,5,6,0103,0,0,0,,0,012,UNIVERSITY,ACTON,0.00,,Y,A,-,N,,,,,,,,,,N,2,0,1,2,A,-,12,21453,A,N,D,C,A,A,H,-,A,A,0,,,Y,,Y,,C,03,1,0,0,0,0,0,0,0,1,"- ","- ",37.870109558105469,-122.28424835205078,ALAMEDA,BERKELEY,-122.28426361083984,37.870182037353516
9536239,2022,2022-12-27,0103,2022-11-10,2154,12,,4,5,6,0103,0,0,0,,0,005,SHATTUCK,DERBY,0.00,,Y,A,-,N,,,,,,,,,,N,3,0,1,2,A,-,10,21950,A,N,G,B,B,A,H,-,C,D,0,Y,,,,Y,,A,01,0,1,0,0,1,0,0,0,0,"- ","- ",37.860569000244141,-122.26744079589844,ALAMEDA,BERKELEY,-122.26712036132812,37.860336303710938
9537406,2022,2023-01-11,0103,2022-11-03,0928,87,16,4,5,6,0103,0,0,0,,0,002,EUNICE,EUCLID,0.00,,Y,A,-,N,,,,,,,,,,N,3,0,1,2,A,-,08,22107,,N,B,B,B,A,H,-,A,A,0,Y,,,,Y,,A,01,0,1,0,0,1,0,0,0,0,"- ","- ",37.886650085449219,-122.26235198974609,ALAMEDA,BERKELEY,-122.26235961914062,37.886562347412109
9586652,2022,2023-06-16,0109,2022-10-13,1528,9909,1,4,5,7,0109,0,0,0,,0,09X,"LINDA AV","PIEDMONT AV",0.00,,Y,A,-,N,,,,,,,,,,N,4,0,3,4,A,-,05,21651,B,N,A,-,A,A,H,-,A,A,0,,Y,,,Y,,A,01,0,0,3,0,0,0,1,0,0,"- ","- ",,,ALAMEDA,OAKLAND,-122.25121307373047,37.827342987060547
9589163,2023,2023-06-12,0100,2023-05-13,"48  ",2298,DUBLI,6,5,4,0198,0,0,0,,0,072,"AMADOR VALLEY BL","VILLAGE PW",0.00,,Y,A,-,N,,,,,,,,,,Y,3,0,1,1,A,-,01,23152,A,N,E,I,A,A,H,-,C,A,0,,,,,Y,Y,A,01,0,1,0,0,0,0,0,0,0,"- ","- ",,,ALAMEDA,DUBLIN,,
9474443,2022,2022-07-06,0106,2022-05-22,1728,369,,7,5,6,0106,0,0,0,,0,00D,"WEST WINTON AV","AMADOR ST",0.00,,Y,A,-,N,,,,,,,,,,N,2,0,1,2,A,-,12,21453,A,N,H,G,A,A,H,-,A,B,0,,Y,,,Y,,L,04,1,0,0,0,0,0,1,0,0,"- ","- ",37.659000396728516,-122.0947265625,ALAMEDA,HAYWARD,-122.09471893310547,37.65899658203125
9479027,2022,2022-08-17,0112,2022-07-19,1708,309,,2,5,5,0112,0,0,0,,0,006,"LEWELLING BL","SUNNYHAVEN ST",0.00,,Y,A,-,N,,,,,,,,,,Y,4,0,1,2,A,-,09,21804,A,N,D,C,A,-,H,-,A,D,0,,,,,Y,,-,,0,0,1,0,0,0,0,0,0,"- ","- ",,,ALAMEDA,"SAN LEANDRO",-122.15492248535156,37.680049896240234
9490962,2022,2022-09-01,0109,2022-07-15,1550,9169,1,5,5,7,0109,0,0,0,,0,10X,"ARLINGTON AV","MARKET ST",0.00,,Y,A,-,N,,,,,,,,,,N,4,0,1,2,A,-,09,21802,A,N,D,C,A,A,H,-,A,A,0,,,,,Y,,A,07,0,0,1,0,0,0,0,0,0,"- ","- ",,,ALAMEDA,OAKLAND,-122.27468109130859,37.842308044433594
9501910,2022,2022-10-24,0103,2022-08-30,1826,83,23,2,5,6,0103,0,0,0,,0,004,UNIVERSITY,GRANT,0.00,,Y,A,-,N,,,,,,,,,,N,3,0,1,2,A,-,10,21950,A,N,A,B,B,A,H,-,A,D,0,Y,,,,Y,,A,01,0,1,0,0,1,0,0,0,0,"- ","- ",37.871261596679688,-122.27523803710938,ALAMEDA,BERKELEY,-122.27527618408203,37.871334075927734