CASE_ID,ACCIDENT_YEAR,PROC_DATE,JURIS,COLLISION_DATE,COLLISION_TIME,OFFICER_ID,REPORTING_DISTRICT,DAY_OF_WEEK,CHP_SHIFT,POPULATION,CNTY_CITY_LOC,SPECIAL_COND,BEAT_TYPE,CHP_BEAT_TYPE,CITY_DIVISION_LAPD,CHP_BEAT_CLASS,BEAT_NUMBER,PRIMARY_RD,SECONDARY_RD,DISTANCE,DIRECTION,INTERSECTION,WEATHER_1,WEATHER_2,STATE_HWY_IND,CALTRANS_COUNTY,CALTRANS_DISTRICT,STATE_ROUTE,ROUTE_SUFFIX,POSTMILE_PREFIX,POSTMILE,LOCATION_TYPE,RAMP_INTERSECTION,SIDE_OF_HWY,TOW_AWAY,COLLISION_SEVERITY,NUMBER_KILLED,NUMBER_INJURED,PARTY_COUNT,PRIMARY_COLL_FACTOR,PCF_CODE_OF_VIOL,PCF_VIOL_CATEGORY,PCF_VIOLATION,PCF_VIOL_SUBSECTION,HIT_AND_RUN,TYPE_OF_COLLISION,MVIW,PED_ACTION,ROAD_SURFACE,ROAD_COND_1,ROAD_COND_2,LIGHTING,CONTROL_DEVICE,CHP_ROAD_TYPE,PEDESTRIAN_ACCIDENT,BICYCLE_ACCIDENT,MOTORCYCLE_ACCIDENT,TRUCK_ACCIDENT,NOT_PRIVATE_PROPERTY,ALCOHOL_INVOLVED,STWD_VEHTYPE_AT_FAULT,CHP_VEHTYPE_AT_FAULT,COUNT_SEVERE_INJ,COUNT_VISIBLE_INJ,COUNT_COMPLAINT_PAIN,COUNT_PED_KILLED,COUNT_PED_INJURED,COUNT_BICYCLIST_KILLED,COUNT_BICYCLIST_INJURED,COUNT_MC_KILLED,COUNT_MC_INJURED,PRIMARY_RAMP,SECONDARY_RAMP,LATITUDE,LONGITUDE,COUNTY,CITY,POINT_X,POINT_Y
91907295,2022,2022-11-02,9345,2022-10-23,0325,022943,,7,3,9,0100,0,1,1,,2,238,"I-238 NORTHBOUND","E14TH STREET",1162.00,N,N,A,-,Y,ALA,,238,,,15.160,H,,R,N,2,0,1,2,A,-,21,22106,,N,C,C,A,A,H,-,C,D,0,,,,Y,Y,,A,01,1,0,0,0,0,0,0,0,0,"- ","- ",37.688838958740234,-122.11007690429688,ALAMEDA,UNINCORPORATED,-122.11007690429688,37.688804626464844
91908788,2022,2022-11-03,9390,2022-10-27,0550,021817,,4,3,9,0100,0,2,4,,2,441,"TESLA ROAD (15500 BLOCK)","COLEMAN ROAD",528.00,E,N,B,-,N,,,,,,,,,,N,3,0,1,1,A,-,08,22107,,N,E,I,A,A,H,-,D,A,0,,,,,Y,,D,22,0,1,0,0,0,0,0,0,0,"- ","- ",37.6497802734375,-121.60037994384766,ALAMEDA,UNINCORPORATED,-121.62191009521484,37.646682739257812
91908810,2022,2022-11-03,9390,2022-10-27,0950,017095,,4,1,9,0100,0,1,3,,2,330,"SR-84 W/B","VALLECITOS ROAD",5.00,W,N,A,-,Y,ALA,,84,,,19.919,H,,L,Y,4,0,1,4,A,-,03,22350,,N,C,C,A,A,D,-,A,D,0,,,,Y,Y,,F,26,0,0,1,0,0,0,0,0,0,"- ","- ",37.603321075439453,-121.84410858154297,ALAMEDA,UNINCORPORATED,-121.84406280517578,37.603229522705078
91912493,2022,2022-11-08,9390,2022-10-31,0615,022302,,1,1,9,0100,0,3,5,,2,500,"GRANT LINE ROAD","ALTAMONT PASS ROAD",1000.00,E,N,A,-,N,,,,,,,,,,N,4,0,1,2,A,-,03,22350,,N,C,C,A,A,H,-,D,D,0,,,,,Y,,A,08,0,0,1,0,0,0,0,0,0,"- ","- ",38.234901428222656,-122.08380126953125,ALAMEDA,UNINCORPORATED,-121.58152770996094,37.74786376953125
91912580,2022,2022-11-08,9390,2022-10-31,1530,022149,,1,2,5,0111,0,1,1,,2,051,"I-580 EASTBOUND","HOPYARD ROAD",1600.00,E,N,A,-,Y,ALA,,580,,,19.521,H,,L,Y,3,0,2,3,A,-,03,22350,,N,C,2,A,A,H,-,A,D,0,,,,,Y,,A,01,0,1,1,0,0,0,0,0,0,"- ","- ",37.701541900634766,-121.90072631835938,ALAMEDA,PLEASANTON,-121.90073394775391,37.701473236083984
91912664,2022,2022-11-08,9375,2022-10-30,1326,022955,,7,1,9,0100,0,2,4,,1,022,"MEEKLAND AVE","HAMPTON RD",300.00,S,N,A,-,N,,,,,,,,,,N,3,0,1,3,A,-,03,22350,,N,C,C,A,A,H,-,A,A,0,,,,,Y,,A,01,0,1,0,0,0,0,0,0,0,"- ","- ",37.682838439941406,-122.11551666259766,ALAMEDA,UNINCORPORATED,-122.11559295654297,37.682933807373047
91912706,2022,2022-11-08,9375,2022-11-03,1145,018844,,4,1,9,0100,0,2,4,,1,048,"PALOMARES ROAD","SR-84 (NILES CANYON ROAD)",8606.00,N,N,A,-,N,,,,,,,,,,N,3,0,1,1,A,-,08,22107,,N,E,I,A,A,H,-,A,D,0,,,,,Y,,A,01,0,1,0,0,0,0,0,0,0,"- ","- ",37.614879608154297,-121.94368743896484,ALAMEDA,UNINCORPORATED,-121.94449615478516,37.615615844726562
91916827,2022,2022-11-14,9345,2022-11-08,0455,022620,,2,3,6,0105,0,1,1,,2,072,"I-880 NORTHBOUND","ALVARADO BOULEVARD",1637.00,N,N,C,-,Y,ALA,,880,,,11.817,H,,R,N,3,0,2,1,A,-,03,22350,,N,E,I,A,B,H,-,C,D,0,,,,,Y,,A,07,0,2,0,0,0,0,0,0,0,"- ","- ",37.583271026611328,-122.05007171630859,ALAMEDA,FREMONT,-122.04999542236328,37.583293914794922
91918395,2022,2022-11-15,9370,2022-11-03,1640,022991,,4,2,7,0109,0,1,1,,2,053,"I-580 E/B","DAVENPORT AVE",500.00,W,N,A,-,Y,ALA,,580,,R,39.657,H,,R,N,3,0,2,2,A,-,03,22350,,N,C,C,A,A,H,-,A,D,0,,,,,Y,,A,01,0,2,0,0,0,0,0,0,0,"- ","- ",37.784061431884766,-122.18578338623047,ALAMEDA,OAKLAND,-122.18577575683594,37.784225463867188
91918676,2022,2022-11-15,9375,2022-11-14,0925,015147,,1,1,9,0100,0,3,5,,2,002,"168TH AVE.","SR 185",254.00,E,N,A,-,N,,,,,,,,,,N,3,0,1,2,A,-,09,21804,A,N,D,C,A,A,H,-,A,D,0,,,,,Y,,A,01,0,1,0,0,0,0,0,0,0,"- ","- ",37.691970825195312,-122.10810089111328,ALAMEDA,UNINCORPORATED,-122.10816192626953,37.691883087158203
91920208,2022,2022-11-17,9335,2022-06-26,2100,022667,,7,2,7,0109,0,1,1,,2,084,"I-80 E/B","CALTRANS WEST PARKING LOT PHYSICAL GORE POINT",2320.00,W,N,A,-,Y,ALA,,80,,R,1.311,H,,R,Y,1,1,2,2,A,-,01,23152,A,N,B,2,A,A,H,-,B,D,0,,,,,Y,Y,D,22,0,0,2,0,0,0,0,0,0,"- ","- ",37.821891784667969,-122.32588195800781,ALAMEDA,OAKLAND,-122.32589721679688,37.822013854980469
91923932,2022,2022-11-22,9390,2022-11-11,0600,022149,,5,1,9,0100,0,1,1,,2,053,"I-580 EASTBOUND","N. FLYNN ROAD",3200.00,W,N,A,-,Y,ALA,,580,,R,6.749,H,,R,Y,2,0,1,1,A,-,08,22107,,N,E,I,A,A,H,-,C,A,0,,,,,Y,Y,-,"- ",1,0,0,0,0,0,0,0,0,"- ","- ",37.720420837402344,-121.67349243164062,ALAMEDA,UNINCORPORATED,-121.67340087890625,37.720504760742188
91925302,2022,2022-11-23,9345,2022-11-21,0630,019841,,1,1,6,0105,0,1,1,,2,070,"I-880 N/B","STEVENSON BOULEVARD",2640.00,S,N,B,-,Y,ALA,,880,,,5.307,H,,R,Y,4,0,2,2,A,-,03,22350,,N,C,C,A,A,H,-,A,D,0,,,,,Y,,A,01,0,0,2,0,0,0,0,0,0,"- ","- ",37.513618469238281,-121.97487640380859,ALAMEDA,FREMONT,-121.97490692138672,37.513599395751953
91925446,2022,2022-11-23,9370,2022-10-26,0930,022430,,3,1,3,0102,0,1,1,,2,081,"INTERSTATE 80 WESTBOUND","CENTRAL AVENUE",310.00,W,N,A,-,Y,CC,,80,,,0.046,H,,L,N,4,0,1,3,A,-,03,22350,,N,C,C,A,A,H,-,A,A,0,,,,,Y,,A,01,0,0,1,0,0,0,0,0,0,"- ","- ",37.898521423339844,-122.30959320068359,ALAMEDA,ALBANY,-122.30959320068359,37.898521423339844
91927070,2022,2022-11-28,9370,2022-10-18,0240,022990,,2,3,6,0103,0,1,1,,2,081,"I-80 E/B","BUCHANAN STREET",1160.00,W,N,A,-,Y,ALA,,80,,R,7.066,H,,R,Y,2,0,1,1,A,-,08,22107,,N,B,J,A,A,H,-,C,D,0,,,,,Y,,A,01,1,0,0,0,0,0,0,0,0,"- ","- ",37.884059906005859,-122.30860137939453,ALAMEDA,BERKELEY,-122.30850982666016,37.884071350097656
91927569,2022,2022-11-28,9370,2022-10-28,1255,022800,,5,1,2,0104,0,1,1,,2,080,"I-80 W/B","ASHBY AVE",17.00,W,N,A,-,Y,ALA,,80,,,4.444,H,,L,N,3,0,1,2,A,-,07,21658,A,F,B,C,A,A,H,-,A,D,0,,,Y,,Y,,-,99,0,1,0,0,0,0,0,0,1,"- ","- ",37.847061157226562,-122.29853057861328,ALAMEDA,EMERYVILLE,-122.298583984375,37.847053527832031
91927630,2022,2022-11-28,9390,2022-11-16,1530,021649,,3,2,9,0100,0,3,5,,2,200,"MISSION ROAD","VARGAS ROAD",1728.00,W,N,A,-,N,,,,,,,,,,N,4,0,1,2,A,-,05,21460,A,N,C,C,A,A,H,-,A,D,0,,,,,Y,,A,07,0,0,1,0,0,0,0,0,0,"- ","- ",37.567531585693359,-121.89907073974609,ALAMEDA,UNINCORPORATED,,
91933958,2022,2022-12-05,9370,2022-11-19,1225,022964,,6,1,7,0109,0,1,3,,2,025,"SR-24 W/B TO I-580 W/B","MARKET STREET",135.00,E,N,A,-,Y,ALA,,580,,,45.538,H,,R,N,4,0,3,3,A,-,03,22350,,N,C,C,A,A,H,-,A,D,0,,,,,Y,,A,01,0,0,3,0,0,0,0,0,0,"- ","- ",37.826000213623047,-122.27454376220703,ALAMEDA,OAKLAND,-122.27458953857422,37.825862884521484
91934965,2022,2022-12-06,9345,2022-12-02,0705,022871,,5,1,6,0105,0,1,1,,2,071,"I-880 SOUTHBOUND (NIMITZ FREEWAY)","THORNTON AVE",600.00,S,N,A,-,Y,ALA,,880,,,8.730,H,,L,N,4,0,1,3,A,-,03,22350,,N,C,C,A,A,H,-,A,D,0,,,,,Y,,E,22,0,0,1,0,0,0,0,0,0,"- ","- ",37.545131683349609,-122.02184295654297,ALAMEDA,FREMONT,-122.02190399169922,37.545101165771484
91940224,2022,2022-12-12,9390,2022-12-05,0745,019865,,1,1,9,0100,0,1,1,,2,054,"I-580 W/B","GRANT LINE RD.",5280.00,W,N,B,-,Y,ALA,,580,,R,2.617,H,,R,Y,4,0,1,2,A,-,03,22350,,F,C,C,A,A,H,-,A,D,0,,,,,Y,,A,01,0,0,1,0,0,0,0,0,0,"- ","- ",37.738071441650391,-121.60617828369141,ALAMEDA,UNINCORPORATED,-121.60618591308594,37.738105773925781
91942632,2022,2022-12-14,9375,2022-12-12,1350,022213,,1,1,9,0100,0,2,4,,1,031,"CASTRO VALLEY BLVD","LAKE CHABOT RD",30.00,W,N,B,-,N,,,,,,,,,,N,4,0,1,2,A,-,03,22350,,N,C,C,A,A,H,-,A,A,0,,,,,Y,,A,01,0,0,1,0,0,0,0,0,0,"- ","- ",37.694141387939453,-122.0867919921875,ALAMEDA,UNINCORPORATED,-122.08664703369141,37.694229125976562
91943404,2022,2022-12-15,9370,2022-12-08,1604,023074,,4,2,7,0109,0,1,1,,2,178,"I-880 N/B TO 7TH STREET","7TH STREET",115.00,S,N,B,C,Y,ALA,,880,,R,33.478,H,,R,Y,4,0,1,1,A,-,08,22107,,N,E,I,A,B,H,-,A,D,0,,,,,Y,,A,07,0,0,1,0,0,0,0,0,0,"- ","- ",37.807308197021484,-122.30413818359375,ALAMEDA,OAKLAND,-122.30438232421875,37.807266235351562
91944173,2022,2024-06-05,9345,2022-08-05,0950,022144,,5,1,6,0106,0,1,3,,2,092,"SR-92 EASTBOUND TO I-880 NORTHBOUND",I-880,270.00,W,N,A,-,Y,,,,,,,,,,N,1,1,4,5,A,-,01,23152,A,N,C,C,A,A,H,-,A,D,0,,,,,Y,Y,A,01,0,3,1,0,0,0,0,0,0,"- ","- ",37.642910003662109,-122.09388732910156,ALAMEDA,HAYWARD,-122.09388732910156,37.642910003662109
91944585,2022,2022-12-16,9390,2022-12-10,2250,022215,,6,3,9,0100,0,2,4,,2,556,"WEST GRANT LINE RD","MIDWAY RD",1056.00,S,N,B,C,N,,,,,,,,,,Y,4,0,1,1,A,-,03,22350,,N,E,I,A,B,H,-,D,D,0,,,,,Y,,A,01,0,0,1,0,0,0,0,0,0,"- ","- ",37.748851776123047,-121.57991027832031,ALAMEDA,UNINCORPORATED,-121.57950592041016,37.749198913574219
91947404,2022,2022-12-20,9370,2022-12-13,1100,018499,,2,1,2,0104,0,1,1,,2,080,"I-80 W/B","ASHBY AVE",925.00,W,N,A,-,Y,ALA,,80,,,4.269,H,,L,Y,2,0,3,3,A,-,03,22350,,N,C,C,A,A,H,-,A,D,0,,,,,Y,,A,01,1,0,2,0,0,0,0,0,0,"- ","- ",37.844608306884766,-122.29801177978516,ALAMEDA,EMERYVILLE,-122.29802703857422,37.844608306884766
91948374,2022,2022-12-21,9370,2022-12-03,0105,022529,,6,3,7,0109,0,1,1,,2,177,"I-880 S/B TO 23RD AVENUE","23RD AVENUE",965.00,N,N,B,-,Y,ALA,,880,,,29.164,H,,L,N,2,0,1,2,A,-,01,23152,A,N,D,C,A,A,H,-,C,D,0,,,,,Y,Y,A,07,1,0,0,0,0,0,0,0,0,"- ","- ",37.780258178710938,-122.23860931396484,ALAMEDA,OAKLAND,-122.23846435546875,37.780292510986328
91948894,2022,2022-12-22,9370,2022-12-12,0100,022919,,1,3,7,0109,0,1,3,,2,013,"SR-13 N/B","PARK BLVD",420.00,S,N,B,C,Y,ALA,,13,,,7.311,H,,R,Y,4,0,1,1,C,-,18,,,N,E,J,A,B,H,-,D,D,0,,,,,Y,,-,"- ",0,0,1,0,0,0,0,0,0,"- ","- ",37.820659637451172,-122.20635223388672,ALAMEDA,OAKLAND,-122.20633697509766,37.820667266845703
91949216,2022,2022-12-22,9370,2022-11-18,2225,022859,,5,3,7,0109,0,1,3,,2,013,"SR-13 S/B TO REDWOOD ROAD","REDWOOD RD",285.00,W,N,A,-,Y,ALA,,13,,,5.467,H,,L,Y,3,0,1,1,A,-,01,23152,A,N,E,I,A,A,H,-,A,D,0,,,,,Y,Y,A,01,0,1,0,0,0,0,0,0,0,"- ","- ",37.799339294433594,-122.18643188476562,ALAMEDA,OAKLAND,-122.18628692626953,37.799434661865234
91949311,2022,2022-12-22,9370,2022-09-10,1819,022990,,6,2,7,0109,0,1,3,,2,024,"SR-24 W/B TO SR-13 S/B","SR-13 S/B",2227.00,S,N,A,-,Y,,,,,,,,,,Y,2,0,1,1,A,-,03,22350,,F,E,I,A,A,H,-,A,D,0,,,,,Y,,A,01,1,0,0,0,0,0,0,0,0,"- ","- ",37.849590301513672,-122.23201751708984,ALAMEDA,OAKLAND,-122.23201751708984,37.849590301513672
91951091,2022,2022-12-23,9375,2022-12-11,0940,022955,,7,1,9,0100,0,2,4,,1,020,"LEWELLING BLVD","HESPERIAN BLVD",40.00,E,N,B,-,N,,,,,,,,,,N,4,0,1,2,A,-,03,22350,,M,C,C,A,B,H,-,A,A,0,,,,,Y,Y,A,01,0,0,1,0,0,0,0,0,0,"- ","- ",37.686740875244141,-122.12970733642578,ALAMEDA,UNINCORPORATED,-122.12998962402344,37.6866455078125
91951245,2022,2022-12-23,9345,2022-12-17,1415,022977,,6,2,6,0105,0,1,1,,2,071,"I-880 NORTHBOUND NIMITZ (NIMITZ FREEWAY)","CENTRAL AVE",10.00,S,N,A,-,Y,ALA,,880,,,8.235,H,,R,N,4,0,2,2,A,-,03,22350,,N,C,C,A,A,H,-,A,D,0,,,,,Y,,A,07,0,0,2,0,0,0,0,0,0,"- ","- ",37.539230346679688,-122.01718139648438,ALAMEDA,FREMONT,-122.01708984375,37.539276123046875
91951326,2022,2022-12-23,9370,2022-12-20,1830,022358,,2,2,7,0109,0,1,1,,2,177,"I-880 N/B","5TH AVE",1200.00,S,N,A,-,Y,ALA,,880,,,30.304,H,,R,N,4,0,1,2,A,-,03,22350,,N,C,C,A,A,H,-,C,D,0,,,,,Y,,A,08,0,0,1,0,0,0,0,0,0,"- ","- ",37.789478302001953,-122.255126953125,ALAMEDA,OAKLAND,-122.255126953125,37.789497375488281
91952829,2022,2022-12-27,9390,2022-12-18,1720,021649,,7,2,9,0100,0,1,1,,2,065,"I-680 S/B","CALAVERAS ROAD",194.00,S,N,A,-,Y,ALA,,680,,R,11.002,H,,L,N,4,0,1,2,A,-,03,22350,,N,C,C,A,A,H,-,C,D,0,,,,,Y,,A,01,0,0,1,0,0,0,0,0,0,"- ","- ",37.588420867919922,-121.87130737304688,ALAMEDA,UNINCORPORATED,-121.87123107910156,37.588394165039062
91954133,2022,2022-12-28,9370,2022-12-17,1550,022748,,6,2,3,0102,0,1,1,,2,081,"I-80 E/B","CENTRAL AVENUE",1300.00,W,N,A,-,Y,ALA,,80,,,7.916,H,,R,Y,4,0,1,3,A,-,03,22350,,N,C,C,A,A,H,-,A,A,0,,,,,Y,,A,07,0,0,1,0,0,0,0,0,0,"- ","- ",37.896209716796875,-122.30840301513672,ALAMEDA,ALBANY,-122.3084716796875,37.896194458007812
91955750,2022,2022-12-29,9370,2022-12-16,1740,022980,,5,2,7,0109,0,1,1,,2,053,"I-580 WESTBOUND","EDWARDS AVENUE",300.00,W,N,A,-,Y,ALA,,580,,R,38.380,H,,L,Y,3,0,1,3,A,-,03,22350,,N,C,C,A,A,H,-,B,D,0,,,,,Y,,A,01,0,1,0,0,0,0,0,0,0,"- ","- ",37.776920318603516,-122.16500091552734,ALAMEDA,OAKLAND,-122.16513061523438,37.7767333984375
91956336,2022,2022-12-30,9375,2022-12-24,1840,023018,,6,2,9,0100,0,3,5,,2,002,"BLOSSOM AVE","HATHAWAY AVE",0.00,,Y,A,-,N,,,,,,,,,,N,4,0,1,2,A,-,12,22450,A,N,D,G,A,A,H,-,C,D,0,,Y,,,Y,,L,04,0,0,1,0,0,0,1,0,0,"- ","- ",37.674560546875,-122.1124267578125,ALAMEDA,UNINCORPORATED,-122.11245727539062,37.674522399902344
91956663,2022,2023-02-07,9390,2022-12-17,1737,022267,,6,2,5,0111,0,1,1,,2,052,"I-580 E/B","EL CHARRO ROAD",450.00,E,N,A,-,Y,ALA,,580,,,16.607,H,,R,Y,4,0,1,2,A,-,07,21658,A,N,B,C,A,A,H,-,C,D,0,,,,,Y,,A,01,0,0,1,0,0,0,0,0,0,"- ","- ",37.701229095458984,-121.84770202636719,ALAMEDA,PLEASANTON,-121.84770202636719,37.701347351074219
91957802,2022,2023-01-02,9390,2022-12-22,0555,020987,,4,3,9,0100,0,1,1,,2,054,"I-580 WESTBOUND","GRANT LINE ROAD",100.00,W,N,A,-,Y,ALA,,580,,R,1.460,H,,R,N,4,0,1,2,A,-,01,23152,A,N,C,C,A,A,H,-,B,D,0,,,,Y,Y,Y,A,01,0,0,1,0,0,0,0,0,0,"- ","- ",37.740730285644531,-121.58515167236328,ALAMEDA,UNINCORPORATED,-121.58513641357422,37.740684509277344
91957825,2022,2023-01-02,9390,2022-12-23,1315,021649,,5,1,9,0100,0,1,1,,2,065,"I-680 N/B","ANDRADE ROAD",1186.00,N,N,A,-,Y,ALA,,680,,R,9.941,H,,R,N,4,0,2,2,B,-,22,,,N,B,C,A,A,H,-,A,D,0,,,,Y,Y,,A,01,0,0,2,0,0,0,0,0,0,"- ","- ",37.575641632080078,-121.88140106201172,ALAMEDA,UNINCORPORATED,-121.88141632080078,37.575679779052734
91959749,2022,2023-01-04,9390,2022-12-27,2140,021478,,2,2,9,0100,0,1,1,,2,054,"I-580 EASTBOUND","GRANT LINE RD.",7920.00,W,N,A,-,Y,ALA,,580,,R,3.048,H,,L,Y,4,0,1,2,A,-,07,21658,A,N,B,2,A,A,H,-,E,D,0,,,,Y,Y,,G,25,0,0,1,0,0,0,0,0,0,"- ","- ",37.734580993652344,-121.61318206787109,ALAMEDA,UNINCORPORATED,-121.61318206787109,37.734584808349609
91960844,2022,2023-01-05,9390,2022-12-26,2204,022482,,1,3,9,0100,0,1,1,,2,053,"I-580 WESTBOUND","GREENVILLE RD.",6336.00,E,N,B,-,Y,ALA,,580,,R,7.156,H,,L,Y,3,0,1,2,A,-,08,22107,,N,B,C,A,B,H,-,D,D,0,,,,,Y,,-,"- ",0,1,0,0,0,0,0,0,0,"- ","- ",37.721931457519531,-121.68049621582031,ALAMEDA,UNINCORPORATED,-121.68051147460938,37.721813201904297
91961584,2022,2023-06-22,9370,2022-12-16,1330,022859,,5,1,6,0106,0,1,S,,2,904,"I-580 W/B","REDWOOD ROAD",2500.00,E,N,A,-,Y,ALA,,580,,R,28.892,H,,R,Y,2,0,1,2,A,-,03,22350,,N,C,C,A,A,H,-,A,D,0,,,,,Y,,A,01,1,0,0,0,0,0,0,0,0,"- ","- ",37.692218780517578,-122.06500244140625,ALAMEDA,HAYWARD,-122.06499481201172,37.692211151123047
91966430,2023,2023-01-12,9370,2023-01-01,1255,022430,,7,1,3,0102,0,1,1,,2,081,"INTERSTATE 80 EASTBOUND","BUCHANAN STREET",1965.00,W,N,A,-,Y,ALA,,80," ",R,6.912,H,,R,N,4,0,1,3,A,-,03,22350,,N,C,C,A,A,H,-,A,A,0,,,,,Y,,A,07,0,0,1,0,0,0,0,0,0,"- ","- ",37.881900787353516,-122.3079833984375,ALAMEDA,ALBANY,-122.30805969238281,37.881889343261719
91966728,2023,2023-01-12,9390,2023-01-04,1925,023198,,3,2,9,0100,0,1,1,,2,050,"I-580 W/B","FOOTHILL ROAD",4337.00,W,N,B,C,Y,ALA,,580," ",R,22.294,H,,R,Y,3,0,1,1,A,-,03,22350,,N,E,I,A,B,H,-,D,D,0,,,,,Y,,A,01,0,1,0,0,0,0,0,0,0,"- ","- ",37.698738098144531,-121.95092010498047,ALAMEDA,UNINCORPORATED,-121.95092010498047,37.698577880859375
91967649,2022,2023-01-13,9375,2022-12-31,0648,023040,,6,1,9,0100,0,1,1,,2,580,"I-580 WESTBOUND","FAIRMONT DR OVERCROSSING",30.00,E,N,B,C,Y,ALA,,580,,R,32.713,H,,L,N,4,0,1,2,A,-,03,22350,,N,C,C,A,B,F,-,A,D,0,,,,,Y,,A,01,0,0,1,0,0,0,0,0,0,"- ","- ",37.708488464355469,-122.12245178222656,ALAMEDA,UNINCORPORATED,-122.12265777587891,37.708328247070312
91969370,2022,2023-01-17,9345,2022-12-31,1530,023015,,6,2,6,0105,0,1,3,,1,184,"SR-84 N/B","ALAMEDA COUNTY LINE",2640.00,N,N,C,-,Y,ALA,,84,,R,0.433,H,,R,Y,3,0,1,1,A,-,08,22107,,N,E,I,A,B,H,-,A,D,0,,,,,Y,,A,01,0,1,0,0,0,0,0,0,0,"- ","- ",37.510818481445312,-122.11155700683594,ALAMEDA,FREMONT,-122.11153411865234,37.51080322265625
91969645,2023,2023-01-17,9345,2023-01-10,"545 ",020911,,2,3,9,0100,0,1,1,,2,238,"I-238 N/B","SR-185 (E 14TH ST)",1742.00,N,N,B,C,Y,ALA,,238," "," ",15.266,H,,R,Y,4,0,1,2,A,-,07,21658,A,F,E,I,A,B,H,-,C,D,0,,,,Y,Y,,-,"- ",0,0,1,0,0,0,0,0,0,"- ","- ",37.688739776611328,-122.112060546875,ALAMEDA,UNINCORPORATED,-122.112060546875,37.688697814941406
91970681,2023,2023-01-18,9390,2023-01-06,1815,020760,,5,2,5,0107,0,1,1,,2,052,"I-580 EASTBOUND","NORTH LIVERMORE AVENUE",2640.00,E,N,A,-,Y,ALA,,580," "," ",12.118,H,,R,N,3,0,2,5,A,-,03,22350,,N,C,C,A,A,H,-,C,D,0,,,,,Y,,A,01,0,1,1,0,0,0,0,0,0,"- ","- ",37.702030181884766,-121.76606750488281,ALAMEDA,LIVERMORE,-121.76613616943359,37.702274322509766
91970686,2023,2023-01-18,9390,2023-01-09,"930 ",021624,,1,1,9,0100,0,1,1,,2,054,"I-580 E/B","N. FLYNN RD",7286.00,E,N,B,C,Y,ALA,,580," ",R,4.555,H,,L,Y,3,0,3,2,A,-,03,22350,,N,C,C,A,B,H,-,A,D,0,,,,,Y,,A,01,0,1,2,0,0,0,0,0,0,"- ","- ",37.726779937744141,-121.63716125488281,ALAMEDA,UNINCORPORATED,-121.63713073730469,37.726734161376953
91972880,2023,2023-01-20,9345,2023-01-14,1900,022811,,6,2,9,0100,0,1,1,,2,238,"I-238 N/B","E 14TH STREET",1426.00,N,N,B,-,Y,ALA,,238," "," ",15.210,H,,R,Y,2,0,1,2,A,-,01,23152,A,N,C,2,A,B,H,-,C,D,0,,,,,Y,Y,A,01,1,0,0,0,0,0,0,0,0,"- ","- ",37.688770294189453,-122.11100769042969,ALAMEDA,UNINCORPORATED,-122.11100769042969,37.688724517822266
91972887,2023,2023-01-20,9345,2023-01-14,1936,022511,,6,2,6,0106,0,1,3,,2,092,"SR-92 W/B","HESPERIAN BLVD.",260.00,W,N,C,-,Y,ALA,,92," ",R,5.701,H,,L,Y,3,0,1,1,A,-,01,23152,A,N,E,I,A,B,H,-,C,D,0,,,,,Y,Y,A,01,0,1,0,0,0,0,0,0,0,"- ","- ",37.636180877685547,-122.10106658935547,ALAMEDA,HAYWARD,-122.10094451904297,37.635982513427734
91974667,2023,2023-01-23,9370,2023-01-10,1512,022487,,2,2,7,0109,0,1,1,,2,098,"I-980 E/B","14TH ST",65.00,E,N,A,-,Y,ALA,,980," "," ",0.739,H,,R,N,3,0,2,1,A,-,08,22107,,N,E,I,A,A,H,-,A,D,0,,,,,Y,,A,01,0,2,0,0,0,0,0,0,0,"- ","- ",37.807388305664062,-122.27761077880859,ALAMEDA,OAKLAND,-122.27751159667969,37.807350158691406
91974740,2023,2023-01-23,9345,2023-01-15,1801,022131,,7,2,6,0105,0,1,1,,2,070,"I-880 NORTHBOUND","AUTOMALL PARKWAY",1584.00,S,N,B,C,Y,ALA,,880," "," ",4.384,H,,R,N,4,0,1,2,A,-,08,22107,,M,B,C,A,B,H,-,C,D,0,,,,,Y,,-,99,0,0,1,0,0,0,0,0,0,"- ","- ",37.504081726074219,-121.96311950683594,ALAMEDA,FREMONT,-121.96311187744141,37.504085540771484
91974805,2023,2023-01-23,9390,2023-01-15,2030,022174,,7,2,9,0100,0,1,1,,2,054,"I-580 E/B","GRANT LINE ROAD",7392.00,W,N,B,C,Y,ALA,,580," ",R,2.955,H,,L,Y,3,0,1,1,A,-,03,22350,,N,E,I,A,B,H,-,D,A,0,,,,,Y,,A,01,0,1,0,0,0,0,0,0,0,"- ","- ",37.734851837158203,-121.61151885986328,ALAMEDA,UNINCORPORATED,-121.61150360107422,37.734764099121094