CASE_ID,ACCIDENT_YEAR,PROC_DATE,JURIS,COLLISION_DATE,COLLISION_TIME,OFFICER_ID,REPORTING_DISTRICT,DAY_OF_WEEK,CHP_SHIFT,POPULATION,CNTY_CITY_LOC,SPECIAL_COND,BEAT_TYPE,CHP_BEAT_TYPE,CITY_DIVISION_LAPD,CHP_BEAT_CLASS,BEAT_NUMBER,PRIMARY_RD,SECONDARY_RD,DISTANCE,DIRECTION,INTERSECTION,WEATHER_1,WEATHER_2,STATE_HWY_IND,CALTRANS_COUNTY,CALTRANS_DISTRICT,STATE_ROUTE,ROUTE_SUFFIX,POSTMILE_PREFIX,POSTMILE,LOCATION_TYPE,RAMP_INTERSECTION,SIDE_OF_HWY,TOW_AWAY,COLLISION_SEVERITY,NUMBER_KILLED,NUMBER_INJURED,PARTY_COUNT,PRIMARY_COLL_FACTOR,PCF_CODE_OF_VIOL,PCF_VIOL_CATEGORY,PCF_VIOLATION,PCF_VIOL_SUBSECTION,HIT_AND_RUN,TYPE_OF_COLLISION,MVIW,PED_ACTION,ROAD_SURFACE,ROAD_COND_1,ROAD_COND_2,LIGHTING,CONTROL_DEVICE,CHP_ROAD_TYPE,PEDESTRIAN_ACCIDENT,BICYCLE_ACCIDENT,MOTORCYCLE_ACCIDENT,TRUCK_ACCIDENT,NOT_PRIVATE_PROPERTY,ALCOHOL_INVOLVED,STWD_VEHTYPE_AT_FAULT,CHP_VEHTYPE_AT_FAULT,COUNT_SEVERE_INJ,COUNT_VISIBLE_INJ,COUNT_COMPLAINT_PAIN,COUNT_PED_KILLED,COUNT_PED_INJURED,COUNT_BICYCLIST_KILLED,COUNT_BICYCLIST_INJURED,COUNT_MC_KILLED,COUNT_MC_INJURED,PRIMARY_RAMP,SECONDARY_RAMP,LATITUDE,LONGITUDE,COUNTY,CITY,POINT_X,POINT_Y
92082249,2023,2023-05-31,9345,2023-05-23,"920 ",019329,,2,1,9,0100,0,1,S,,2,580,"I-580 E/B","167TH AVE",150.00,W,N,A,-,Y,ALA,,580," ",R,31.329,H,,L,N,4,0,1,2,A,-,03,22350,,N,C,C,A,A,H,-,A,D,0,,,,,Y,,A,01,0,0,1,0,0,0,0,0,0,"- ","- ",37.695091247558594,-122.10434722900391,ALAMEDA,UNINCORPORATED,-122.10421752929688,37.695167541503906
92082564,2023,2023-05-31,9345,2023-05-24,1555,022470,,3,2,9,0100,0,2,S,,2,010,"BOCKMAN ROAD","VIA MEDIA",210.00,E,N,A,-,N,,,,,,,,,,Y,4,0,3,2,A,-,03,22350,,N,C,C,A,A,H,-,A,D,0,,,,,Y,,A,01,0,0,3,0,0,0,0,0,0,"- ","- ",37.67095947265625,-122.12743377685547,ALAMEDA,UNINCORPORATED,-122.12745666503906,37.670928955078125
92083441,2023,2023-06-01,9390,2023-05-24,2055,019612,,3,2,5,0107,0,1,1,,2,052,"I-580 EASTBOUND","AIRWAY BLVD.",800.00,W,N,A,-,Y,ALA,,580," "," ",15.117,H,,R,Y,4,0,1,2,A,-,07,21658,A,N,B,C,A,A,H,-,D,D,0,,,,Y,Y,,A,01,0,0,1,0,0,0,0,0,0,"- ","- ",37.701000213623047,-121.82041168212891,ALAMEDA,LIVERMORE,-121.82041168212891,37.701145172119141
92084557,2023,2023-06-02,9390,2023-05-29,"643 ",016633,,1,1,9,0100,0,1,1,,2,050,I-580,"EDEN CANYON RD",5079.00,E,N,A,-,Y,ALA,,580," ",R,25.272,H,,R,Y,3,0,1,2,A,-,03,22350,,N,C,C,A,A,H,-,A,D,0,,,,Y,Y,,A,01,0,1,0,0,0,0,0,0,0,"- ","- ",37.703701019287109,-122.00382995605469,ALAMEDA,UNINCORPORATED,-122.00382995605469,37.703662872314453
92084926,2023,2023-06-02,9335,2023-06-01,1155,018399,,4,1,7,0109,0,1,1,,1,082,"I-80 W/B","SFOBB METERING LIGHTS LIMIT LINE",15.00,E,N,A,-,Y,ALA,,80," "," ",1.811,H,,L,N,4,0,1,2,A,-,03,22350,,N,C,C,A,A,H,-,A,A,0,,,,,Y,,A,07,0,0,1,0,0,0,0,0,0,"- ","- ",37.824081420898438,-122.3170166015625,ALAMEDA,OAKLAND,-122.31706237792969,37.824207305908203
92085445,2023,2023-06-05,9370,2023-05-23,1730,021800,,2,2,7,0109,0,1,1,,2,054,"I-580 EASTBOUND","13TH AVENUE",545.00,W,N,A,-,Y,ALA,,580," ",R,42.473,H,,R,N,4,0,3,3,A,-,03,22350,,N,C,C,A,A,H,-,A,D,0,,,,,Y,,A,01,0,0,3,0,0,0,0,0,0,"- ","- ",37.803550720214844,-122.23274230957031,ALAMEDA,OAKLAND,-122.23252868652344,37.803718566894531
92086981,2023,2023-06-06,9345,2023-06-05,"520 ",020911,,1,3,9,0100,0,2,S,,2,185,"SR-185 (MISSION BOULEVARD)","BLOSSOM WAY",85.00,N,N,A,-,N,,,,,,,,,,N,4,0,1,2,A,-,08,22107,,N,D,C,A,A,H,-,A,D,0,,,,,Y,,D,22,0,0,1,0,0,0,0,0,0,"- ","- ",37.681999206542969,-122.09602355957031,ALAMEDA,UNINCORPORATED,-122.09603118896484,37.681983947753906
92088505,2023,2023-06-07,9390,2023-06-01,1757,021649,,4,2,9,0100,0,1,1,,2,065,"I-680 N/B","VARGAS ROAD",977.00,S,N,A,-,Y,ALA,,680," ",R,7.303,H,,R,N,4,0,1,2,A,-,03,22350,,M,C,C,A,A,H,-,A,D,0,,,,,Y,,-,99,0,0,1,0,0,0,0,0,0,"- ","- ",37.552101135253906,-121.91767120361328,ALAMEDA,UNINCORPORATED,-121.91777038574219,37.552135467529297
92091085,2023,2023-06-12,9370,2023-05-28,1945,022831,,7,2,2,0104,0,1,1,,2,080,"I-80 W/B","POWELL ST",998.00,E,N,A,-,Y,ALA,,80," "," ",4.006,H,,L,N,4,0,1,3,A,-,03,22350,,N,C,C,A,A,H,-,A,D,0,,,,,Y,,A,01,0,0,1,0,0,0,0,0,0,"- ","- ",37.840930938720703,-122.29721069335938,ALAMEDA,EMERYVILLE,-122.2972412109375,37.840927124023438
92092720,2023,2023-06-13,9345,2023-06-01,1400,022752,,4,2,9,0100,0,2,S,,2,048,"PALOMARES RD","MPM 8.94",20.00,N,N,A,-,N,,,,,,,,,,Y,3,0,1,1,C,-,18,,,N,E,J,A,A,B,-,A,D,0,,,Y,,Y,,-,"- ",0,1,0,0,0,0,0,0,1,"- ","- ",37.6068115234375,-121.94554901123047,ALAMEDA,UNINCORPORATED,,
92093391,2023,2023-06-14,9345,2023-06-04,1600,022470,,7,2,9,0100,0,2,S,,2,004,"BAYVIEW AVENUE","REYNA DRIVE",0.00,,Y,A,-,N,,,,,,,,,,Y,3,0,1,2,A,-,08,22107,,N,B,E,A,A,H,-,A,D,0,,,,,Y,,A,01,0,1,0,0,0,0,0,0,0,"- ","- ",37.686779022216797,-122.05966186523438,ALAMEDA,UNINCORPORATED,,
92093528,2023,2023-06-14,9390,2023-06-09,2226,022204,,5,3,9,0100,0,2,4,,2,557,"ALTAMONT PASS RD","DYER RD.",13728.00,E,N,A,-,N,,,,,,,,,,Y,3,0,1,1,A,-,01,23152,A,N,E,J,A,A,H,-,D,D,0,,,,,Y,Y,A,01,0,1,0,0,0,0,0,0,0,"- ","- ",37.744609832763672,-121.62840270996094,ALAMEDA,UNINCORPORATED,-121.62796020507812,37.744415283203125
92093583,2023,2023-06-14,9345,2023-06-05,1115,019329,,1,1,9,0100,0,1,S,,2,580,"I-580 E/B","167TH AVENUE",280.00,E,N,A,-,Y,ALA,,580," ",R,31.304,H,,L,N,3,0,2,2,A,-,03,22350,,N,C,C,A,A,H,-,A,D,0,,,,,Y,,D,22,0,1,1,0,0,0,0,0,0,"- ","- ",37.694789886474609,-122.10408020019531,ALAMEDA,UNINCORPORATED,-122.10394287109375,37.694866180419922
92093634,2023,2023-06-14,9370,2023-06-02,"850 ",023086,,5,1,6,0103,0,1,1,,2,081,"I-80 W/B","GILLMAN STREET U/C",1980.00,S,N,A,-,Y,ALA,,80," "," ",6.272,H,,L,N,4,0,1,3,A,-,03,22350,,N,C,C,A,A,H,-,A,D,0,,,,,Y,,A,01,0,0,1,0,0,0,0,0,0,"- ","- ",37.872928619384766,-122.30560302734375,ALAMEDA,BERKELEY,-122.30581665039062,37.872890472412109
92093795,2023,2023-06-14,9390,2023-06-06,1729,021649,,2,2,9,0100,0,1,1,,2,050,"I-580 W/B","EDEN CANYON ROAD",3499.00,E,N,A,-,Y,ALA,,580," ",R,25.575,H,,R,N,3,0,1,2,A,-,07,21658,A,N,B,C,A,A,H,-,A,D,0,,,,,Y,,D,22,0,1,0,0,0,0,0,0,0,"- ","- ",37.703388214111328,-122.00935363769531,ALAMEDA,UNINCORPORATED,-122.00934600830078,37.703376770019531
92097784,2023,2023-06-20,9345,2023-06-13,"815 ",020328,,2,1,6,0105,0,1,1,,2,071,"I-880 N/B","N. FREMONT BOULEVARD",1056.00,S,N,A,-,Y,ALA,,880," "," ",10.960,H,,R,Y,4,0,1,3,A,-,03,22350,,M,C,C,A,A,H,-,A,D,0,,,,,Y,,A,01,0,0,1,0,0,0,0,0,0,"- ","- ",37.571380615234375,-122.04557037353516,ALAMEDA,FREMONT,-122.0455322265625,37.571392059326172
92098002,2023,2023-06-20,9345,2023-06-08,"300 ",021726,,4,3,9,0100,0,1,S,,2,581,"I-580 E/B","SUNNYSLOPE AVE",340.00,E,N,A,-,Y,ALA,,580," ",R,26.603,H,,L,Y,4,0,1,2,A,-,08,22107,,M,B,C,A,A,H,-,C,D,0,,,,Y,Y,,A,01,0,0,1,0,0,0,0,0,0,"- ","- ",37.700958251953125,-122.02763366699219,ALAMEDA,UNINCORPORATED,-122.02761840820312,37.701000213623047
92098287,2023,2023-06-20,9345,2023-06-13,1815,022470,,2,2,5,0112,0,2,S,,2,002,"150TH AVENUE","ROBIN STREET",65.00,W,N,A,-,N,,,,,,,,,,Y,4,0,1,2,A,-,08,22107,,N,B,E,A,A,H,-,A,D,0,,,,,Y,,A,01,0,0,1,0,0,0,0,0,0,"- ","- ",37.706619262695312,-122.12811279296875,ALAMEDA,"SAN LEANDRO",-122.12808990478516,37.706695556640625
92099246,2023,2023-06-21,9345,2023-06-12,1602,022470,,1,2,9,0100,0,2,S,,2,002,"VIA TOLEDO","PASEO GRANDE",20.00,S,N,A,-,N,,,,,,,,,,Y,4,0,2,2,A,-,08,22107,,N,B,C,A,A,H,-,A,A,0,,,,,Y,,D,22,0,0,2,0,0,0,0,0,0,"- ","- ",37.682498931884766,-122.12143707275391,ALAMEDA,UNINCORPORATED,-122.12146759033203,37.682537078857422
92099325,2023,2023-06-21,9345,2023-06-09,1535,023197,,5,2,9,0100,0,2,S,,2,012,"HESPERIAN BLVD","POST OFFICE ROAD",160.00,S,N,A,-,N,,,,,,,,,,Y,3,0,3,2,A,-,09,21801,A,N,D,C,A,A,H,-,A,D,0,,,,,Y,,A,07,0,3,0,0,0,0,0,0,0,"- ","- ",37.68048095703125,-122.12734222412109,ALAMEDA,UNINCORPORATED,-122.12785339355469,37.680915832519531
92099856,2023,2023-06-22,9345,2023-06-17,"22  ",022705,,6,3,6,0105,0,1,1,,2,070,"I-880 SOUTHBOUND (NIMITZ FREEWAY)","WARREN AVENUE",400.00,N,N,A,-,Y,ALA,,880," "," ",2.416,H,,L,Y,4,0,2,2,A,-,08,22107,,M,C,C,A,A,H,-,D,D,0,,,,,Y,Y,-,99,0,0,2,0,0,0,0,0,0,"- ","- ",37.484531402587891,-121.93813323974609,ALAMEDA,FREMONT,-121.93812561035156,37.484531402587891
92100779,2023,2023-06-23,9390,2023-06-15,1803,021649,,4,2,5,0107,0,1,1,,2,053,"I-580 W/B FROM VASCO RD. N/B","NORTH VASCO ROAD",292.00,E,N,A,-,Y,,,,,,,,,,Y,3,0,1,1,A,-,03,22350,,N,F,A,A,A,H,-,A,D,0,,,,Y,Y,,G,25,0,1,0,0,0,0,0,0,0,"- ","- ",37.710018157958984,-121.72296905517578,ALAMEDA,LIVERMORE,-121.72296905517578,37.710018157958984
92100782,2023,2023-06-23,9390,2023-06-16,1120,020987,,5,1,9,0100,0,2,4,,2,556,"MOUNTAIN HOUSE ROAD (3252 BLOCK)","GRANT LINE ROAD",8448.00,N,N,A,-,N,,,,,,,,,,Y,4,0,1,1,A,-,08,22107,,N,F,A,A,A,H,-,A,D,0,,,,,Y,,A,01,0,0,1,0,0,0,0,0,0,"- ","- ",37.778411865234375,-121.57781219482422,ALAMEDA,UNINCORPORATED,-121.58099365234375,37.773433685302734
92101709,2023,2023-06-26,9370,2023-06-21,"145 ",022981,,3,3,7,0109,0,1,1,,2,053,"I-580 E/B","BEAUMONT AVE",600.00,E,N,A,-,Y,ALA,,580," ",R,42.061,H,,R,N,2,0,1,1,A,-,01,23152,A,N,E,I,A,A,H,-,D,D,0,,,,,Y,Y,A,01,1,0,0,0,0,0,0,0,0,"- ","- ",37.800418853759766,-122.22641754150391,ALAMEDA,OAKLAND,-122.22640228271484,37.80047607421875
92102422,2023,2023-06-26,9390,2023-06-17,"715 ",020987,,6,1,9,0100,0,2,4,,2,226,"NORTH LIVERMORE AVENUE","I-580 WESTBOUND",0.00,,Y,B,-,N,,,,,,,,,,Y,3,0,2,2,A,-,12,21453,A,N,D,C,A,A,H,-,A,A,0,,,,,Y,,A,01,0,1,1,0,0,0,0,0,0,"- ","- ",37.701499938964844,-121.77371978759766,ALAMEDA,UNINCORPORATED,,
92102448,2023,2023-06-26,9390,2023-06-17,"730 ",019612,,6,1,5,0111,0,1,1,,2,051,"I-580 E/B","SANTA RITA RD.",600.00,W,N,A,-,Y,ALA,,580," "," ",18.127,H,,L,Y,2,0,2,3,C,-,18,,,N,C,C,A,A,H,-,A,D,0,,,,Y,Y,,-,"- ",1,0,1,0,0,0,0,0,0,"- ","- ",37.701271057128906,-121.87538909912109,ALAMEDA,PLEASANTON,-121.87538909912109,37.701389312744141
92102628,2023,2023-06-26,9345,2023-06-18,1655,022470,,7,2,9,0100,0,2,S,,2,004,"FIVE CANYONS PARKWAY","PEACOCK HILL DRIVE",745.00,S,N,A,-,N,,,,,,,,,,Y,4,0,1,1,A,-,08,22107,,N,E,I,A,A,H,-,A,D,0,,,,,Y,,A,01,0,0,1,0,0,0,0,0,0,"- ","- ",37.678539276123047,-122.03125762939453,ALAMEDA,UNINCORPORATED,-122.03123474121094,37.678611755371094
92104303,2023,2023-06-28,9370,2023-06-22,1900,022831,,4,2,7,0109,0,1,3,,2,013,"SR-13 S/B","PARK BLVD",952.00,S,N,A,-,Y,ALA,,13," "," ",7.203,H,,L,N,4,0,1,1,A,-,08,22107,,N,E,8,A,A,H,-,E,D,0,,,,,Y,,A,01,0,0,1,0,0,0,0,0,0,"- ","- ",37.819171905517578,-122.20555114746094,ALAMEDA,OAKLAND,-122.20542907714844,37.819232940673828
92105152,2023,2023-06-29,9345,2023-06-20,"200 ",022955,,2,3,9,0100,0,2,S,,2,042,"REDWOOD RD","CASTRO VALLEY BLVD",0.00,,Y,A,-,N,,,,,,,,,,Y,4,0,3,2,A,-,01,23152,A,N,D,C,A,A,H,-,C,A,0,,,,,Y,Y,A,01,0,0,3,0,0,0,0,0,0,"- ","- ",37.695461273193359,-122.07380676269531,ALAMEDA,UNINCORPORATED,,
92109743,2023,2023-07-05,9390,2023-06-23,1924,022215,,5,2,5,0111,0,1,1,,2,051,"I-580 WESTBOUND","HOPYARD RD",1056.00,E,N,A,-,Y,ALA,,580," "," ",19.528,H,,R,Y,2,0,1,1,C,-,18,,,N,E,J,A,A,H,-,A,D,0,,,Y,,Y,,-,"- ",1,0,0,0,0,0,0,0,1,"- ","- ",37.701950073242188,-121.90115356445312,ALAMEDA,PLEASANTON,-121.90114593505859,37.701904296875
92112803,2023,2023-07-10,9390,2023-06-30,1500,020395,,5,2,5,0107,0,1,1,,2,052,"INTERSTATE 580 (EASTBOUND)","NORTH LIVERMORE AVENUE",528.00,E,N,A,-,Y,ALA,,580," "," ",12.339,H,,R,N,4,0,1,2,A,-,07,21658,A,N,B,C,A,A,H,-,A,D,0,,,,,Y,Y,-,99,0,0,1,0,0,0,0,0,0,"- ","- ",37.701351165771484,-121.77007293701172,ALAMEDA,LIVERMORE,-121.77012634277344,37.701580047607422
92114197,2023,2023-07-11,9345,2023-06-18,2500,021936,,7,4,9,0100,0,2,S,,2,004,"D STREET","COMPASS COURT",500.00,E,N,A,-,N,,,,,,,,,,N,4,0,1,1,A,-,08,22107,,M,E,9,A,A,H,-,B,D,0,,,,,Y,,A,01,0,0,1,0,0,0,0,0,0,"- ","- ",37.678699493408203,-122.06217193603516,ALAMEDA,UNINCORPORATED,-122.06217956542969,37.678638458251953
92115152,2023,2023-07-12,9390,2023-07-05,"650 ",020395,,3,1,9,0100,0,1,1,,2,050,"INTERSTATE 580 (EASTBOUND)","EDEN CANYON ROAD",7920.00,E,N,B,-,Y,ALA,,580," ",R,24.091,H,,L,N,4,0,1,1,C,-,18,,,N,E,I,A,A,H,-,A,D,0,,,,,Y,,-,"- ",0,0,1,0,0,0,0,0,0,"- ","- ",37.699180603027344,-121.98333740234375,ALAMEDA,UNINCORPORATED,-121.98335266113281,37.699108123779297
92116106,2023,2023-07-13,9390,2023-07-06,1313,020368,,4,1,9,0100,0,1,1,,2,065,"I-680 NORTHBOUND","CALAVERAS ROAD",300.00,S,N,A,-,Y,ALA,,680," ",R,10.939,H,,R,Y,4,0,2,2,A,-,07,21658,A,M,B,C,A,A,H,-,A,D,0,,,,,Y,,-,99,0,0,2,0,0,0,0,0,0,"- ","- ",37.587478637695312,-121.87151336669922,ALAMEDA,UNINCORPORATED,-121.87146759033203,37.587467193603516
92120148,2023,2023-07-18,9330,2023-07-10,1102,020554,,1,1,6,0106,0,1,3,,1,037,"SR-92 W/B","SUB STATION 6",3696.00,W,N,A,-,Y,ALA,,92," ",R,0.020,H,,L,Y,3,0,2,2,A,-,03,22350,,N,C,C,A,A,H,-,A,A,0,,,,Y,Y,,A,01,0,1,1,0,0,0,0,0,0,"- ","- ",37.604740142822266,-122.19654846191406,ALAMEDA,HAYWARD,-122.19654846191406,37.604740142822266
92122781,2023,2023-07-21,9370,2023-07-18,1605,022831,,2,2,6,0103,0,1,1,,2,081,"I-80 W/B","UNIVERSITY AVE",1025.00,E,N,A,-,Y,ALA,,80," "," ",6.036,H,,L,N,4,0,1,3,A,-,03,22350,,F,C,C,A,A,H,-,A,D,0,,,,,Y,,-,99,0,0,1,0,0,0,0,0,0,"- ","- ",37.869590759277344,-122.30474853515625,ALAMEDA,BERKELEY,-122.30479431152344,37.869579315185547
92123991,2023,2023-11-22,9345,2023-07-16,2351,022891,,7,3,6,0105,0,1,1,,2,072,"I-880 N/B","ALVARADO BLVD",528.00,N,N,A,-,Y,ALA,,880," "," ",11.555,H,,R,Y,3,0,4,4,A,-,03,22350,,N,D,2,A,A,H,-,C,D,0,,,,,Y,,A,07,0,1,3,0,0,0,0,0,0,"- ","- ",37.580318450927734,-122.04878234863281,ALAMEDA,FREMONT,-122.04869842529297,37.580337524414062
92124392,2023,2023-07-24,9345,2023-07-15,1515,023018,,6,2,9,0100,0,2,S,,2,022,"MEEKLAND AVENUE","SUNSET BOULEVARD",0.00,,Y,A,-,N,,,,,,,,,,N,4,0,1,2,A,-,05,21460,A,N,D,C,A,A,H,-,A,D,0,,,Y,,Y,,C,02,0,0,1,0,0,0,0,0,1,"- ","- ",37.671501159667969,-122.10411071777344,ALAMEDA,UNINCORPORATED,,
92125309,2023,2023-07-25,9345,2023-07-23,"850 ",022943,,7,1,5,0113,0,1,1,,2,072,"I-880 N/B","ALVARADO NILES RD",100.00,N,N,A,-,Y,ALA,,880," "," ",13.081,H,,R,N,4,0,1,2,A,-,01,23152,A,N,B,C,A,A,H,-,A,D,0,,,,,Y,Y,A,01,0,0,1,0,0,0,0,0,0,"- ","- ",37.599140167236328,-122.06118774414062,ALAMEDA,"UNION CITY",-122.06111907958984,37.599170684814453
92125807,2023,2023-07-25,9345,2023-07-17,1300,021936,,1,1,9,0100,0,2,S,,2,003,"FOOTHILL BLVD","FAIRMONT DRIVE",0.00,,Y,A,-,N,,,,,,,,,,N,4,0,1,2,A,-,08,22107,,N,D,C,A,A,H,-,A,A,0,,,,,Y,,D,22,0,0,1,0,0,0,0,0,0,"- ","- ",37.709461212158203,-122.12210083007812,ALAMEDA,UNINCORPORATED,,
92127653,2023,2023-07-27,9345,2023-07-26,"750 ",020328,,3,1,6,0105,0,1,1,,2,071,"I-880 N/B","DECOTO ROAD",500.00,S,N,A,-,Y,ALA,,880," "," ",9.991,H,,R,N,3,0,1,2,A,-,03,22350,,N,C,2,A,A,H,-,A,D,0,,,,Y,Y,,F,26,0,1,0,0,0,0,0,0,0,"- ","- ",37.560268402099609,-122.03469848632812,ALAMEDA,FREMONT,-122.03474426269531,37.56024169921875
92128057,2023,2023-07-27,9345,2023-07-21,1745,022870,,5,2,9,0100,0,2,S,,2,022,"BLOSSOM WAY","SANTOS ST",145.00,E,N,A,-,N,,,,,,,,,,Y,2,0,2,2,A,-,01,23152,A,N,B,C,A,A,H,-,A,D,0,,,Y,,Y,Y,C,02,2,0,0,0,0,0,0,0,2,"- ","- ",37.678611755371094,-122.10308837890625,ALAMEDA,UNINCORPORATED,-122.10315704345703,37.678615570068359
92136239,2023,2023-08-04,9330,2023-08-02,2310,022754,,3,3,9,0100,0,2,S,,2,904,"FIVE CANYONS PKWY W/B","FAIRVIEW AVE",0.00,,Y,A,-,N,,,,,,,,,,Y,3,0,2,1,A,-,08,22107,,N,F,J,A,A,H,-,C,D,0,,,,,Y,,A,01,0,2,0,0,0,0,0,0,0,"- ","- ",37.675228118896484,-122.03218841552734,ALAMEDA,UNINCORPORATED,,
92137790,2023,2023-08-07,9390,2023-07-27,1250,023292,,4,1,5,0111,0,1,1,,2,051,"I-580 WESTBOUND","DOUGHERTY ROAD",1300.00,E,N,A,-,Y,ALA,,580," "," ",19.594,H,,R,Y,4,0,2,4,A,-,03,22350,,N,C,C,A,A,H,-,A,D,0,,,,,Y,,D,22,0,0,2,0,0,0,0,0,0,"- ","- ",37.701938629150391,-121.90232849121094,ALAMEDA,PLEASANTON,-121.90232086181641,37.701866149902344
92139496,2023,2023-08-09,9370,2023-08-05,1140,022856,,6,1,6,0103,0,1,1,,2,081,"I-80 E/B","BUCHANAN ST",1750.00,W,N,A,-,Y,ALA,,80," ",R,6.953,H,,R,Y,4,0,3,3,A,-,07,21658,A,N,B,C,A,A,H,-,A,D,0,,,,,Y,,A,07,0,0,3,0,0,0,0,0,0,"- ","- ",37.882480621337891,-122.30812072753906,ALAMEDA,BERKELEY,-122.30818176269531,37.882472991943359
92139872,2023,2023-08-09,9390,2023-07-29,1605,022229,,6,2,9,0100,0,1,1,,2,053,"I-580 W/B","FIRST STREET",300.00,E,N,A,-,Y,ALA,,580," "," ",10.656,H,,L,Y,4,0,2,2,A,-,01,23152,A,M,C,C,A,A,H,-,A,D,0,,,,,Y,Y,A,07,0,0,2,0,0,0,0,0,0,"- ","- ",37.702728271484375,-121.73979949951172,ALAMEDA,UNINCORPORATED,-121.73976898193359,37.702632904052734
92140519,2023,2023-08-10,9345,2023-08-06,"340 ",022662,,7,3,5,0113,0,1,1,,2,072,"I-880 NORTHBOUND (NIMITZ FREEWAY)","ALVARADO-NILES ROAD",528.00,N,N,B,-,Y,ALA,,880," "," ",13.253,H,,R,Y,3,0,1,1,A,-,08,22107,,N,E,I,A,A,H,-,C,D,0,,,,,Y,Y,A,07,0,1,0,0,0,0,0,0,0,"- ","- ",37.601421356201172,-122.06253814697266,ALAMEDA,"UNION CITY",-122.06266021728516,37.601367950439453
92141115,2023,2023-08-10,9390,2023-07-31,1725,022215,,1,2,5,0111,0,1,1,,2,051,"I-580 E/B","SANTA RITA RD",3960.00,W,N,A,-,Y,ALA,,580," "," ",18.428,H,,L,N,4,0,1,2,A,-,03,22350,,N,C,C,A,A,H,-,A,D,0,,,,,Y,,A,01,0,0,1,0,0,0,0,0,0,"- ","- ",37.701408386230469,-121.88091278076172,ALAMEDA,PLEASANTON,-121.88091278076172,37.701404571533203
92142813,2023,2023-08-14,9370,2023-06-14,1545,023275,,3,2,2,0104,0,1,1,,2,080,"I-80 E/B","ASHBY AVE",1025.00,W,N,A,-,Y,ALA,,80," "," ",4.262,H,,R,N,4,0,1,2,A,-,07,21658,A,F,C,C,A,A,C,-,A,D,0,,,Y,,Y,Y,-,99,0,0,1,0,0,0,0,0,1,"- ","- ",37.844520568847656,-122.29785919189453,ALAMEDA,EMERYVILLE,-122.29779815673828,37.844528198242188
92147320,2023,2023-08-18,9345,2023-08-10,1555,022213,,4,2,9,0100,0,2,S,,2,004,"A STREET","N SIXTH STREET",25.00,S,N,A,-,N,,,,,,,,,,Y,4,0,2,1,A,-,08,22107,,N,E,I,A,A,H,-,A,D,0,,,,,Y,,A,07,0,0,2,0,0,0,0,0,0,"- ","- ",37.682338714599609,-122.07460021972656,ALAMEDA,UNINCORPORATED,-122.07442474365234,37.682327270507812
92152286,2023,2023-08-24,9390,2023-08-14,1420,019740,,1,2,9,0100,0,1,1,,2,065,"I-680 NORTHBOUND","CALAVERAS ROAD",1056.00,S,N,A,-,Y,ALA,,680," ",R,10.635,H,,R,N,3,0,2,5,A,-,07,21658,A,N,B,C,A,A,H,-,A,D,0,,,,,Y,,A,07,0,1,1,0,0,0,0,0,0,"- ","- ",37.583381652832031,-121.87352752685547,ALAMEDA,UNINCORPORATED,-121.87358093261719,37.583396911621094
92152344,2023,2023-08-24,9345,2023-08-14,"810 ",022977,,1,1,6,0106,0,1,1,,2,072,"I-880 SOUTHBOUND","TENNYSON ROAD",300.00,S,N,A,-,Y,ALA,,880," "," ",15.576,H,,L,N,4,0,1,2,C,-,18,,,N,B,C,A,A,H,-,A,D,0,,,,,Y,,-,"- ",0,0,1,0,0,0,0,0,0,"- ","- ",37.630668640136719,-122.0838623046875,ALAMEDA,HAYWARD,-122.08388519287109,37.630657196044922
92152751,2023,2023-08-24,9345,2023-08-02,1929,023363,,3,2,9,0100,0,2,S,,2,004,"GROVE WAY","REDWOOD ROAD",519.00,E,N,A,-,N,,,,,,,,,,N,4,0,1,2,A,-,05,21650,,M,A,G,A,A,H,-,A,D,0,,Y,,,Y,,L,04,0,0,1,0,0,0,1,0,0,"- ","- ",37.685169219970703,-122.07180786132812,ALAMEDA,UNINCORPORATED,-122.07200622558594,37.684982299804688
92154047,2023,2023-08-25,9390,2023-08-10,2125,022215,,4,2,5,0111,0,1,1,,2,066,"I-680 SOUTHBOUND",BERNAL,100.00,S,N,A,-,Y,ALA,,680," ",R,16.723,H,,L,Y,4,0,3,3,A,-,03,22350,,N,C,C,A,A,D,-,D,D,0,,,,Y,Y,,A,07,0,0,3,0,0,0,0,0,0,"- ","- ",37.65625,-121.90110015869141,ALAMEDA,PLEASANTON,-121.90113067626953,37.656227111816406