CASE_ID,ACCIDENT_YEAR,PROC_DATE,JURIS,COLLISION_DATE,COLLISION_TIME,OFFICER_ID,REPORTING_DISTRICT,DAY_OF_WEEK,CHP_SHIFT,POPULATION,CNTY_CITY_LOC,SPECIAL_COND,BEAT_TYPE,CHP_BEAT_TYPE,CITY_DIVISION_LAPD,CHP_BEAT_CLASS,BEAT_NUMBER,PRIMARY_RD,SECONDARY_RD,DISTANCE,DIRECTION,INTERSECTION,WEATHER_1,WEATHER_2,STATE_HWY_IND,CALTRANS_COUNTY,CALTRANS_DISTRICT,STATE_ROUTE,ROUTE_SUFFIX,POSTMILE_PREFIX,POSTMILE,LOCATION_TYPE,RAMP_INTERSECTION,SIDE_OF_HWY,TOW_AWAY,COLLISION_SEVERITY,NUMBER_KILLED,NUMBER_INJURED,PARTY_COUNT,PRIMARY_COLL_FACTOR,PCF_CODE_OF_VIOL,PCF_VIOL_CATEGORY,PCF_VIOLATION,PCF_VIOL_SUBSECTION,HIT_AND_RUN,TYPE_OF_COLLISION,MVIW,PED_ACTION,ROAD_SURFACE,ROAD_COND_1,ROAD_COND_2,LIGHTING,CONTROL_DEVICE,CHP_ROAD_TYPE,PEDESTRIAN_ACCIDENT,BICYCLE_ACCIDENT,MOTORCYCLE_ACCIDENT,TRUCK_ACCIDENT,NOT_PRIVATE_PROPERTY,ALCOHOL_INVOLVED,STWD_VEHTYPE_AT_FAULT,CHP_VEHTYPE_AT_FAULT,COUNT_SEVERE_INJ,COUNT_VISIBLE_INJ,COUNT_COMPLAINT_PAIN,COUNT_PED_KILLED,COUNT_PED_INJURED,COUNT_BICYCLIST_KILLED,COUNT_BICYCLIST_INJURED,COUNT_MC_KILLED,COUNT_MC_INJURED,PRIMARY_RAMP,SECONDARY_RAMP,LATITUDE,LONGITUDE,COUNTY,CITY,POINT_X,POINT_Y
91825981,2022,2022-07-27,9390,2022-07-21,1305,021817,,4,1,6,0105,0,1,1,,2,064,"I-680 SOUTHBOUND","S. GRIMMER BLVD.",500.00,N,N,A,-,Y,ALA,,680,,M,3.479,H,,L,N,4,0,2,2,A,-,03,22350,,N,C,C,A,A,H,-,A,A,0,,,,,Y,,A,01,0,0,2,0,0,0,0,0,0,"- ","- ",37.507579803466797,-121.93585205078125,ALAMEDA,FREMONT,-121.93588256835938,37.507568359375
91826045,2022,2022-07-27,9390,2022-07-21,1545,019740,,4,2,9,0100,0,2,4,,1,219,"EDEN CANYON ROAD","I-580 E/B TO EDEN CANYON ROAD",0.00,,Y,A,-,N,,,,,,,,,,Y,4,0,1,2,A,-,09,21802,A,N,D,C,A,A,H,-,A,A,0,,,,,Y,,A,07,0,0,1,0,0,0,0,0,0,"- ","- ",37.700740814208984,-122.02089691162109,ALAMEDA,UNINCORPORATED,-122.02136993408203,37.701961517333984
91826539,2022,2022-07-27,9370,2022-07-20,1833,022980,,3,2,2,0104,0,1,1,,2,080,"I-80 EASTBOUND","POWELL STREET",490.00,W,N,A,-,Y,ALA,,80,,,3.795,H,,R,N,4,0,2,2,D,-,00,,,N,C,C,A,A,H,-,A,D,0,,,,,Y,,-,"- ",0,0,2,0,0,0,0,0,0,"- ","- ",37.837978363037109,-122.29653930664062,ALAMEDA,EMERYVILLE,-122.29646301269531,37.837993621826172
91826769,2022,2022-07-28,9375,2022-07-23,2245,016616,,6,3,9,0100,0,2,4,,1,023,"167TH AVENUE",SR-185,80.00,E,N,A,-,N,,,,,,,,,,N,2,0,1,2,A,-,11,21954,A,N,G,B,D,A,H,-,C,D,0,Y,,,,Y,Y,N,60,1,0,0,0,1,0,0,0,0,"- ","- ",37.413238525390625,-122.06345367431641,ALAMEDA,UNINCORPORATED,-122.10956573486328,37.692218780517578
91827220,2022,2022-07-28,9390,2022-07-26,0710,020395,,2,1,9,0100,0,1,1,,2,054,"INTERSTATE 580 (WESTBOUND)","GRANT LINE ROAD",2640.00,W,N,A,-,Y,ALA,,580,,R,2.149,H,,R,Y,3,0,1,2,A,-,07,21658,A,N,B,2,A,A,H,-,A,D,0,,,Y,,Y,,A,08,0,1,0,0,0,0,0,0,1,"- ","- ",37.738731384277344,-121.59758758544922,ALAMEDA,UNINCORPORATED,-121.59759521484375,37.738750457763672
91829962,2022,2022-08-01,9390,2022-07-22,1415,022867,,5,2,6,0105,0,1,1,,2,064,"I-680 NORTHBOUND","AUTO MALL PKWY",837.00,N,N,A,-,Y,ALA,,680,,M,4.163,H,,R,Y,4,0,1,2,A,-,01,23152,A,N,C,C,A,A,H,-,A,D,0,,,,,Y,Y,A,08,0,0,1,0,0,0,0,0,0,"- ","- ",37.516899108886719,-121.94087219238281,ALAMEDA,FREMONT,-121.94078063964844,37.516933441162109
91831082,2022,2022-08-02,9375,2022-07-21,1710,022752,,4,2,9,0100,0,3,5,,2,003,"SANTA MARIA AVENUE","SOMERSET AVENUE",50.00,S,N,A,-,N,,,,,,,,,,N,4,0,1,2,A,-,08,22107,,N,H,G,A,A,H,-,A,D,0,,Y,,,Y,,L,04,0,0,1,0,0,0,1,0,0,"- ","- ",37.693408966064453,-122.07245635986328,ALAMEDA,UNINCORPORATED,-122.07851409912109,37.701663970947266
91831577,2022,2022-08-02,9375,2022-07-29,1650,022885,,5,2,9,0100,0,2,4,,1,022,"BLOSSOM WAY","WESTERN BLVD",0.00,,Y,A,-,N,,,,,,,,,,Y,4,0,3,2,A,-,09,21804,A,N,D,C,A,A,H,-,A,A,0,,,,,Y,,A,08,0,0,3,0,0,0,0,0,0,"- ","- ",37.679210662841797,-122.10137176513672,ALAMEDA,UNINCORPORATED,-122.101318359375,37.679191589355469
91832431,2022,2022-08-03,9390,2022-07-31,1548,021964,,7,2,9,0100,0,1,1,,2,065,"I-680 SOUTHBOUND","ANDRADE ROAD",2940.00,S,N,A,-,Y,ALA,,680,,R,9.150,H,,L,Y,3,0,1,1,A,-,08,22107,,N,E,I,A,A,H,-,A,D,0,,,,,Y,,A,01,0,1,0,0,0,0,0,0,0,"- ","- ",37.569610595703125,-121.8934326171875,ALAMEDA,UNINCORPORATED,-121.89352416992188,37.569721221923828
91833504,2022,2022-08-05,9345,2022-07-25,1750,022871,,1,2,6,0106,0,1,1,,2,073,"I-880 SOUTHBOUND (NIMITZ FREEWAY)","THE ELDRIDGE PEDESTRIAN OVERCROSSING",168.00,N,N,A,-,Y,ALA,,880,,,16.062,H,,L,N,4,0,1,3,A,-,03,22350,,N,C,2,A,A,H,-,A,D,0,,,,,Y,,A,01,0,0,1,0,0,0,0,0,0,"- ","- ",37.635860443115234,-122.08756256103516,ALAMEDA,HAYWARD,-122.08759307861328,37.635841369628906
91833774,2022,2022-08-05,9375,2022-07-27,1355,022955,,3,1,9,0100,0,2,4,,1,023,"162ND AVE","LIBERTY ST",0.00,,Y,A,-,N,,,,,,,,,,N,4,0,1,2,A,-,09,21802,A,N,D,C,A,A,H,-,A,A,0,,,,,Y,,A,01,0,0,1,0,0,0,0,0,0,"- ","- ",37.701641082763672,-122.11212921142578,ALAMEDA,UNINCORPORATED,-122.11208343505859,37.701637268066406
91833800,2022,2022-08-05,9345,2022-07-28,1135,021220,,4,1,9,0100,0,1,1,,2,238,"I-238 NORTHBOUND TO I-880 NORTHBOUND","WASHINGTON AVE",450.00,S,N,A,-,Y,ALA,,880,,,20.749,H,,R,N,4,0,1,2,A,-,04,21703,,N,C,C,A,A,H,-,A,D,0,,,,,Y,,A,01,0,0,1,0,0,0,0,0,0,"- ","- ",37.690921783447266,-122.13770294189453,ALAMEDA,UNINCORPORATED,-122.13786315917969,37.690773010253906
91834924,2022,2022-08-08,9375,2022-08-03,1440,022885,,3,2,9,0100,0,2,4,,1,022,"MEEKLAND AVE","PASEO GRANDE",85.00,S,N,A,-,N,,,,,,,,,,N,4,0,1,2,A,-,03,22350,,N,C,C,A,A,H,-,A,A,0,,,,,Y,,A,01,0,0,1,0,0,0,0,0,0,"- ","- ",37.684089660644531,-122.11669158935547,ALAMEDA,UNINCORPORATED,-122.11660766601562,37.684078216552734
91835023,2022,2022-08-08,9390,2022-07-28,1600,020760,,4,2,5,0107,0,1,1,,2,053,"I-580 EASTBOUND","VASCO ROAD",1584.00,W,N,A,-,Y,ALA,,580,,,10.009,H,,L,N,4,0,1,2,A,-,03,22350,,M,C,C,A,A,H,-,A,D,0,,,,,Y,,-,99,0,0,1,0,0,0,0,0,0,"- ","- ",37.706619262695312,-121.72901153564453,ALAMEDA,LIVERMORE,-121.72905731201172,37.706691741943359
91835282,2022,2022-08-08,9390,2022-07-31,1655,022174,,7,2,6,0105,0,1,1,,2,064,"I-680 NORTHBOUND","GRIMMER BOULEVARD",100.00,S,N,A,-,Y,ALA,,680,,M,3.344,H,,R,Y,3,0,6,1,A,-,08,22107,,N,E,8,A,A,H,-,A,A,0,,,,,Y,,D,22,0,6,0,0,0,0,0,0,0,"- ","- ",37.505958557128906,-121.93430328369141,ALAMEDA,FREMONT,-121.93439483642578,37.505916595458984
91835536,2022,2022-08-08,9370,2022-06-24,1600,022859,,5,2,7,0109,0,1,1,,2,176,"I-880 S/B","FRUITVALE AVENUE",1000.00,N,N,A,-,Y,ALA,,880,,,28.558,H,,L,Y,2,0,1,2,A,-,03,22350,,N,C,A,A,A,H,-,A,D,0,,,,,Y,,A,01,1,0,0,0,0,0,0,0,0,"- ","- ",37.774280548095703,-122.23133087158203,ALAMEDA,OAKLAND,-122.23135375976562,37.774234771728516
91836147,2022,2022-08-09,9390,2022-07-30,1900,022174,,6,2,9,0100,0,1,3,,2,330,"SR-84 / VALLECITOS ROAD","KALTHOFF COMMON",135.00,W,N,A,-,Y,ALA,,84,,R,23.182,H,,R,Y,3,0,1,2,A,-,03,22350,,N,C,C,A,A,H,-,A,A,0,,,,,Y,,A,07,0,1,0,0,0,0,0,0,0,"- ","- ",37.632389068603516,-121.80184936523438,ALAMEDA,UNINCORPORATED,-121.80187225341797,37.632389068603516
91836906,2022,2022-08-10,9375,2022-08-02,1010,022870,,2,1,9,0100,0,2,4,,1,031,"CASTRO VALLEY BLVD","SANTA MARIA AVE",40.00,E,N,A,-,N,,,,,,,,,,N,4,0,1,2,A,-,21,22106,,N,C,C,A,A,H,-,A,A,0,,,,,Y,,A,01,0,0,1,0,0,0,0,0,0,"- ","- ",37.695629119873047,-122.07814788818359,ALAMEDA,UNINCORPORATED,-122.07822418212891,37.695571899414062
91837064,2022,2022-08-10,9345,2022-07-30,0015,022934,,6,3,9,0100,0,1,1,,2,074,"I-880 N/B (NIMITZ FREEWAY)","HACIENDA AVENUE",1584.00,S,N,B,-,Y,ALA,,880,,,19.049,H,,R,Y,4,0,1,1,A,-,08,22107,,M,E,I,A,A,H,-,D,D,0,,,,,Y,,A,08,0,0,1,0,0,0,0,0,0,"- ","- ",37.674530029296875,-122.11424255371094,ALAMEDA,UNINCORPORATED,-122.11431121826172,37.674468994140625
91837305,2022,2022-08-10,9345,2022-07-31,2252,022871,,7,3,6,0106,0,1,1,,2,072,"I-880 SOUTHBOUND (NIMITZ FREEWAY)","TENNYSON RD",1584.00,S,N,A,-,Y,ALA,,880,,,15.265,H,,L,N,4,0,2,3,A,-,03,22350,,F,C,C,A,A,H,-,C,D,0,,,,,Y,,-,99,0,0,2,0,0,0,0,0,0,"- ","- ",37.626731872558594,-122.08110809326172,ALAMEDA,HAYWARD,-122.08110046386719,37.626731872558594
91837827,2022,2022-08-11,9375,2022-08-05,0755,018844,,5,1,9,0100,0,3,5,,2,003,"STROBRIDGE AVE","GARY DR",0.00,,Y,A,-,Y,,,,,,,,,,N,4,0,1,2,A,-,12,21453,A,N,D,C,A,A,H,-,A,A,0,,,,,Y,,A,01,0,0,1,0,0,0,0,0,0,"- ","- ",37.693370819091797,-122.07241821289062,ALAMEDA,UNINCORPORATED,-122.08863067626953,37.690021514892578
91841115,2022,2022-08-16,9375,2022-08-06,0850,022029,,6,1,9,0100,0,2,4,,1,012,"HESPERIAN BLVD","GRANT AVE",0.00,,Y,B,-,Y,,,,,,,,,,N,3,0,1,2,A,-,12,21453,A,N,D,C,A,A,H,-,A,A,0,,,,,Y,,A,01,0,1,0,0,0,0,0,0,0,"- ","- ",37.682819366455078,-122.12898254394531,ALAMEDA,UNINCORPORATED,-122.12905883789062,37.682785034179688
91841810,2022,2022-08-16,9345,2022-08-10,1703,022943,,3,2,4,0108,0,1,3,,1,184,"SR-84 N/B","LAKE BLVD",100.00,N,N,A,-,Y,ALA,,84,,R,5.423,H,,R,N,4,0,1,3,A,-,03,22350,,N,C,C,A,A,H,-,A,D,0,,,,,Y,,A,01,0,0,1,0,0,0,0,0,0,"- ","- ",37.556499481201172,-122.04476928710938,ALAMEDA,NEWARK,-122.04478454589844,37.556510925292969
91841879,2022,2022-08-16,9370,2022-07-26,2130,022841,,2,2,6,0103,0,1,1,,2,081,"I-80 W/B","ASHBY AVE",1485.00,E,N,A,-,Y,ALA,,80,,,4.870,H,,L,N,4,0,2,4,A,-,07,21658,A,N,B,C,A,A,H,-,A,D,0,,,,,Y,,A,08,0,0,2,0,0,0,0,0,0,"- ","- ",37.853069305419922,-122.30039978027344,ALAMEDA,BERKELEY,-122.30007171630859,37.853122711181641
91842692,2022,2022-08-17,9390,2022-08-05,2316,021478,,5,3,5,0111,0,1,1,,2,051,"I-580 WESTBOUND","SANTA RITA ROAD",1775.00,W,N,A,-,Y,ALA,,580,,,18.295,H,,L,Y,3,0,2,2,A,-,03,22350,,N,D,2,A,A,H,-,C,D,0,,,,,Y,,A,01,0,1,1,0,0,0,0,0,0,"- ","- ",37.701560974121094,-121.87848663330078,ALAMEDA,PLEASANTON,-121.87848663330078,37.701393127441406
91843345,2022,2022-08-18,9345,2022-08-05,1055,021581,,5,1,6,0106,0,1,1,,2,072,"I-880 N/B (NIMITZ FREEWAY)","WHIPPLE ROAD",200.00,N,N,A,-,Y,ALA,,880,,,13.726,H,,R,N,4,0,1,2,D,-,00,,,N,C,C,A,A,H,-,A,D,0,,,,,Y,,-,"- ",0,0,1,0,0,0,0,0,0,"- ","- ",37.607471466064453,-122.06685638427734,ALAMEDA,HAYWARD,-122.06694030761719,37.607433319091797
91843350,2022,2022-08-18,9345,2022-08-05,1228,021581,,5,1,5,0113,0,1,1,,2,072,"I-880 NORTHBOUND (NIMITZ FREEWAY)","ALVARADO NILES RD",1320.00,S,N,A,-,Y,,,,,,,,,,N,4,0,2,4,A,-,03,22350,,N,C,C,A,A,H,-,A,D,0,,,,,Y,,A,01,0,0,2,0,0,0,0,0,0,"- ","- ",37.602298736572266,-122.04344940185547,ALAMEDA,"UNION CITY",-122.060546875,37.598358154296875
91843507,2022,2022-08-18,9370,2022-08-16,0900,022980,,2,1,7,0109,0,1,1,,2,008,"I-80 WESTBOUND","SFOBB TOLL PLAZA",3800.00,E,N,A,-,Y,ALA,,80,,,2.723,H,,L,Y,3,0,2,2,A,-,03,22350,,N,C,C,A,A,H,-,A,D,0,,,,,Y,,A,01,0,2,0,0,0,0,0,0,0,"- ","- ",37.826278686523438,-122.30068969726562,ALAMEDA,OAKLAND,-122.30073547363281,37.826393127441406
91843536,2022,2022-08-18,9390,2022-08-12,1840,022174,,5,2,9,0100,0,1,1,,2,054,"I-580 E/B","NORTH FLYNN ROAD",2112.00,E,N,A,G,Y,ALA,,580,,R,5.496,H,,L,Y,3,0,1,2,A,-,01,23152,A,N,C,C,A,A,H,-,A,A,0,,,,,Y,Y,A,01,0,1,0,0,0,0,0,0,0,"- ","- ",37.721408843994141,-121.65297698974609,ALAMEDA,UNINCORPORATED,-121.65303039550781,37.721504211425781
91843614,2022,2022-08-18,9390,2022-08-10,1918,021964,,3,2,9,0100,0,1,1,,2,065,"I-680 N/B","SHERIDAN RD",1404.00,S,N,A,-,Y,ALA,,680,,R,8.050,H,,R,Y,3,0,4,3,A,-,03,22350,,N,C,C,A,A,H,-,B,D,0,,,,,Y,,A,01,0,4,0,0,0,0,0,0,0,"- ","- ",37.560321807861328,-121.90946197509766,ALAMEDA,UNINCORPORATED,-121.90946960449219,37.560340881347656
91843804,2022,2022-08-18,9370,2022-08-07,0358,022798,,7,3,7,0109,0,1,1,,2,008,"I-80 W/B","I-580 W/B TO I-80 W/B",85.00,W,N,A,-,Y,ALA,,880,,R,35.181,H,,L,Y,3,0,3,2,A,-,07,21658,A,N,B,C,A,A,H,-,C,D,0,,,,,Y,,A,07,0,1,2,0,0,0,0,0,0,"- ","- ",37.827850341796875,-122.29324340820312,ALAMEDA,OAKLAND,-122.29323577880859,37.827850341796875
91844356,2022,2022-08-19,9390,2022-08-09,1735,020657,,2,2,5,0111,0,1,1,,2,051,"I-580 EASTBOUND","HOPYARD ROAD",400.00,W,N,A,-,Y,ALA,,580,,,19.943,H,,L,N,3,0,1,2,A,-,07,21658,A,F,B,C,A,A,H,-,A,D,0,,,Y,,Y,,-,99,0,1,0,0,0,0,0,0,1,"- ","- ",37.701641082763672,-121.90837860107422,ALAMEDA,PLEASANTON,-121.90837860107422,37.701614379882812
91845871,2022,2022-08-22,9390,2022-08-11,2315,022035,,4,3,4,0198,0,1,1,,2,067,"I-680 NORTHBOUND","ALCOSTA BLVD",2640.00,S,N,A,-,Y,ALA,,680,,R,21.382,H,,R,Y,3,0,1,1,A,-,01,23152,A,M,F,A,A,A,H,-,D,D,0,,,,,Y,Y,A,01,0,1,0,0,0,0,0,0,0,"- ","- ",37.717418670654297,-121.9349365234375,ALAMEDA,DUBLIN,-121.93506622314453,37.717350006103516
91845918,2022,2022-08-22,9390,2022-08-14,2330,022273,,7,3,5,0107,0,1,1,,2,052,"EASTBOUND I-580","FIRST STREET",200.00,W,N,A,-,Y,ALA,,580,,,10.738,H,,L,N,3,0,1,1,A,-,01,23152,A,N,E,I,A,A,H,-,D,D,0,,,,,Y,Y,A,01,0,1,0,0,0,0,0,0,0,"- ","- ",37.702251434326172,-121.7412109375,ALAMEDA,LIVERMORE,-121.74124145507812,37.702404022216797
91847004,2022,2022-08-23,9390,2022-08-16,1505,020657,,2,2,5,0107,0,1,1,,2,052,"I-580 EASTBOUND","NORTH LIVERMORE AVENUE",1800.00,W,N,A,-,Y,,,,,,,,,,N,4,0,1,4,A,-,03,22350,,N,C,C,A,A,H,-,A,D,0,,,,,Y,,A,08,0,0,1,0,0,0,0,0,0,"- ","- ",35.777500152587891,-120.60500335693359,ALAMEDA,LIVERMORE,-121.77891540527344,37.700138092041016
91848386,2022,2022-08-25,9375,2022-08-18,1255,022029,,4,1,9,0100,0,1,1,,2,581,"I-580 W/B","STROBRIDGE AVE",144.00,E,N,A,-,Y,ALA,,580,,,30.327,H,,R,N,3,0,2,2,A,-,03,22350,,N,C,C,A,A,H,-,A,D,0,,,,,Y,,A,07,0,2,0,0,0,0,0,0,0,"- ","- ",37.690788269042969,-122.08828735351562,ALAMEDA,UNINCORPORATED,-122.08828735351562,37.690818786621094
91848617,2022,2022-08-25,9345,2022-08-16,1248,022934,,2,1,5,0113,0,1,1,,2,072,"I-880 N/B (NIMITZ FREEWAY)","WHIPPLE RD",700.00,S,N,A,-,Y,ALA,,880,,,13.543,H,,R,N,4,0,1,2,A,-,03,22350,,N,C,C,A,A,H,-,A,B,0,,,,,Y,,A,01,0,0,1,0,0,0,0,0,0,"- ","- ",37.605121612548828,-122.06517028808594,ALAMEDA,"UNION CITY",-122.06527709960938,37.605072021484375
91848788,2022,2022-08-25,9375,2022-08-13,1200,022752,,6,1,9,0100,0,1,3,,1,239,"SR-238 (FOOTHILL BOULEVARD)","CASTRO VALLEY BOULEVARD",0.00,,Y,A,-,Y,,,,,,,,,,N,3,0,1,2,A,-,09,21453,C,N,D,C,A,A,H,-,A,A,0,,,,,Y,,A,01,0,1,0,0,0,0,0,0,0,"- ","- ",37.693359375,-122.07244110107422,ALAMEDA,UNINCORPORATED,-122.09628295898438,37.68804931640625
91848805,2022,2022-08-25,9375,2022-08-19,1425,021426,,5,2,9,0100,0,2,4,,1,010,"GRANT AVENUE","HESPERIAN BOULEVARD",47.00,W,N,A,-,N,,,,,,,,,,N,4,0,1,1,A,-,08,22107,,N,E,I,A,A,H,-,A,D,0,,,,,Y,,A,01,0,0,1,0,0,0,0,0,0,"- ","- ",37.682750701904297,-122.12935638427734,ALAMEDA,UNINCORPORATED,-122.12920379638672,37.682723999023438
91849093,2022,2022-08-25,9370,2022-08-14,0530,022919,,7,3,7,0109,0,1,1,,2,052,"I-580 EB FROM MACARTHUR BLVD","MACARTHUR BLVD",918.00,W,N,A,-,Y,ALA,,580,,L,39.959,H,,L,Y,4,0,1,1,A,-,01,23152,A,N,E,8,A,A,H,-,C,D,0,,,,,Y,Y,A,01,0,0,1,0,0,0,0,0,0,"- ","- ",37.784591674804688,-122.19122314453125,ALAMEDA,OAKLAND,-122.19115447998047,37.784759521484375
91850576,2022,2022-08-26,9370,2022-07-30,0625,022816,,6,1,7,0109,0,1,1,,2,054,"I-580 W/B","GRAND AVE",350.00,W,N,A,-,Y,ALA,,580,,,43.715,H,,L,N,4,0,1,2,A,-,03,22350,,M,B,C,A,A,H,-,A,D,0,,,,,Y,,A,01,0,0,1,0,0,0,0,0,0,"- ","- ",37.811298370361328,-122.24977111816406,ALAMEDA,OAKLAND,-122.24992370605469,37.811210632324219
91850845,2022,2022-08-26,9345,2022-08-19,1511,022705,,5,2,6,0105,0,1,3,,1,184,"SR-84 NORTHBOUND","LAKE BOULEVARD",2112.00,N,N,A,-,Y,ALA,,84,,R,5.799,H,,R,N,4,0,1,2,A,-,03,22350,,N,C,C,A,A,H,-,A,D,0,,,,,Y,Y,A,01,0,0,1,0,0,0,0,0,0,"- ","- ",37.560829162597656,-122.04052734375,ALAMEDA,FREMONT,-122.04057312011719,37.560848236083984
91851675,2022,2022-08-29,9375,2022-08-18,1300,022530,,4,1,9,0100,0,3,5,,2,002,"SUNSET BOULEVARD","WESTERN BOULEVARD",0.00,,Y,A,-,N,,,,,,,,,,N,3,0,1,2,A,-,08,22107,,F,H,G,A,A,H,-,A,A,0,,,Y,,Y,,A,07,0,1,0,0,0,0,0,0,1,"- ","- ",37.693378448486328,-122.07245635986328,ALAMEDA,UNINCORPORATED,-122.09529876708984,37.675079345703125
91851706,2022,2022-08-29,9375,2022-08-18,1807,022870,,4,2,9,0100,0,3,5,,2,002,"MAUBERT AVE","163RD AVE",94.00,S,N,A,-,N,,,,,,,,,,Y,4,0,1,3,A,-,03,22350,,N,E,E,A,A,H,-,A,D,0,,,,,Y,,A,01,0,0,1,0,0,0,0,0,0,"- ","- ",37.699619293212891,-122.11051177978516,ALAMEDA,UNINCORPORATED,-122.11086273193359,37.699760437011719
91851914,2022,2022-08-29,9390,2022-08-19,1330,022267,,5,1,6,0105,0,1,1,,2,065,"I-680 NORTHBOUND","ANDRADE ROAD",1957.00,S,N,A,-,Y,,,,,,,,,,N,3,0,1,4,A,-,08,22107,,N,B,C,A,A,H,-,A,D,0,,,Y,,Y,,C,02,0,1,0,0,0,0,0,0,1,"- ","- ",37.571269989013672,-121.88931274414062,ALAMEDA,FREMONT,-121.88908386230469,37.571887969970703
91852012,2022,2022-08-29,9390,2022-08-21,1820,022149,,7,2,5,0111,0,1,1,,2,051,"I-580 W/B","HOPYARD ROAD",1800.00,E,N,A,-,Y,,,,,,,,,,N,4,0,1,3,A,-,03,22350,,M,C,C,A,A,H,-,A,D,0,,,,,Y,,-,99,0,0,1,0,0,0,0,0,0,"- ","- ",37.701019287109375,-121.90036773681641,ALAMEDA,PLEASANTON,-121.90036773681641,37.701904296875
91852381,2022,2022-08-29,9370,2022-08-17,2140,022863,,3,2,7,0109,0,1,1,,2,177,"I-880 S/B","OAK ST",500.00,S,N,A,-,Y,ALA,,880,,,30.983,H,,L,Y,2,0,1,2,A,-,03,22350,,N,C,C,A,A,H,-,C,D,0,,,,Y,Y,,A,01,1,0,0,0,0,0,0,0,0,"- ","- ",37.794200897216797,-122.26513671875,ALAMEDA,OAKLAND,-122.26503753662109,37.794303894042969
91853186,2022,2023-02-07,9390,2022-08-22,0315,022322,,1,3,9,0100,0,1,3,,2,330,"SR-84 / VALLECITOS ROAD","LITTLE VALLEY ROAD",650.00,W,N,A,-,Y,,,,,,,,,,Y,2,0,2,2,A,-,05,21460,A,N,A,C,A,A,H,-,D,D,0,,,,,Y,,A,01,2,0,0,0,0,0,0,0,0,"- ","- ",37.364109039306641,-121.50546264648438,ALAMEDA,UNINCORPORATED,-121.848388671875,37.601215362548828
91853528,2022,2022-08-30,9345,2022-08-24,1827,023036,,3,2,6,0105,0,1,1,,2,071,"I-880 S/B (NIMITZ FREEWAY)","DECOTO ROAD",3168.00,S,N,A,-,Y,ALA,,880,,,9.844,H,,L,Y,4,0,1,2,A,-,08,22107,,N,B,C,A,A,H,-,A,D,0,,,,,Y,,A,01,0,0,1,0,0,0,0,0,0,"- ","- ",37.558418273925781,-122.033203125,ALAMEDA,FREMONT,-122.03318023681641,37.558437347412109
91854328,2022,2022-08-31,9390,2022-08-22,1059,018351,,1,1,9,0100,0,1,3,,1,223,"I-680 SOUTHBOUND TO PALOMA WAY","PALOMA WAY",0.00,,Y,A,-,N,,,,,,,,,,N,3,0,1,2,A,-,09,21802,A,N,D,C,A,A,H,-,A,D,0,,,,Y,Y,,A,01,0,1,0,0,0,0,0,0,0,"- ","- ",37.589088439941406,-121.871337890625,ALAMEDA,UNINCORPORATED,-121.87110900878906,37.588954925537109
91854655,2022,2022-08-31,9370,2022-08-20,2115,022988,,6,2,6,0103,0,1,1,,2,081,"I-80 W/B","POWELL ST",400.00,W,N,A,-,Y,ALA,,80,,,3.738,H,,L,N,3,0,1,2,A,-,03,22350,,N,C,C,A,A,H,-,C,D,0,,,,,Y,,A,01,0,1,0,0,0,0,0,0,0,"- ","- ",37.837158203125,-122.29635620117188,ALAMEDA,BERKELEY,-122.29645538330078,37.837135314941406
91854799,2022,2022-08-31,9370,2022-08-20,0335,022798,,6,3,7,0109,0,1,1,,2,055,"I-580 W/B","HOLLIS ST",200.00,W,N,A,-,Y,ALA,,580,,,46.136,H,,R,Y,4,0,3,2,A,-,01,23152,A,N,C,C,A,A,H,-,C,D,0,,,,,Y,Y,A,07,0,0,3,0,0,0,0,0,0,"- ","- ",37.8271484375,-122.28533172607422,ALAMEDA,OAKLAND,-122.28532409667969,37.827140808105469
91855090,2022,2022-12-06,9375,2022-08-24,1420,023018,,3,2,9,0100,0,1,1,,2,581,"I-580 EASTBOUND TO I-238 NORTHBOUND","167TH AVENUE",207.00,E,N,A,-,Y,,,,,,,,,,N,4,0,1,2,D,-,00,,,N,C,C,A,A,H,-,A,D,0,,,,,Y,,-,"- ",0,0,1,0,0,0,0,0,0,"- ","- ",37.693370819091797,-122.07244873046875,ALAMEDA,UNINCORPORATED,-122.10407257080078,37.695053100585938