CASE_ID,ACCIDENT_YEAR,PROC_DATE,JURIS,COLLISION_DATE,COLLISION_TIME,OFFICER_ID,REPORTING_DISTRICT,DAY_OF_WEEK,CHP_SHIFT,POPULATION,CNTY_CITY_LOC,SPECIAL_COND,BEAT_TYPE,CHP_BEAT_TYPE,CITY_DIVISION_LAPD,CHP_BEAT_CLASS,BEAT_NUMBER,PRIMARY_RD,SECONDARY_RD,DISTANCE,DIRECTION,INTERSECTION,WEATHER_1,WEATHER_2,STATE_HWY_IND,CALTRANS_COUNTY,CALTRANS_DISTRICT,STATE_ROUTE,ROUTE_SUFFIX,POSTMILE_PREFIX,POSTMILE,LOCATION_TYPE,RAMP_INTERSECTION,SIDE_OF_HWY,TOW_AWAY,COLLISION_SEVERITY,NUMBER_KILLED,NUMBER_INJURED,PARTY_COUNT,PRIMARY_COLL_FACTOR,PCF_CODE_OF_VIOL,PCF_VIOL_CATEGORY,PCF_VIOLATION,PCF_VIOL_SUBSECTION,HIT_AND_RUN,TYPE_OF_COLLISION,MVIW,PED_ACTION,ROAD_SURFACE,ROAD_COND_1,ROAD_COND_2,LIGHTING,CONTROL_DEVICE,CHP_ROAD_TYPE,PEDESTRIAN_ACCIDENT,BICYCLE_ACCIDENT,MOTORCYCLE_ACCIDENT,TRUCK_ACCIDENT,NOT_PRIVATE_PROPERTY,ALCOHOL_INVOLVED,STWD_VEHTYPE_AT_FAULT,CHP_VEHTYPE_AT_FAULT,COUNT_SEVERE_INJ,COUNT_VISIBLE_INJ,COUNT_COMPLAINT_PAIN,COUNT_PED_KILLED,COUNT_PED_INJURED,COUNT_BICYCLIST_KILLED,COUNT_BICYCLIST_INJURED,COUNT_MC_KILLED,COUNT_MC_INJURED,PRIMARY_RAMP,SECONDARY_RAMP,LATITUDE,LONGITUDE,COUNTY,CITY,POINT_X,POINT_Y
9550359,2023,2023-03-20,0111,2023-02-27,1855,343,,1,5,5,0111,0,0,0,,0,002,"OWENS DR",WILLOW,42.00,W,N,B,-,N,,,,,,,,,,N,3,0,1,2,A,-,03,22350,,N,C,C,A,A,H,-,C,A,0,,,,,Y,,A,01,0,1,0,0,0,0,0,0,0,"- ","- ",,,ALAMEDA,PLEASANTON,-121.89832305908203,37.6998291015625
9550962,2023,2023-03-03,0112,2023-01-23,1824,368,,1,5,5,0112,0,0,0,,0,004,"RT 112","RT 880",0.00,,Y,A,-,Y,ALA,4,112,-,-,0.570,H,-,E,Y,3,0,1,3,A,-,03,22350,,N,C,D,A,A,H,-,C,A,0,,,,,Y,,A,01,0,1,0,0,0,0,0,0,0,"- ","- ",,,ALAMEDA,"SAN LEANDRO",-122.17716217041016,37.719005584716797
9551764,2023,2023-02-27,0106,2023-01-07,1417,412,,6,5,6,0106,0,0,0,,0,00C,"HARDER RD","FRANKLIN ST",0.00,,Y,A,-,N,,,,,,,,,,Y,4,0,2,2,A,-,03,22350,,F,D,C,A,A,H,-,A,D,0,,,,,Y,,A,01,0,0,2,0,0,0,0,0,0,"- ","- ",37.644180297851562,-122.08122253417969,ALAMEDA,HAYWARD,,
9551777,2022,2023-02-27,0106,2022-12-30,0636,484,,5,5,6,0106,0,0,0,,0,00H,"POMPANO AV","WEST TENNYSON RD",0.00,,Y,C,-,N,,,,,,,,,,N,4,0,1,2,A,-,12,21457,A,M,D,C,A,B,H,-,B,B,0,,,,,Y,Y,A,01,0,0,1,0,0,0,0,0,0,"- ","- ",37.631328582763672,-122.07756042480469,ALAMEDA,HAYWARD,-122.07756042480469,37.63128662109375
9552601,2023,2023-02-23,0109,2023-01-01,1542,9978,1,7,5,7,0109,0,0,0,,0,08X,"29TH ST","TELEGRAPH AV",30.00,W,N,A,-,N,,,,,,,,,,N,4,0,1,2,A,-,08,22107,,N,B,E,A,A,H,-,A,A,0,,,,,Y,,A,01,0,0,1,0,0,0,0,0,0,"- ","- ",,,ALAMEDA,OAKLAND,-122.26750183105469,37.818244934082031
9553770,2023,2023-03-17,0109,2023-03-04,1416,8824,1,6,5,7,0109,0,0,0,,0,03X,"WEBSTER ST","11TH ST",0.00,,Y,B,-,N,,,,,,,,,,N,4,0,2,2,A,-,12,21453,A,N,D,D,A,B,H,-,A,A,0,,,,,Y,,D,22,0,0,2,0,0,0,0,0,0,"- ","- ",,,ALAMEDA,OAKLAND,,
9553865,2022,2023-03-14,0109,2022-10-20,1640,8347,1,4,5,7,0109,0,0,0,,0,11X,"SHATTUCK AV","54TH ST",0.00,,Y,A,-,N,,,,,,,,,,N,3,0,1,2,A,-,09,21801,A,N,D,G,A,A,H,-,A,D,0,,Y,,,Y,,L,04,0,1,0,0,0,0,1,0,0,"- ","- ",,,ALAMEDA,OAKLAND,-122.264404296875,37.839500427246094
9554161,2023,2023-03-15,0109,2023-01-25,"642 ",9339,2,3,5,7,0109,0,0,0,,0,27X,"SEMINARY AV","ELIZABETH ST",25.00,N,N,A,-,N,,,,,,,,,,Y,4,0,1,2,A,-,08,22107,,N,A,E,A,A,H,-,C,D,0,,,,,Y,,A,01,0,0,1,0,0,0,0,0,0,"- ","- ",,,ALAMEDA,OAKLAND,-122.19386291503906,37.769111633300781
9554182,2023,2023-03-25,0109,2023-02-26,1829,8198,1,7,5,7,0109,0,0,0,,0,11X,"TELEGRAPH AV","66TH ST",99.00,S,N,B,-,N,,,,,,,,,,N,4,0,2,2,A,-,08,22107,,N,D,C,A,B,H,-,C,A,0,,,,,Y,,A,07,0,0,2,0,0,0,0,0,0,"- ","- ",,,ALAMEDA,OAKLAND,-122.26031494140625,37.851760864257812
9554191,2023,2023-03-25,0109,2023-02-20,1834,9904,2,1,5,7,0109,0,0,0,,0,31X,"HEGENBERGER RD","RT 880 OVERPASS",0.00,,-,A,-,N,,,,,,,,,,N,4,0,1,1,A,-,08,22107,,N,B,I,A,A,H,-,C,A,0,,,,,Y,,A,01,0,0,1,0,0,0,0,0,0,"- ","- ",,,ALAMEDA,OAKLAND,,
9554216,2023,2023-04-05,0109,2023-02-09,"48  ",10007,1,4,5,7,0109,0,0,0,,0,19X,"14TH AV","E 15TH ST",0.00,,Y,A,-,N,,,,,,,,,,N,4,0,2,2,A,-,12,21453,A,N,A,C,A,A,H,-,C,A,0,,,,,Y,,A,01,0,0,2,0,0,0,0,0,0,"- ","- ",,,ALAMEDA,OAKLAND,,
9554218,2023,2023-04-05,0109,2023-02-07,1017,9410,2,2,5,7,0109,0,0,0,,0,35X,"MACARTHUR BL",REEMS,20.00,E,N,B,-,N,,,,,,,,,,N,4,0,1,2,A,-,06,21750,,N,B,C,A,A,H,-,A,A,0,,,,,Y,,A,01,0,0,1,0,0,0,0,0,0,"- ","- ",,,ALAMEDA,OAKLAND,,
9554220,2023,2023-04-05,0109,2023-02-01,1648,9173,1,3,5,7,0109,0,0,0,,0,10X,"MARTIN LUTHER KING JR WY","AILEEN ST",0.00,,Y,A,-,N,,,,,,,,,,Y,4,0,3,4,A,-,09,21802,A,N,D,C,A,A,H,-,A,A,0,,,,,Y,,A,01,0,0,3,0,0,0,0,0,0,"- ","- ",,,ALAMEDA,OAKLAND,,
9554859,2023,2023-03-20,0111,2023-03-01,1146,335,,3,5,5,0111,0,0,0,,0,002,"SANTA RITA RD","OLD SANTA RITA RD",225.00,S,N,A,-,N,,,,,,,,,,N,4,0,1,2,A,-,03,22350,,N,G,G,A,A,H,-,A,D,0,,Y,,,Y,,L,04,0,0,1,0,0,0,1,0,0,"- ","- ",,,ALAMEDA,PLEASANTON,-121.87860870361328,37.693904876708984
9554963,2023,2023-03-24,0103,2023-02-24,1650,6,3601,5,5,6,0103,0,0,0,,0,008,ASHBY,TELEGRAPH,0.00,,Y,A,-,Y,ALA,4,13,-,-,11.590,H,-,N,N,4,0,1,2,A,-,09,21801,A,N,A,C,A,A,H,-,A,A,0,,,,,Y,,A,07,0,0,1,0,0,0,0,0,0,"- ","- ",37.856189727783203,-122.25966644287109,ALAMEDA,BERKELEY,-122.25934600830078,37.856208801269531
9555038,2023,2023-03-24,0103,2023-02-28,1215,33,3601,2,5,6,0103,0,0,0,,0,008,ASHBY,"HILLEGASS AV",72.00,E,N,B,-,Y,ALA,4,13,-,-,11.350,H,-,N,N,3,0,1,2,A,-,03,22350,,N,D,C,A,A,H,-,A,A,0,,,,,Y,,A,01,0,1,0,0,0,0,0,0,0,"- ","- ",37.856731414794922,-122.2554931640625,ALAMEDA,BERKELEY,-122.25514984130859,37.856777191162109
9555331,2023,2023-03-24,0111,2023-02-28,"739 ",292,,2,5,5,0111,0,0,0,,0,004,"HOPYARD RD","PARKSIDE DR",5.00,S,N,C,-,N,,,,,,,,,,Y,3,0,1,1,A,-,08,22107,,N,E,I,A,B,H,-,A,A,0,,,,,Y,,D,22,0,1,0,0,0,0,0,0,0,"- ","- ",,,ALAMEDA,PLEASANTON,-121.89988708496094,37.677803039550781
9556295,2022,2023-03-24,0113,2022-12-06,2227,4916,T011,2,5,5,0113,0,0,0,,0,005,"UNION CITY BL","SMITH ST",0.00,,Y,A,-,N,,,,,,,,,,Y,4,0,1,2,A,-,03,22350,,N,D,C,A,A,H,-,C,A,0,,,,,Y,,A,01,0,0,1,0,0,0,0,0,0,"- ","- ",,,ALAMEDA,"UNION CITY",-122.080810546875,37.596481323242188
9556296,2022,2023-03-24,0113,2022-12-21,0629,4823,C156,3,5,5,0113,0,0,0,,0,004,"DECOTO RD","ALVARADO NILES RD",25.00,N,N,A,-,N,,,,,,,,,,N,4,0,1,2,A,-,03,22350,,M,C,C,A,A,H,-,A,A,0,,,Y,,Y,,A,01,0,0,1,0,0,0,0,0,1,"- ","- ",,,ALAMEDA,"UNION CITY",-122.02166748046875,37.587284088134766
9556436,2023,2023-03-30,0113,2023-02-12,1630,5199,R129,7,5,5,0113,0,0,0,,0,005,"ALVARADO NILES RD","DYER ST",93.00,E,N,A,-,N,,,,,,,,,,N,4,0,1,1,A,-,07,21658,,N,E,I,A,A,H,-,A,D,0,,,,,Y,,A,01,0,0,1,0,0,0,0,0,0,"- ","- ",,,ALAMEDA,"UNION CITY",-122.07081604003906,37.597137451171875
9556774,2023,2023-03-29,0106,2023-02-17,"156 ",435,,5,5,6,0106,0,0,0,,0,00D,"SANTA CLARA ST","BANBURY ST",25.00,N,N,A,-,N,,,,,,,,,,Y,3,0,2,3,A,-,01,23152,A,N,C,E,A,A,H,-,C,D,0,,,,,Y,Y,A,01,0,2,0,0,0,0,0,0,0,"- ","- ",37.650741577148438,-122.09279632568359,ALAMEDA,HAYWARD,-122.09294891357422,37.650379180908203
9557189,2022,2023-03-20,0113,2022-11-21,2222,4003,A042,1,5,5,0113,0,0,0,,0,004,"MISSION BL","TAMARACK DR",31.00,S,N,A,-,Y,ALA,4,238,-,-,7.360,H,-,S,Y,4,0,2,2,A,-,01,23152,A,N,C,C,A,A,H,-,C,D,0,,,,,Y,Y,A,01,0,0,2,0,0,0,0,0,0,"- ","- ",,,ALAMEDA,"UNION CITY",-122.02275085449219,37.608455657958984
9558760,2023,2023-03-22,0106,2023-01-16,1759,368,,1,5,6,0106,0,0,0,,0,00G,"WEST TENNYSON RD","TAMPA AV",0.00,,Y,A,-,N,,,,,,,,,,Y,4,0,2,2,A,-,12,21453,A,N,A,C,A,A,H,-,C,A,0,,,,,Y,,A,01,0,0,2,0,0,0,0,0,0,"- ","- ",37.631278991699219,-122.07576751708984,ALAMEDA,HAYWARD,,
9558962,2022,2023-04-10,0109,2022-02-27,1328,9039,1,7,5,7,0109,0,0,0,,0,09X,"SAN PABLO AV","ALCATRAZ AV",0.00,,Y,A,-,N,,,,,,,,,,N,3,0,2,2,A,-,03,22350,,M,C,C,A,A,H,-,A,A,0,,,,,Y,Y,A,01,0,1,1,0,0,0,0,0,0,"- ","- ",,,ALAMEDA,OAKLAND,-122.28492736816406,37.846916198730469
9560149,2022,2023-03-21,0109,2022-10-19,0810,9148,1,3,5,7,0109,0,0,0,,0,07X,"10TH ST","FALLON ST",0.00,,Y,A,-,N,,,,,,,,,,N,3,0,1,2,A,-,03,22350,,M,H,G,A,A,H,-,A,D,0,,Y,,,Y,,A,08,0,1,0,0,0,0,1,0,0,"- ","- ",,,ALAMEDA,OAKLAND,-122.26341247558594,37.797847747802734
9560152,2022,2023-03-21,0109,2022-10-25,2200,9682,2,2,5,7,0109,0,0,0,,0,29X,"68TH AV","FOOTHILL RD",0.00,,Y,-,-,N,,,,,,,,,,N,4,0,1,2,A,-,09,21801,A,N,A,C,A,A,H,-,C,A,0,,,,,Y,,A,01,0,0,1,0,0,0,0,0,0,"- ","- ",,,ALAMEDA,OAKLAND,-122.17848205566406,37.769966125488281
9560915,2023,2023-05-06,0109,2023-03-07,1105,9039,1,2,5,7,0109,0,0,0,,0,11X,"MARTIN LUTHER KING JR WY","52ND ST",0.00,,Y,B,-,N,,,,,,,,,,N,4,0,2,2,A,-,12,21453,A,N,D,C,A,A,H,-,A,A,0,,,,,Y,,A,01,0,0,2,0,0,0,0,0,0,"- ","- ",,,ALAMEDA,OAKLAND,,
9561176,2023,2023-03-30,0109,2023-02-09,1444,9516,1,4,5,7,0109,0,0,0,,0,07X,"28TH ST","MARKET ST",0.00,,Y,A,-,N,,,,,,,,,,N,3,0,2,3,A,-,09,21800,D,N,D,C,A,A,-,-,A,A,0,,,,,Y,,A,01,0,1,1,0,0,0,0,0,0,"- ","- ",,,ALAMEDA,OAKLAND,,
9561496,2022,2023-03-27,0109,2022-08-07,1850,9482,2,7,5,7,0109,0,0,0,,0,21Y,"COOLIDGE AV","SCHOOL ST",0.00,,Y,A,-,N,,,,,,,,,,N,4,0,1,3,A,-,12,21453,A,M,B,C,A,A,H,-,A,A,0,,,,,Y,,A,01,0,0,1,0,0,0,0,0,0,"- ","- ",,,ALAMEDA,OAKLAND,-122.2125244140625,37.794727325439453
9561674,2023,2023-03-30,0106,2023-02-20,1537,356,,1,5,6,0106,0,0,0,,0,00B,"D ST","ATHERTON ST",0.00,,Y,A,-,N,,,,,,,,,,N,4,0,1,2,A,-,08,22107,,N,D,C,A,A,H,-,A,A,0,,,,,Y,Y,A,07,0,0,1,0,0,0,0,0,0,"- ","- ",37.668918609619141,-122.08342742919922,ALAMEDA,HAYWARD,,
9561677,2023,2023-03-30,0103,2023-02-03,"945 ",32,,5,5,6,0103,0,0,0,,0,003,"MARTIN LUTHER KING JR WY",UNIVERSITY,0.00,,Y,A,-,N,,,,,,,,,,N,4,0,1,3,A,-,07,21658,A,N,B,C,A,A,H,-,A,A,0,,,,,Y,,A,01,0,0,1,0,0,0,0,0,0,"- ","- ",37.871559143066406,-122.27300262451172,ALAMEDA,BERKELEY,,
9561678,2023,2023-03-30,0103,2023-02-06,1559,27,,1,5,6,0103,0,0,0,,0,014,"9TH AV",UNIVERSITY,0.00,,Y,A,-,N,,,,,,,,,,Y,3,0,2,3,A,-,12,21453,A,N,D,C,A,A,H,-,A,A,0,,,,,Y,,A,01,0,2,0,0,0,0,0,0,0,"- ","- ",37.868640899658203,-122.29441070556641,ALAMEDA,BERKELEY,,
9561682,2023,2023-03-30,0103,2023-02-10,2322,149,27,5,5,6,0103,0,0,0,,0,007,"CHANNING ST","COLLEGE AV",0.00,,Y,B,-,N,,,,,,,,,,N,3,0,2,3,A,-,11,21453,D,F,G,B,B,B,H,-,C,A,0,Y,,Y,,Y,Y,N,60,0,1,1,0,1,0,0,0,1,"- ","- ",37.867488861083984,-122.2542724609375,ALAMEDA,BERKELEY,,
9561689,2023,2023-03-28,0103,2023-02-22,"748 ",112,,3,5,6,0103,0,0,0,,0,007,"WARRING ST","PIEDMONT CRES",0.00,,Y,A,-,N,,,,,,,,,,N,2,0,1,2,A,-,17,21235,G,N,D,C,A,A,H,-,A,A,0,,,,,Y,,M,94,1,0,0,0,0,0,0,0,0,"- ","- ",37.865940093994141,-122.25044250488281,ALAMEDA,BERKELEY,,
9562200,2023,2023-04-18,0109,2023-03-18,1136,9914,2,6,5,7,0109,0,0,0,,0,32X,"108TH AV","MACARTHUR BL",0.00,,Y,B,-,N,,,,,,,,,,Y,3,0,1,2,A,-,12,22450,A,F,E,C,A,A,H,-,A,A,0,,,,,Y,,A,01,0,1,0,0,0,0,0,0,0,"- ","- ",,,ALAMEDA,OAKLAND,,
9562205,2023,2023-04-18,0109,2023-03-19,"903 ",10003,1,7,5,7,0109,0,0,0,,0,19X,"INTERNATIONAL BL","12TH AV",15.00,E,N,C,-,N,,,,,,,,,,N,4,0,2,3,A,-,08,22107,,F,B,E,A,B,H,-,C,D,0,,,,,Y,,A,07,0,0,2,0,0,0,0,0,0,"- ","- ",,,ALAMEDA,OAKLAND,-122.24798583984375,37.790569305419922
9562214,2023,2023-04-19,0109,2023-03-16,"602 ",10083,1,4,5,7,0109,0,0,0,,0,19X,EMBARCADERO,"5TH AV",0.00,,Y,A,-,N,,,,,,,,,,Y,4,0,1,2,A,-,12,21453,A,N,D,C,A,A,H,-,C,A,0,,,,,Y,,A,01,0,0,1,0,0,0,0,0,0,"- ","- ",,,ALAMEDA,OAKLAND,,
9562215,2023,2023-04-18,0109,2023-03-15,2008,10009,1,3,5,7,0109,0,0,0,,0,17X,"E 18TH ST","5TH AV",0.00,,Y,A,-,N,,,,,,,,,,N,4,0,1,2,A,-,11,21453,D,N,D,B,B,A,H,-,C,A,0,Y,,,,Y,,N,60,0,0,1,0,1,0,0,0,0,"- ","- ",,,ALAMEDA,OAKLAND,,
9562331,2023,2023-04-17,0109,2023-02-11,"130 ",9809,2,6,5,7,0109,0,0,0,,0,31X,"HEGENBERGER RD","AIRPORT ACCESS RD",0.00,,Y,C,-,N,,,,,,,,,,N,4,0,1,2,A,-,12,21453,A,F,D,C,A,A,H,-,C,A,0,,,,,Y,,-,99,0,0,1,0,0,0,0,0,0,"- ","- ",,,ALAMEDA,OAKLAND,,
9562380,2023,2023-05-09,0111,2023-03-10,1530,352,,5,5,5,0111,0,0,0,,0,003,"FOOTHILL RD","DEER OAKS DR",0.00,,Y,A,-,N,,,,,,,,,,Y,3,0,1,2,A,-,00,22101,A,N,D,C,A,A,H,-,A,A,0,,,,,Y,,A,08,0,1,0,0,0,0,0,0,0,"- ","- ",,,ALAMEDA,PLEASANTON,,
9562636,2022,2023-04-11,0109,2022-12-13,2000,10028,2,2,5,7,0109,0,0,0,,0,27X,"HAVENSOURT BL","INTERNATIONAL BL",0.00,,Y,A,-,N,,,,,,,,,,N,4,0,1,2,A,-,10,21950,A,N,G,B,B,A,H,-,C,A,0,Y,,,,Y,Y,A,01,0,0,1,0,1,0,0,0,0,"- ","- ",,,ALAMEDA,OAKLAND,-122.19289398193359,37.761966705322266
9562973,2023,2023-05-06,0108,2023-03-06,"121 ",12151,12,1,5,4,0108,0,0,0,,0,001,"THORNTON AV","CEDAR BL",28.00,W,N,A,-,N,,,,,,,,,,Y,3,0,1,1,A,-,07,21658,A,N,E,I,A,A,H,-,C,A,0,,,,,Y,,A,01,0,1,0,0,0,0,0,0,0,"- ","- ",37.542331695556641,-122.02635955810547,ALAMEDA,NEWARK,-122.05794525146484,37.527126312255859
9562997,2023,2023-05-08,0102,2023-03-06,1532,AW0629,3,1,5,3,0102,0,0,0,,0,001,PORTLAND,RAMONA,0.00,,Y,B,-,N,,,,,,,,,,N,3,0,2,4,A,-,03,22350,,N,H,C,A,A,H,-,A,D,0,,,,,Y,,A,08,0,1,1,0,0,0,0,0,0,"- ","- ",37.894691467285156,-122.29151153564453,ALAMEDA,ALBANY,,
9565518,2023,2023-06-06,0111,2023-04-22,1701,357,,6,5,5,0111,0,0,0,,0,003,"BERNAL AV","KOLL CENTER DR",27.00,E,N,A,-,N,,,,,,,,,,N,3,0,1,2,A,-,03,22350,,N,C,C,A,A,H,-,A,A,0,,,,,Y,,D,22,0,1,0,0,0,0,0,0,0,"- ","- ",37.657909393310547,-121.89885711669922,ALAMEDA,PLEASANTON,-121.89906311035156,37.657802581787109
9566124,2022,2023-04-24,0109,2022-11-30,1857,9953,2,3,5,7,0109,0,0,0,,0,32X,"MACARTHUR BL","106TH AV",0.00,,Y,A,-,N,,,,,,,,,,N,3,0,2,3,A,-,09,21800,A,N,D,C,A,A,-,-,E,B,0,,,,,Y,,-,"- ",0,1,1,0,0,0,0,0,0,"- ","- ",,,ALAMEDA,OAKLAND,-122.15248870849609,37.742965698242188
9566641,2022,2023-05-17,0109,2022-07-27,1422,9940,1,3,5,7,0109,0,0,0,,0,02X,"14TH ST","ADELINE ST",0.00,,Y,A,-,N,,,,,,,,,,N,3,0,1,2,A,-,10,21950,A,N,G,B,B,A,-,-,A,A,0,Y,,,,Y,,A,07,0,1,0,0,1,0,0,0,0,"- ","- ",,,ALAMEDA,OAKLAND,-122.28615570068359,37.809505462646484
9566643,2022,2023-05-17,0109,2022-10-10,2232,10016,2,1,5,7,0109,0,0,0,,0,30Y,"HEGENBERGER RD","COLLINS ST",0.00,,Y,A,-,N,,,,,,,,,,N,4,0,1,2,A,-,09,21804,A,F,B,C,A,A,H,-,C,D,0,,,,,Y,,A,01,0,0,1,0,0,0,0,0,0,"- ","- ",,,ALAMEDA,OAKLAND,-122.19618225097656,37.745513916015625
9566645,2022,2023-05-17,0109,2022-09-04,0038,9947,2,7,5,7,0109,0,0,0,,0,12X,"51ST ST","TELEGRAPH AV",0.00,,Y,A,-,N,,,,,,,,,,N,4,0,1,2,A,-,12,21453,A,N,B,C,A,A,H,-,C,A,0,,,,,Y,,A,01,0,0,1,0,0,0,0,0,0,"- ","- ",,,ALAMEDA,OAKLAND,-122.26235198974609,37.837207794189453
9566651,2022,2023-05-17,0109,2022-07-25,2331,9842,2,1,5,7,0109,0,0,0,,0,35X,"DOWLING ST","84TH AV",0.00,,Y,A,-,N,,,,,,,,,,Y,4,0,1,3,A,-,12,22450,A,M,B,C,A,A,H,-,C,A,0,,,,,Y,,A,01,0,0,1,0,0,0,0,0,0,"- ","- ",,,ALAMEDA,OAKLAND,-122.16752624511719,37.759258270263672
9567174,2023,2023-05-01,0100,2023-04-17,"901 ",2254,DUBLI,1,5,4,0198,0,0,0,,0,073,"ARNOLD RD","HORIZON PKWY",0.00,,Y,B,-,N,,,,,,,,,,,4,0,2,2,A,-,03,22350,,N,C,C,A,A,H,-,A,A,0,,,,,Y,,A,01,0,0,2,0,0,0,0,0,0,"- ","- ",,,ALAMEDA,DUBLIN,,
9567263,2023,2023-05-11,0111,2023-04-14,1854,348,,5,5,5,0111,0,0,0,,0,005,"1ST ST","W ANGELEA ST",54.00,N,N,A,-,N,,,,,,,,,,,3,0,1,2,A,-,07,21658,A,N,B,C,A,A,H,-,A,D,0,,,,,Y,,A,01,0,1,0,0,0,0,0,0,0,"- ","- ",,,ALAMEDA,PLEASANTON,-121.87457275390625,37.658920288085938
9567559,2023,2023-06-02,0112,2023-05-05,2150,402,,5,5,5,0112,0,0,0,,0,005,"E 14TH AV","152ND AV",0.00,,Y,A,-,N,,,,,,,,,,N,4,0,1,2,A,-,09,21804,A,N,D,C,A,A,H,-,C,A,0,,,,,Y,,-,,0,0,1,0,0,0,0,0,0,"- ","- ",37.704280853271484,-122.12715911865234,ALAMEDA,"SAN LEANDRO",,
9567854,2023,2023-06-13,0112,2023-05-10,1648,409,,3,5,5,0112,0,0,0,,0,003,"FAIRWAY DR","TEAGARDEN ST",0.00,,Y,A,-,N,,,,,,,,,,N,3,0,1,2,A,-,08,22107,1,N,H,G,A,A,H,-,A,A,0,,Y,,,Y,,-,,0,1,0,0,0,0,1,0,0,"- ","- ",,,ALAMEDA,"SAN LEANDRO",,
9567855,2023,2023-07-14,0112,2023-05-14,1925,397,,7,5,5,0112,0,0,0,,0,005,"E 14TH ST","FAIRMONT DR",28.00,N,N,A,-,Y,ALA,4,185,-,-,3.460,H,-,S,Y,4,0,3,2,A,-,01,23152,A,N,C,C,A,A,H,-,A,A,0,,,,,Y,Y,A,01,0,0,3,0,0,0,0,0,0,"- ","- ",,,ALAMEDA,"SAN LEANDRO",-122.12623596191406,37.70355224609375
9567936,2023,2023-06-02,0109,2023-02-06,1442,10033,1,1,5,7,0109,0,0,0,,0,19X,"LAKESHORE AV","BROOKLYN AV",0.00,,Y,-,-,N,,,,,,,,,,N,3,0,1,2,A,-,21,22106,,N,H,G,A,A,-,-,A,D,0,,Y,,,Y,,A,01,0,1,0,0,0,0,1,0,0,"- ","- ",,,ALAMEDA,OAKLAND,,
9568147,2023,2023-04-27,0103,2023-03-08,2000,23,37,3,5,6,0103,0,0,0,,0,007,"ASHBY AV","CLAREMONT AV",0.00,,Y,A,-,Y,ALA,4,13,-,-,10.790,I,5,N,Y,3,0,1,2,A,-,09,21801,A,N,D,C,A,A,H,-,-,A,0,,,,,Y,,A,07,0,1,0,0,0,0,0,0,0,"- ","- ",37.858051300048828,-122.24530029296875,ALAMEDA,BERKELEY,-122.24531555175781,37.858078002929688
9568151,2023,2023-04-27,0103,2023-03-10,1305,7,,5,5,6,0103,0,0,0,,0,015,"RT 123","GILMAN ST",0.00,,Y,A,-,Y,ALA,4,123,-,-,3.980,I,5,S,,3,0,2,2,A,-,09,21801,A,N,A,C,A,A,H,-,A,A,0,,,,,Y,,A,01,0,1,1,0,0,0,0,0,0,"- ","- ",,,ALAMEDA,BERKELEY,-122.2958984375,37.880466461181641
9568183,2023,2023-05-04,0108,2023-03-26,"805 ",11366,17,7,5,4,0108,0,0,0,,0,001,"THORNTON AV","PEACHTREE AV",496.00,N,N,A,-,N,,,,,,,,,,Y,2,0,1,2,A,-,09,21801,A,N,D,C,A,A,H,-,A,D,0,,,Y,,Y,,A,01,1,0,0,0,0,0,0,0,1,"- ","- ",37.526569366455078,-122.05615997314453,ALAMEDA,NEWARK,-122.05780792236328,37.527069091796875
9568344,2022,2023-03-29,0113,2022-11-18,2053,5054,C271,5,5,5,0113,0,0,0,,0,005,"COURTHOUSE DR","HOLLY WY",130.00,N,N,A,-,N,,,,,,,,,,Y,3,0,2,1,A,-,03,22350,,N,E,I,A,A,H,-,C,D,0,,,,,Y,,A,01,0,1,1,0,0,0,0,0,0,"- ","- ",,,ALAMEDA,"UNION CITY",-122.06616973876953,37.602329254150391
9569164,2023,2023-06-21,0112,2023-05-31,1915,382,,3,5,5,0112,0,0,0,,0,004,"RT 112","WARDEN AV",0.00,,Y,A,-,Y,ALA,4,112,-,R,0.415,I,5,W,N,3,0,1,2,A,-,10,21950,A,N,G,B,B,A,H,-,A,A,0,Y,,,,Y,,A,01,0,1,0,0,1,0,0,0,0,"- ","- ",,,ALAMEDA,"SAN LEANDRO",-122.17990112304688,37.718433380126953
9569516,2023,2023-07-06,0109,2023-04-04,"910 ",10073,1,2,5,7,0109,0,0,0,,0,06X,"MARTIN LUTHER KING BL","27TH ST",0.00,,Y,A,-,N,,,,,,,,,,N,4,0,1,2,A,-,12,21453,A,N,D,C,A,A,H,-,A,B,0,,,,,Y,,A,01,0,0,1,0,0,0,0,0,0,"- ","- ",,,ALAMEDA,OAKLAND,,
9569560,2023,2023-07-20,0113,2023-03-18,1527,5090,R101,6,5,5,0113,0,0,0,,0,004,"MISSION BL","TAMARACK DR",368.00,N,N,B,-,Y,ALA,4,238,-,-,7.660,I,5,N,N,3,0,1,2,A,-,08,22107,,N,D,G,A,A,H,-,A,D,0,,Y,,,Y,,A,01,0,1,0,0,0,0,1,0,0,"- ","- ",,,ALAMEDA,"UNION CITY",-122.02615356445312,37.611629486083984
9569580,2023,2023-07-19,0113,2023-04-28,1416,4823,R105,5,5,5,0113,0,0,0,,0,004,"MISSION BL","DECOTO RD",61.00,S,N,A,-,Y,ALA,4,238,-,-,6.760,H,-,S,N,3,0,1,2,A,-,09,21804,A,N,C,G,A,A,H,-,A,A,0,,Y,,,Y,,A,01,0,1,0,0,0,0,1,0,0,"- ","- ",,,ALAMEDA,"UNION CITY",-122.01548004150391,37.602039337158203
9570868,2022,2023-04-10,0109,2022-06-25,0655,9974,1,6,5,7,0109,0,0,0,,0,18X,"14TH AV","E 17TH ST",0.00,,Y,A,-,N,,,,,,,,,,N,4,0,1,2,A,-,09,21802,A,N,D,C,A,A,H,-,A,A,0,,,,,Y,,A,01,0,0,1,0,0,0,0,0,0,"- ","- ",,,ALAMEDA,OAKLAND,-122.24371337890625,37.791271209716797
9571197,2023,2023-05-10,0109,2023-03-15,2115,10088,1,3,5,7,0109,0,0,0,,0,03X,"CASTRO ST","14TH ST",0.00,,Y,A,-,N,,,,,,,,,,Y,4,0,1,2,A,-,12,21453,A,N,D,C,A,A,H,-,C,A,0,,,,,Y,,A,01,0,0,1,0,0,0,0,0,0,"- ","- ",,,ALAMEDA,OAKLAND,,
9571273,2023,2023-04-29,0111,2023-03-28,1243,292,,2,5,5,0111,0,0,0,,0,004,"SANTA RITA RD","SUTTER GATE AV",15.00,S,N,C,-,N,,,,,,,,,,N,3,0,1,1,A,-,17,21235,G,N,F,J,A,B,H,-,A,D,0,,,,,Y,,-,,0,1,0,0,0,0,0,0,0,"- ","- ",,,ALAMEDA,PLEASANTON,-121.87699890136719,37.685260772705078