CASE_ID,ACCIDENT_YEAR,PROC_DATE,JURIS,COLLISION_DATE,COLLISION_TIME,OFFICER_ID,REPORTING_DISTRICT,DAY_OF_WEEK,CHP_SHIFT,POPULATION,CNTY_CITY_LOC,SPECIAL_COND,BEAT_TYPE,CHP_BEAT_TYPE,CITY_DIVISION_LAPD,CHP_BEAT_CLASS,BEAT_NUMBER,PRIMARY_RD,SECONDARY_RD,DISTANCE,DIRECTION,INTERSECTION,WEATHER_1,WEATHER_2,STATE_HWY_IND,CALTRANS_COUNTY,CALTRANS_DISTRICT,STATE_ROUTE,ROUTE_SUFFIX,POSTMILE_PREFIX,POSTMILE,LOCATION_TYPE,RAMP_INTERSECTION,SIDE_OF_HWY,TOW_AWAY,COLLISION_SEVERITY,NUMBER_KILLED,NUMBER_INJURED,PARTY_COUNT,PRIMARY_COLL_FACTOR,PCF_CODE_OF_VIOL,PCF_VIOL_CATEGORY,PCF_VIOLATION,PCF_VIOL_SUBSECTION,HIT_AND_RUN,TYPE_OF_COLLISION,MVIW,PED_ACTION,ROAD_SURFACE,ROAD_COND_1,ROAD_COND_2,LIGHTING,CONTROL_DEVICE,CHP_ROAD_TYPE,PEDESTRIAN_ACCIDENT,BICYCLE_ACCIDENT,MOTORCYCLE_ACCIDENT,TRUCK_ACCIDENT,NOT_PRIVATE_PROPERTY,ALCOHOL_INVOLVED,STWD_VEHTYPE_AT_FAULT,CHP_VEHTYPE_AT_FAULT,COUNT_SEVERE_INJ,COUNT_VISIBLE_INJ,COUNT_COMPLAINT_PAIN,COUNT_PED_KILLED,COUNT_PED_INJURED,COUNT_BICYCLIST_KILLED,COUNT_BICYCLIST_INJURED,COUNT_MC_KILLED,COUNT_MC_INJURED,PRIMARY_RAMP,SECONDARY_RAMP,LATITUDE,LONGITUDE,COUNTY,CITY,POINT_X,POINT_Y
9594528,2023,2023-07-13,0113,2023-05-25,1950,5191,C191,4,5,5,0113,0,0,0,,0,0P4,"MISSION BL","E ST",0.00,,Y,A,-,Y,ALA,4,238,-,-,6.990,I,5,S,N,2,0,1,2,A,-,09,21801,A,F,D,C,A,A,H,-,A,D,0,,,Y,,Y,,D,23,1,0,0,0,0,0,0,0,1,"- ","- ",,,ALAMEDA,"UNION CITY",-122.01850891113281,37.604743957519531
9594703,2023,2023-07-24,0109,2023-06-13,1117,9736,1,2,5,7,0109,0,0,0,,0,10X,"62ND ST","VALLEJO ST",5.00,S,N,A,-,N,,,,,,,,,,N,3,0,1,2,A,-,12,22450,A,N,D,C,A,A,H,-,A,D,0,,,,,Y,,A,01,0,1,0,0,0,0,0,0,0,"- ","- ",,,ALAMEDA,OAKLAND,-122.28692626953125,37.844017028808594
9594704,2023,2023-07-24,0109,2023-06-05,1318,10037,2,1,5,7,0109,0,0,0,,0,30X,"73RD AV","BANCROFT AV",0.00,,Y,A,-,N,,,,,,,,,,N,4,0,2,1,A,-,08,22107,,N,E,I,A,A,H,-,A,A,0,,,,,Y,,A,01,0,0,2,0,0,0,0,0,0,"- ","- ",,,ALAMEDA,OAKLAND,,
9594782,2023,2023-07-11,0103,2023-05-28,2053,120,34,7,5,6,0103,0,0,0,,0,010,"SACRAMENTO AV","STUART ST",0.00,,Y,B,-,N,,,,,,,,,,N,2,0,1,2,A,-,05,21650,,N,A,G,A,A,H,-,C,D,0,,Y,,,Y,,L,04,1,0,0,0,0,0,1,0,0,"- ","- ",37.856918334960938,-122.27979278564453,ALAMEDA,BERKELEY,,
9594794,2023,2023-07-11,0103,2023-05-13,2109,29,23,6,5,6,0103,0,0,0,,0,002,"LINCOLN AV","MCGEE AV",164.00,W,N,A,-,N,,,,,,,,,,Y,3,0,1,2,A,-,07,21658,A,N,C,E,A,A,H,-,C,D,0,,,,,Y,Y,A,01,0,1,0,0,0,0,0,0,0,"- ","- ",37.876338958740234,-122.27812957763672,ALAMEDA,BERKELEY,-122.27867126464844,37.876258850097656
9594795,2023,2023-07-11,0103,2023-05-10,1227,112,,3,5,6,0103,0,0,0,,0,002,"MARTIN LUTHER KING JR WY","VINE CT",0.00,,Y,A,-,N,,,,,,,,,,Y,3,0,2,1,A,-,09,21801,A,N,E,I,A,A,H,-,A,A,0,,,,,Y,,A,01,0,2,0,0,0,0,0,0,0,"- ","- ",37.879631042480469,-122.27388763427734,ALAMEDA,BERKELEY,,
9594800,2023,2023-07-11,0103,2023-05-07,1223,150,,7,5,6,0103,0,0,0,,0,006,"HILLEGASS AV","DWIGHT WY",0.00,,Y,A,-,N,,,,,,,,,,N,3,0,1,3,A,-,10,21950,A,N,G,B,B,A,H,-,A,A,0,Y,,,,Y,,A,01,0,1,0,0,1,0,0,0,0,"- ","- ",37.865379333496094,-122.25665283203125,ALAMEDA,BERKELEY,,
9594801,2023,2023-07-07,0103,2023-05-05,2245,52,,5,5,6,0103,0,0,0,,0,006,CHANNING,"CHANNING 2510",0.00,,Y,C,-,N,,,,,,,,,,N,3,0,1,1,A,-,03,22350,,N,H,I,A,B,H,-,C,D,0,,,,,Y,Y,M,94,0,1,0,0,0,0,0,0,0,"- ","- ",37.866729736328125,-122.25827026367188,ALAMEDA,BERKELEY,,
9594804,2023,2023-07-07,0103,2023-05-03,"750 ",118,,3,5,6,0103,0,0,0,,0,008,"COLLEGE AV","WOOLSEY ST",0.00,,Y,C,-,N,,,,,,,,,,N,3,0,1,2,A,-,09,21802,A,N,D,C,A,B,H,-,A,A,0,,,,,Y,,A,01,0,1,0,0,0,0,0,0,0,"- ","- ",37.853900909423828,-122.25273132324219,ALAMEDA,BERKELEY,,
9594805,2023,2023-07-07,0103,2023-05-03,"325 ",38,,3,5,6,0103,0,0,0,,0,002,"MONTEREY AV","HOPKINS ST",528.00,N,N,C,-,N,,,,,,,,,,Y,3,0,1,3,A,-,03,22350,,N,D,E,A,B,H,-,C,D,0,,,,,Y,,A,01,0,1,0,0,0,0,0,0,0,"- ","- ",37.882808685302734,-122.2816162109375,ALAMEDA,BERKELEY,-122.28185272216797,37.882991790771484
9595234,2023,2023-08-18,0103,2023-05-03,1705,144,,3,5,6,0103,0,0,0,,0,009,"MARTIN LUTHER KING JR","WOOLSEY ST",30.00,N,N,B,-,N,,,,,,,,,,Y,2,0,4,4,A,-,08,22107,,N,C,C,A,A,H,-,A,D,0,,,,,Y,,A,01,1,3,0,0,0,0,0,0,0,"- ","- ",,,ALAMEDA,BERKELEY,-122.27076721191406,37.851680755615234
9595568,2022,2023-06-30,0109,2022-12-21,1617,9924,1,3,5,7,0109,0,0,0,,0,03X,"8TH ST","MARTIN LUTHER KING JR WY",0.00,,Y,A,-,N,,,,,,,,,,N,4,0,1,2,A,-,12,21453,A,N,D,C,A,A,H,-,A,A,0,,,,,Y,,A,01,0,0,1,0,0,0,0,0,0,"- ","- ",,,ALAMEDA,OAKLAND,-122.27851867675781,37.802070617675781
9595681,2022,2023-07-12,0109,2022-09-22,1719,10022,2,4,5,7,0109,0,0,0,,0,27X,"55TH AV","FAIRFAX AV",35.00,N,N,A,-,N,,,,,,,,,,N,2,0,2,3,A,-,09,21802,A,N,G,B,F,A,H,-,C,A,0,Y,,Y,,Y,,A,01,1,0,1,0,1,0,0,0,1,"- ","- ",,,ALAMEDA,OAKLAND,-122.20069885253906,37.769195556640625
9595896,2023,2023-07-14,0112,2023-06-25,1359,394,,7,5,5,0112,0,0,0,,0,001,"BANCROFT AV","DUTTON AV",0.00,,N,B,-,N,,,,,,,,,,Y,4,0,1,2,A,-,09,21804,A,N,B,C,A,A,H,-,A,A,0,,,,,Y,,A,07,0,0,1,0,0,0,0,0,0,"- ","- ",37.733768463134766,-122.15110015869141,ALAMEDA,"SAN LEANDRO",,
9596211,2023,2023-07-17,0112,2023-06-24,"533 ",404,,6,5,5,0112,0,0,0,,0,006,"FARNSWORTH AV","FARGO AV",0.00,,Y,A,-,N,,,,,,,,,,Y,4,0,1,2,A,-,12,22450,A,N,D,C,A,A,H,-,B,D,0,,,,,Y,,-,,0,0,1,0,0,0,0,0,0,"- ","- ",37.688930511474609,-122.15122985839844,ALAMEDA,"SAN LEANDRO",,
9597197,2023,2023-08-01,0109,2023-05-25,"758 ",10071,1,4,5,7,0109,0,0,0,,0,03X,"12TH ST","MADISON ST",0.00,,Y,A,-,N,,,,,,,,,,N,4,0,1,2,A,-,12,21453,A,N,D,C,A,A,-,-,A,A,0,,,,,Y,,A,01,0,0,1,0,0,0,0,0,0,"- ","- ",,,ALAMEDA,OAKLAND,,
9598826,2023,2024-01-18,0109,2023-09-30,1730,9917,2,6,5,7,0109,0,0,0,,0,21X,"23RD ST","27TH AV",0.00,,Y,A,-,N,,,,,,,,,,N,4,0,1,2,A,-,12,22450,A,N,D,C,A,A,H,-,B,A,0,,,,,Y,,A,01,0,0,1,0,0,0,0,0,0,"- ","- ",,,ALAMEDA,OAKLAND,,
9599273,2023,2024-01-31,0112,2023-12-27,1000,289,,3,5,5,0112,0,0,0,,0,002,"BANCROFT AV","MCKINLEY AV",30.00,S,N,B,-,N,,,,,,,,,,Y,3,0,1,3,D,-,00,,,M,H,E,A,A,H,-,A,D,0,,,,,Y,,-,"- ",0,1,0,0,0,0,0,0,0,"- ","- ",,,ALAMEDA,"SAN LEANDRO",-122.1444091796875,37.719192504882812
9599989,2023,2023-08-10,0103,2023-06-11,1054,148,29,7,5,6,0103,0,0,0,,0,006,SHATTUCK,CHANNING,0.00,,Y,B,-,N,,,,,,,,,,N,3,0,1,2,A,-,12,21453,A,N,D,G,A,A,G,-,A,A,0,,Y,,,Y,Y,L,04,0,1,0,0,0,0,1,0,0,"- ","- ",37.865779876708984,-122.267578125,ALAMEDA,BERKELEY,,
9599991,2023,2023-08-03,0103,2023-06-08,"955 ",108,,4,5,6,0103,0,0,0,,0,004,SHATTUCK,"SHATTUCK SQ",23.00,N,N,A,-,N,,,,,,,,,,N,3,0,1,3,A,-,09,21801,A,F,B,C,A,A,H,-,A,A,0,,,,,Y,,A,01,0,1,0,0,0,0,0,0,0,"- ","- ",37.871170043945312,-122.26828002929688,ALAMEDA,BERKELEY,-122.26829528808594,37.871212005615234
9599996,2023,2023-08-03,0103,2023-06-02,2236,6,34,5,5,6,0103,0,0,0,,0,009,MCGEE,"OREGON ST",0.00,,Y,A,-,N,,,,,,,,,,N,3,0,1,1,A,-,03,22350,,N,H,-,A,A,H,-,C,-,0,,Y,,,Y,Y,L,04,0,1,0,0,0,0,1,0,0,"- ","- ",37.856571197509766,-122.27523040771484,ALAMEDA,BERKELEY,,
9601182,2023,2023-08-14,0103,2023-06-28,1218,112,,3,5,6,0103,0,0,0,,0,011,"RT 13","9TH ST",285.00,E,N,A,-,Y,ALA,4,13,-,-,13.310,H,-,N,Y,3,0,2,2,A,-,04,21703,,N,C,C,A,A,H,-,A,A,0,,,,,Y,,A,01,0,2,0,0,0,0,0,0,0,"- ","- ",37.851619720458984,-122.28936767578125,ALAMEDA,BERKELEY,-122.28847503662109,37.851818084716797
9603064,2023,2023-08-04,0109,2023-06-01,1047,10099,2,4,5,7,0109,0,0,0,,0,27X,"48TH AV","BANCROFT AV",200.00,S,N,A,-,N,,,,,,,,,,N,4,0,2,2,A,-,09,21804,A,N,D,C,A,A,H,-,A,D,0,,,,,Y,,A,01,0,0,2,0,0,0,0,0,0,"- ","- ",,,ALAMEDA,OAKLAND,-122.20873260498047,37.771289825439453
9603117,2023,2023-07-27,0112,2023-06-26,1230,409,,1,5,5,0112,0,0,0,,0,005,"150TH AV","ROBIN ST",105.00,E,N,A,-,N,,,,,,,,,,Y,4,0,1,3,A,-,08,22107,,N,H,E,A,A,H,-,A,D,0,,,,,Y,,-,,0,0,1,0,0,0,0,0,0,"- ","- ",,,ALAMEDA,"SAN LEANDRO",-122.12767028808594,37.707023620605469
9603169,2023,2023-07-28,0109,2023-02-22,"827 ",10071,1,3,5,7,0109,0,0,0,,0,16Y,"EXCELSIOR AV","LINWOOD AV",0.00,,Y,A,-,N,,,,,,,,,,N,4,0,2,3,A,-,09,21801,A,N,A,C,A,A,-,-,A,D,0,,,,,Y,,A,01,0,0,2,0,0,0,0,0,0,"- ","- ",,,ALAMEDA,OAKLAND,,
9603172,2023,2023-07-28,0109,2023-02-13,1840,9904,2,1,5,7,0109,0,0,0,,0,30X,"BANCROFT AV","67TH AV",0.00,,Y,A,-,N,,,,,,,,,,N,4,0,1,3,A,-,10,21950,A,N,G,B,B,A,H,-,C,A,0,Y,,,,Y,,A,01,0,0,1,0,1,0,0,0,0,"- ","- ",,,ALAMEDA,OAKLAND,,
9603206,2023,2023-07-28,0109,2023-05-20,2117,9814,2,6,5,7,0109,0,0,0,,0,35X,"THERMAL ST","96TH AV",40.00,E,N,A,-,N,,,,,,,,,,Y,4,0,1,2,A,-,01,23152,A,N,F,E,A,A,H,-,C,A,0,,,,,Y,Y,A,01,0,0,1,0,0,0,0,0,0,"- ","- ",,,ALAMEDA,OAKLAND,-122.15894317626953,37.752185821533203
9603209,2023,2023-07-28,0109,2023-05-13,2039,9945,2,6,5,7,0109,0,0,0,,0,24X,"35TH AV","PENNIMAN AV",0.00,,Y,A,-,N,,,,,,,,,,Y,4,0,1,2,A,-,03,22350,,N,C,C,A,A,H,-,C,A,0,,,,,Y,,A,01,0,0,1,0,0,0,0,0,0,"- ","- ",,,ALAMEDA,OAKLAND,,
9603600,2023,2023-08-18,0109,2023-02-12,"5   ",9879,2,7,5,7,0109,0,0,0,,0,32X,"LINK ST","105TH AV",82.00,S,N,A,-,N,,,,,,,,,,Y,3,0,1,2,A,-,01,23152,A,N,C,E,A,A,H,-,C,D,0,,,,,Y,Y,A,01,0,1,0,0,0,0,0,0,0,"- ","- ",,,ALAMEDA,OAKLAND,-122.15782928466797,37.741863250732422
9604098,2023,2023-08-09,0106,2023-05-10,1452,405,,3,5,6,0106,0,0,0,,0,00D,"WEST WINTON AV","SAKLAN RD",601.00,E,N,A,-,N,,,,,,,,,,Y,4,0,2,2,A,-,17,21209,,N,D,C,A,A,H,-,A,D,0,,,,,Y,,A,01,0,0,2,0,0,0,0,0,0,"- ","- ",,,ALAMEDA,HAYWARD,-122.11662292480469,37.653099060058594
9604099,2023,2023-08-09,0106,2023-05-09,1903,418,,2,5,6,0106,0,0,0,,0,00F,"INDUSTRIAL PKWY SW","ADDISON WY",0.00,,Y,A,-,N,,,,,,,,,,Y,3,0,1,2,A,-,09,21801,A,N,D,C,A,A,H,-,A,D,0,,,,,Y,,A,01,0,1,0,0,0,0,0,0,0,"- ","- ",37.618198394775391,-122.06205749511719,ALAMEDA,HAYWARD,,
9604634,2023,2023-11-29,0103,2023-09-24,"700 ",,36,7,5,6,0103,0,0,0,,0,007,"ASHBY AV","COLLEGE AV",163.00,W,N,A,-,Y,ALA,4,13,-,-,11.260,H,-,S,N,4,0,1,2,A,-,21,22106,,N,E,C,A,A,H,-,A,D,0,,,,,Y,,A,01,0,0,1,0,0,0,0,0,0,"- ","- ",37.857219696044922,-122.25328063964844,ALAMEDA,BERKELEY,-122.25358581542969,37.856952667236328
9604638,2023,2023-11-27,0103,2023-09-12,1134,112,,2,5,6,0103,0,0,0,,0,014,"SAN PABLO","HEARST AV",90.00,N,N,A,-,Y,ALA,4,123,-,-,3.260,H,-,S,Y,3,0,1,3,A,-,07,21658,A,N,C,E,A,A,H,-,A,A,0,,,,,Y,,A,01,0,1,0,0,0,0,0,0,0,"- ","- ",37.870719909667969,-122.29302978515625,ALAMEDA,BERKELEY,-122.29270935058594,37.870681762695312
9605798,2023,2023-08-07,0109,2023-06-21,1340,8681,2,3,5,7,0109,0,0,0,,0,20X,"INTERNATIONAL BL","MILLER ST",50.00,W,N,A,-,N,,,,,,,,,,Y,3,0,3,3,A,-,08,22107,,N,D,C,A,A,H,-,A,A,0,,,,,Y,,A,01,0,1,2,0,0,0,0,0,0,"- ","- ",,,ALAMEDA,OAKLAND,-122.2349853515625,37.782833099365234
9607180,2023,2023-10-19,0100,2023-08-19,2215,2395,DUBLI,6,5,4,0198,0,0,0,,0,073,"HACIENDA DR","MARTINELLI WY",0.00,,Y,A,-,N,,,,,,,,,,N,4,0,1,2,A,-,12,21453,A,N,D,C,A,A,H,-,C,A,0,,,,,Y,,A,01,0,0,1,0,0,0,0,0,0,"- ","- ",37.70465087890625,-121.88804626464844,ALAMEDA,DUBLIN,,
9608159,2023,2023-10-02,0109,2023-03-07,2000,9480,1,2,5,7,0109,0,0,0,,0,06X,"MARTIN LUTHER KING JR WY","W GRAND AV",0.00,,Y,A,-,N,,,,,,,,,,Y,4,0,1,2,A,-,12,21453,A,N,D,C,A,A,H,-,C,A,0,,,,,Y,,-,"- ",0,0,1,0,0,0,0,0,0,"- ","- ",,,ALAMEDA,OAKLAND,,
9608236,2023,2023-08-17,0109,2023-06-16,"801 ",10021,1,5,5,7,0109,0,0,0,,0,11X,"TELEGRAPH AV","57TH ST",20.00,N,N,A,-,N,,,,,,,,,,N,4,0,1,2,A,-,08,22107,,N,B,C,A,A,H,-,A,D,0,,,,,Y,,A,01,0,0,1,0,0,0,0,0,0,"- ","- ",,,ALAMEDA,OAKLAND,-122.26150512695312,37.843105316162109
9608239,2023,2023-08-17,0109,2023-06-15,1219,10082,1,4,5,7,0109,0,0,0,,0,19X,"23RD AV","11TH ST",0.00,,Y,A,-,N,,,,,,,,,,N,4,0,2,4,A,-,03,22350,,N,C,C,A,A,H,-,A,A,0,,,,,Y,,A,01,0,0,2,0,0,0,0,0,0,"- ","- ",,,ALAMEDA,OAKLAND,,
9608430,2023,2023-08-15,0109,2023-07-03,1058,9409,2,1,5,7,0109,0,0,0,,0,32X,"105TH AV","INTERNATIONAL BL",100.00,S,N,A,-,N,,,,,,,,,,N,4,0,2,2,A,-,08,22107,,M,C,E,A,A,H,-,A,D,0,,,,,Y,,A,01,0,0,2,0,0,0,0,0,0,"- ","- ",,,ALAMEDA,OAKLAND,-122.16703033447266,37.739139556884766
9608657,2023,2023-08-22,0109,2023-07-27,1805,8742,1,4,5,7,0109,0,0,0,,0,19X,"13TH AV","INTERNATIONAL BL",0.00,,Y,A,-,N,,,,,,,,,,N,4,0,2,3,A,-,12,21453,A,M,D,C,A,A,H,-,A,A,0,,,,,Y,,A,01,0,0,2,0,0,0,0,0,0,"- ","- ",,,ALAMEDA,OAKLAND,,
9608662,2023,2023-08-22,0109,2023-07-25,1804,9165,2,2,5,7,0109,0,0,0,,0,28X,"FOOTHILL BL","62ND AV",5.00,N,N,A,-,N,,,,,,,,,,N,4,0,1,2,A,-,09,21802,A,N,D,C,A,A,H,-,A,D,0,,,,,Y,,A,01,0,0,1,0,0,0,0,0,0,"- ","- ",,,ALAMEDA,OAKLAND,-122.18668365478516,37.771091461181641
9608664,2023,2023-08-22,0109,2023-07-31,1315,8557,1,1,5,7,0109,0,0,0,,0,01X,BROADWAY,"2ND ST",0.00,,Y,A,-,N,,,,,,,,,,N,4,0,1,2,A,-,10,21950,A,F,G,B,B,A,H,-,A,A,0,Y,,,,Y,,A,07,0,0,1,0,1,0,0,0,0,"- ","- ",,,ALAMEDA,OAKLAND,,
9609395,2023,2023-09-11,0109,2023-02-03,"857 ",10016,1,5,5,7,0109,0,0,0,,0,03X,"8TH ST","BROADWAY ST",0.00,,Y,B,-,N,,,,,,,,,,N,4,0,1,2,A,-,17,21461,A,N,B,C,A,A,-,-,A,A,0,,,,,Y,,-,,0,0,1,0,0,0,0,0,0,"- ","- ",,,ALAMEDA,OAKLAND,,
9609816,2023,2023-08-21,0109,2023-06-04,1300,9222,,7,5,7,0109,0,0,0,,0,09X,"OAKLAND AV","MACARTHUR BL",0.00,,Y,A,-,N,,,,,,,,,,Y,4,0,1,2,A,-,12,21453,A,N,D,-,A,A,H,-,A,A,0,,,,,Y,,A,01,0,0,1,0,0,0,0,0,0,"- ","- ",,,ALAMEDA,OAKLAND,,
9609837,2023,2023-08-21,0109,2023-01-24,1911,8994,2,2,5,7,0109,0,0,0,,0,10X,"52ND ST","MARTIN LUTHER KING JR WY",0.00,,Y,A,-,N,,,,,,,,,,N,4,0,1,2,A,-,10,21950,A,N,G,B,B,A,H,-,C,A,0,Y,,,,Y,,A,01,0,0,1,0,1,0,0,0,0,"- ","- ",,,ALAMEDA,OAKLAND,,
9609966,2023,2023-08-18,0109,2023-07-20,1226,9732,1,4,5,7,0109,0,0,0,,0,05X,"BRUSH ST","17TH ST",0.00,,Y,A,-,N,,,,,,,,,,N,3,0,1,2,A,-,12,21453,A,N,D,-,A,A,H,-,A,A,0,,,,,Y,,A,01,0,1,0,0,0,0,0,0,0,"- ","- ",,,ALAMEDA,OAKLAND,,
9609968,2023,2023-10-11,0109,2023-07-23,1740,9533,1,7,5,7,0109,0,0,0,,0,03X,"13TH ST","JACKSON ST",0.00,,Y,A,-,N,,,,,,,,,,N,4,0,1,2,A,-,12,21453,A,N,D,C,A,A,H,-,A,A,0,,,,,Y,,-,"- ",0,0,1,0,0,0,0,0,0,"- ","- ",,,ALAMEDA,OAKLAND,,
9609971,2023,2023-09-08,0100,2023-07-01,1647,2255,DUBLI,6,5,4,0198,0,0,0,,0,073,"DUBLIN BL","GLYNNIS ROSE DR",33.00,E,N,A,-,N,,,,,,,,,,Y,4,0,2,2,A,-,12,21453,A,N,D,C,A,A,H,-,A,A,0,,,,,Y,,A,08,0,0,2,0,0,0,0,0,0,"- ","- ",37.705848693847656,-121.87461090087891,ALAMEDA,DUBLIN,-121.87453460693359,37.705741882324219
9611779,2023,2023-08-28,0109,2023-04-20,2257,10093,2,4,5,7,0109,0,0,0,,0,27X,"BANCROFT AV","45TH AV",0.00,,Y,A,-,N,,,,,,,,,,Y,4,0,1,4,A,-,09,21802,A,N,D,C,A,A,H,-,C,A,0,,,,,Y,,A,01,0,0,1,0,0,0,0,0,0,"- ","- ",,,ALAMEDA,OAKLAND,,
9613110,2023,2023-10-02,0111,2023-08-07,1213,292,,1,5,5,0111,0,0,0,,0,001,"OWENS DR","JOHNSON DR",340.00,E,N,A,-,N,,,,,,,,,,N,2,0,1,1,A,-,08,22107,,N,F,A,A,A,H,-,A,D,0,,Y,,,Y,,L,04,1,0,0,0,0,0,1,0,0,"- ","- ",,,ALAMEDA,PLEASANTON,-121.90767669677734,37.699630737304688
9613627,2023,2023-09-07,0109,2023-08-01,1748,8198,1,2,5,7,0109,0,0,0,,0,13X,"CLAREWOOD DR","EMERY LN",339.00,W,N,B,-,N,,,,,,,,,,Y,4,0,1,1,A,-,08,22107,,N,E,I,A,A,H,-,A,D,0,,,,,Y,,A,01,0,0,1,0,0,0,0,0,0,"- ","- ",,,ALAMEDA,OAKLAND,-122.23236083984375,37.836826324462891
9614579,2023,2023-10-03,0109,2023-06-23,1545,10085,2,5,5,7,0109,0,0,0,,0,31X,"OAKPORT ST","ZONE WY",250.00,E,N,A,-,N,,,,,,,,,,N,4,0,1,1,A,-,08,22107,,N,A,I,A,A,H,-,A,D,0,,,,,Y,,A,01,0,0,1,0,0,0,0,0,0,"- ","- ",,,ALAMEDA,OAKLAND,-122.20996856689453,37.752479553222656
9614870,2022,2023-08-18,0109,2022-10-02,2122,9916,2,7,5,7,0109,0,0,0,,0,28X,"FLEMING AV","MONTICELLO AV",0.00,,Y,A,-,N,,,,,,,,,,N,2,0,1,2,A,-,08,22107,,F,D,-,A,A,H,-,C,D,0,,,Y,,Y,,A,07,1,0,0,0,0,0,0,0,1,"- ","- ",,,ALAMEDA,OAKLAND,-122.19741821289062,37.779830932617188
9614903,2023,2023-08-24,0109,2023-08-03,1814,9983,2,4,5,7,0109,0,0,0,,0,31X,"HEGENBERGER RD","EDGEWATER DR",600.00,N,N,A,-,N,,,,,,,,,,N,4,0,1,2,B,-,22,,,N,D,C,A,A,H,-,A,A,0,,,,,Y,,J,48,0,0,1,0,0,0,0,0,0,"- ","- ",,,ALAMEDA,OAKLAND,-122.19680023193359,37.738590240478516
9615123,2023,2023-08-30,0103,2023-07-19,1826,14,,3,5,6,0103,0,0,0,,0,010,ALCATRAZ,BAKER,0.00,,Y,A,-,N,,,,,,,,,,N,3,0,1,2,A,-,09,21801,A,F,A,G,A,-,H,-,A,D,0,,Y,,,Y,,A,01,0,1,0,0,0,0,1,0,0,"- ","- ",37.847660064697266,-122.27954864501953,ALAMEDA,BERKELEY,,
9615125,2023,2023-08-30,0103,2023-07-26,1055,107,36,3,5,6,0103,0,0,0,,0,007,COLLEGE,STUART,0.00,,Y,A,-,N,,,,,,,,,,N,3,0,1,1,A,-,03,22350,,N,E,I,A,A,H,-,A,A,0,,,,,Y,,M,94,0,1,0,0,0,0,0,0,0,"- ","- ",37.859981536865234,-122.25332641601562,ALAMEDA,BERKELEY,,
9615128,2023,2023-08-30,0103,2023-07-17,1048,85,15,1,5,6,0103,0,0,0,,0,005,MILVIA,BANCROFT,0.00,,Y,A,-,N,,,,,,,,,,N,3,0,1,2,A,-,08,22107,,F,D,G,A,A,H,-,A,D,0,,Y,,,Y,Y,A,01,0,1,0,0,0,0,1,0,0,"- ","- ",37.867580413818359,-122.27187347412109,ALAMEDA,BERKELEY,,
9615140,2023,2023-08-30,0103,2023-07-15,1100,57,38,6,5,6,0103,0,0,0,,0,007,CLAREMONT,"WEBSTER ST",25.00,S,N,A,-,N,,,,,,,,,,N,3,0,1,1,A,-,03,22350,,N,H,I,A,A,B,-,A,D,0,,Y,,,Y,,L,04,0,1,0,0,0,0,1,0,0,"- ","- ",37.856128692626953,-122.24687194824219,ALAMEDA,BERKELEY,-122.24689483642578,37.856113433837891
9615143,2023,2023-08-30,0109,2023-07-18,"826 ",9401,1,2,5,7,0109,0,0,0,,0,08X,"30TH AV","BROOK ST",0.00,,Y,A,-,N,,,,,,,,,,N,4,0,2,3,A,-,09,21802,A,N,D,C,A,A,H,-,A,A,0,,,Y,,Y,,A,01,0,0,2,0,0,0,0,0,0,"- ","- ",,,ALAMEDA,OAKLAND,,
9615151,2023,2023-10-09,0103,2023-07-04,2133,90,,2,5,6,0103,0,0,0,,0,011,"7TH AV","ASHBY AV",10.00,S,N,A,-,N,,,,,,,,,,Y,2,0,1,3,A,-,09,21453,B,N,D,C,A,A,H,-,C,A,0,,,Y,,Y,,A,01,1,0,0,0,0,0,0,0,1,"- ","- ",37.851009368896484,-122.29109954833984,ALAMEDA,BERKELEY,-122.29109954833984,37.850994110107422
9615219,2023,2023-08-31,0109,2023-07-30,1435,9775,1,7,5,7,0109,0,0,0,,0,04X,"17TH ST","WEBSTER ST",0.00,,Y,A,-,N,,,,,,,,,,Y,4,0,1,2,A,-,12,21453,A,M,D,C,A,A,H,-,A,A,0,,,,,Y,,A,01,0,0,1,0,0,0,0,0,0,"- ","- ",,,ALAMEDA,OAKLAND,,
9615237,2023,2023-08-31,0109,2023-07-15,1139,9276,1,6,5,7,0109,0,0,0,,0,14X,"LAKE PARK AV","LAKESHORE AV",50.00,W,N,A,-,N,,,,,,,,,,N,4,0,1,2,A,-,07,21658,A,N,D,C,A,A,H,-,A,D,0,,,,,Y,,A,01,0,0,1,0,0,0,0,0,0,"- ","- ",,,ALAMEDA,OAKLAND,-122.24629211425781,37.810031890869141
9615297,2023,2023-08-30,0109,2023-07-18,1545,10100,2,2,5,7,0109,0,0,0,,0,25Y,"CAMPUS DR","FAIRHILL CT",650.00,W,N,A,-,N,,,,,,,,,,N,4,0,1,1,A,-,01,23152,A,N,E,I,A,A,H,-,A,D,0,,,,,Y,Y,A,01,0,0,1,0,0,0,0,0,0,"- ","- ",,,ALAMEDA,OAKLAND,-122.15084838867188,37.774742126464844
9616412,2023,2023-10-17,0108,2023-09-06,1405,12427,33,3,5,4,0108,0,0,0,,0,002,"BIRCH ST","SMITH AV",0.00,,Y,A,-,N,,,,,,,,,,N,3,0,1,2,A,-,10,21950,A,N,G,B,B,A,H,-,A,A,0,Y,,,,Y,,A,07,0,1,0,0,1,0,0,0,0,"- ","- ",37.529838562011719,-122.01457977294922,ALAMEDA,NEWARK,,
9616720,2023,2023-10-11,0102,2023-09-24,1556,AW0629,7,7,5,3,0102,0,0,0,,0,002,"EASTSHORE HWY","UTILITY POLE #110234733",11.00,E,N,A,-,N,,,,,,,,,,N,3,0,1,2,A,-,11,21950,B,N,D,B,C,A,H,-,A,D,0,Y,,,,Y,,N,60,0,1,0,0,1,0,0,0,0,"- ","- ",,,ALAMEDA,ALBANY,,
9616731,2023,2023-10-09,0109,2023-08-03,"236 ",10043,2,4,5,7,0109,0,0,0,,0,26X,"75TH AV","HAWLEY ST",0.00,,Y,A,-,N,,,,,,,,,,N,4,0,1,2,A,-,08,22107,,M,A,C,A,A,H,-,C,D,0,,,,,Y,,-,99,0,0,1,0,0,0,0,0,0,"- ","- ",,,ALAMEDA,OAKLAND,,
9616897,2023,2023-10-09,0109,2023-06-18,2314,10091,1,7,5,7,0109,0,0,0,,0,12X,"TELEGRAPH AV","56TH ST",0.00,,Y,A,-,N,,,,,,,,,,Y,4,0,2,2,A,-,09,21801,A,N,D,C,A,A,H,-,C,A,0,,,,,Y,,A,01,0,0,2,0,0,0,0,0,0,"- ","- ",,,ALAMEDA,OAKLAND,,
9617276,2023,2023-10-17,0109,2023-07-29,2246,9929,2,6,5,7,0109,0,0,0,,0,27Y,"SEMINARY AV","E 16TH ST",0.00,,Y,A,-,N,,,,,,,,,,N,3,0,1,2,A,-,09,21802,A,N,D,C,A,A,H,-,C,D,0,,,,,Y,,A,01,0,1,0,0,0,0,0,0,0,"- ","- ",,,ALAMEDA,OAKLAND,,