CASE_ID,ACCIDENT_YEAR,PROC_DATE,JURIS,COLLISION_DATE,COLLISION_TIME,OFFICER_ID,REPORTING_DISTRICT,DAY_OF_WEEK,CHP_SHIFT,POPULATION,CNTY_CITY_LOC,SPECIAL_COND,BEAT_TYPE,CHP_BEAT_TYPE,CITY_DIVISION_LAPD,CHP_BEAT_CLASS,BEAT_NUMBER,PRIMARY_RD,SECONDARY_RD,DISTANCE,DIRECTION,INTERSECTION,WEATHER_1,WEATHER_2,STATE_HWY_IND,CALTRANS_COUNTY,CALTRANS_DISTRICT,STATE_ROUTE,ROUTE_SUFFIX,POSTMILE_PREFIX,POSTMILE,LOCATION_TYPE,RAMP_INTERSECTION,SIDE_OF_HWY,TOW_AWAY,COLLISION_SEVERITY,NUMBER_KILLED,NUMBER_INJURED,PARTY_COUNT,PRIMARY_COLL_FACTOR,PCF_CODE_OF_VIOL,PCF_VIOL_CATEGORY,PCF_VIOLATION,PCF_VIOL_SUBSECTION,HIT_AND_RUN,TYPE_OF_COLLISION,MVIW,PED_ACTION,ROAD_SURFACE,ROAD_COND_1,ROAD_COND_2,LIGHTING,CONTROL_DEVICE,CHP_ROAD_TYPE,PEDESTRIAN_ACCIDENT,BICYCLE_ACCIDENT,MOTORCYCLE_ACCIDENT,TRUCK_ACCIDENT,NOT_PRIVATE_PROPERTY,ALCOHOL_INVOLVED,STWD_VEHTYPE_AT_FAULT,CHP_VEHTYPE_AT_FAULT,COUNT_SEVERE_INJ,COUNT_VISIBLE_INJ,COUNT_COMPLAINT_PAIN,COUNT_PED_KILLED,COUNT_PED_INJURED,COUNT_BICYCLIST_KILLED,COUNT_BICYCLIST_INJURED,COUNT_MC_KILLED,COUNT_MC_INJURED,PRIMARY_RAMP,SECONDARY_RAMP,LATITUDE,LONGITUDE,COUNTY,CITY,POINT_X,POINT_Y
9637289,2023,2023-11-30,0112,2023-10-23,1330,289,,1,5,5,0112,0,0,0,,0,002,"RT 185","138TH AV",0.00,,Y,A,-,Y,ALA,4,185,-,-,4.490,I,5,S,N,4,0,1,2,A,-,12,21453,A,N,D,C,A,A,H,-,A,A,0,,,,,Y,,-,"- ",0,0,1,0,0,0,0,0,0,"- ","- ",,,ALAMEDA,"SAN LEANDRO",-122.14108276367188,37.714004516601562
9638224,2023,2023-12-18,0111,2023-10-30,"656 ",,,1,5,5,0111,0,0,0,,0,001,"FOOTHILL RD","MOLLER RANCH DR",97.00,S,N,A,-,N,,,,,,,,,,Y,3,0,1,1,C,-,18,,,N,A,H,A,A,H,-,B,D,0,,,Y,,Y,,-,"- ",0,1,0,0,0,0,0,0,1,"- ","- ",,,ALAMEDA,PLEASANTON,-121.92955017089844,37.685005187988281
9639402,2023,2024-09-24,0109,2023-11-10,1717,8077,1,5,5,7,0109,0,0,0,,0,17X,"BEAUMONT AV","MACARTHUR BL",0.00,,Y,A,-,N,,,,,,,,,,N,4,0,2,2,A,-,12,21453,A,N,B,C,A,A,H,-,B,A,0,,,,,Y,,-,"- ",0,0,2,0,0,0,0,0,0,"- ","- ",,,ALAMEDA,OAKLAND,,
9639434,2023,2023-12-16,0109,2023-10-03,1929,9516,1,2,5,7,0109,0,0,0,,0,06X,"WEST MACARTHUR BL","WEST ST",0.00,,Y,-,-,N,,,,,,,,,,N,3,0,1,1,A,-,12,21453,A,N,-,-,A,-,-,-,-,-,0,,,,,Y,,A,01,0,1,0,0,0,0,0,0,0,"- ","- ",,,ALAMEDA,OAKLAND,,
9639910,2023,2023-11-21,0109,2023-07-21,"651 ",9912,2,5,5,7,0109,0,0,0,,0,35X,"96TH AV","BANCROFT AV",0.00,,Y,A,-,N,,,,,,,,,,N,3,0,2,3,A,-,09,21802,A,N,D,C,A,A,H,-,A,D,0,,,,,Y,,A,01,0,1,1,0,0,0,0,0,0,"- ","- ",,,ALAMEDA,OAKLAND,,
9639917,2023,2024-01-06,0100,2023-11-07,1836,2608,DUBLI,2,5,4,0198,0,0,0,,0,072,"DOUGHERTY RD","WILLOW CREEK DR",0.00,,Y,A,-,N,,,,,,,,,,N,3,0,1,2,D,-,00,,,N,C,C,A,A,H,-,C,D,0,,,,,Y,,-,"- ",0,1,0,0,0,0,0,0,0,"- ","- ",,,ALAMEDA,DUBLIN,,
9640896,2023,2024-09-16,0109,2023-04-22,"837 ",9372,2,6,5,7,0109,0,0,0,,0,22Y,"JOAQUIN MILLER RD","SKYLINE BL",6.00,N,N,A,-,N,,,,,,,,,,Y,1,1,0,1,A,-,01,23152,G,N,E,I,A,A,H,-,A,A,0,,,,,Y,Y,A,01,0,0,0,0,0,0,0,0,0,"- ","- ",,,ALAMEDA,OAKLAND,-122.17935943603516,37.805004119873047
9640898,2023,2024-09-16,0109,2023-12-05,"828 ",9372,2,2,5,7,0109,0,0,0,,0,21Y,"FRUITVALE AV","E 27TH ST",33.00,N,N,A,-,N,,,,,,,,,,Y,1,1,5,5,A,-,01,23152,F,N,B,C,A,A,H,-,A,A,0,,,,,Y,,A,01,0,0,5,0,0,0,0,0,0,"- ","- ",,,ALAMEDA,OAKLAND,-122.22000885009766,37.790626525878906
9640939,2023,2024-09-23,0109,2023-09-16,1810,8414,2,6,5,7,0109,0,0,0,,0,33X,"90TH AV","PLYMOUNTH ST",0.00,,Y,A,-,N,,,,,,,,,,Y,1,1,0,2,A,-,01,23152,F,N,A,C,A,A,H,-,A,A,0,,,Y,,Y,,C,03,0,0,0,0,0,0,0,1,0,"- ","- ",,,ALAMEDA,OAKLAND,,
9641385,2023,2023-12-30,0103,2023-10-27,1230,150,,5,5,6,0103,0,0,0,,0,006,"FULTON ST","CHANNING WY",0.00,,Y,A,-,N,,,,,,,,,,Y,3,0,1,2,A,-,03,22350,,N,D,C,A,A,H,-,A,A,0,,,,,Y,,A,01,0,1,0,0,0,0,0,0,0,"- ","- ",37.8603515625,-122.26561737060547,ALAMEDA,BERKELEY,,
9641387,2023,2023-12-30,0103,2023-10-26,1347,112,,4,5,6,0103,0,0,0,,0,002,"HEARST AV","WALNUT ST",100.00,E,N,A,-,N,,,,,,,,,,N,2,0,1,2,A,-,11,21950,B,N,G,B,D,A,H,-,A,A,0,Y,Y,,,Y,,N,60,1,0,0,0,0,0,1,0,0,"- ","- ",37.874179840087891,-122.26802062988281,ALAMEDA,BERKELEY,-122.26715850830078,37.874038696289062
9641396,2023,2023-12-30,0103,2023-10-19,1720,149,3602,4,5,6,0103,0,0,0,,0,008,"TELEGRAPH AV","PARKER ST",0.00,,Y,A,-,N,,,,,,,,,,N,3,0,1,2,A,-,05,21202,A,N,D,G,A,-,H,-,-,D,0,,Y,,,Y,Y,L,04,0,1,0,0,0,0,1,0,0,"- ","- ",37.863258361816406,-122.25868988037109,ALAMEDA,BERKELEY,,
9641401,2023,2023-12-12,0103,2023-10-13,"619 ",55,40,5,5,6,0103,0,0,0,,0,010,ALCATRAZ,SACRAMENTO,0.00,,Y,A,-,N,,,,,,,,,,N,4,0,1,2,A,-,09,21801,A,F,A,C,A,A,H,-,C,A,0,,,,,Y,,A,01,0,0,1,0,0,0,0,0,0,"- ","- ",37.847900390625,-122.27774047851562,ALAMEDA,BERKELEY,,
9641408,2023,2023-12-12,0103,2023-10-10,1240,122,,2,5,6,0103,0,0,0,,0,001,"VIRGINIA ST","SPRUCE ST",0.00,,Y,A,-,N,,,,,,,,,,N,4,0,1,2,A,-,09,21804,A,N,B,C,A,-,-,-,A,D,0,,,,,Y,,A,01,0,0,1,0,0,0,0,0,0,"- ","- ",37.877849578857422,-122.22653961181641,ALAMEDA,BERKELEY,,
9641412,2023,2023-12-12,0103,2023-10-03,1410,104,,2,5,6,0103,0,0,0,,0,007,WARRING,PARKER,0.00,,Y,A,-,N,,,,,,,,,,N,3,0,1,2,A,-,11,21950,B,N,G,B,D,A,H,-,A,A,0,Y,,,,Y,,N,60,0,1,0,0,1,0,0,0,0,"- ","- ",37.862308502197266,-122.25009918212891,ALAMEDA,BERKELEY,,
9641540,2023,2023-12-14,0109,2023-04-30,"951 ",9638,1,7,5,7,0109,0,0,0,,0,19X,"INTERNATIONAL BL","15TH AV",0.00,,Y,A,-,N,,,,,,,,,,N,4,0,1,2,A,-,09,21801,A,N,B,C,A,A,H,-,A,D,0,,,,,Y,,D,22,0,0,1,0,0,0,0,0,0,"- ","- ",,,ALAMEDA,OAKLAND,,
9641591,2023,2024-01-18,0109,2023-11-15,1534,9142,2,3,5,7,0109,0,0,0,,0,20X,"16TH ST","28TH AV",0.00,,Y,A,-,N,,,,,,,,,,Y,4,0,1,2,A,-,12,22450,,M,D,C,A,A,H,-,A,A,0,,,,,Y,,A,01,0,0,1,0,0,0,0,0,0,"- ","- ",,,ALAMEDA,OAKLAND,,
9641764,2023,2023-12-13,0109,2023-10-04,1405,8959,1,3,5,7,0109,0,0,0,,0,03X,"7TH ST","ALICE ST",20.00,W,N,A,-,N,,,,,,,,,,N,4,0,1,2,D,-,00,,,N,D,C,A,A,H,-,A,D,0,,,,,Y,,-,"- ",0,0,1,0,0,0,0,0,0,"- ","- ",,,ALAMEDA,OAKLAND,-122.26947021484375,37.797683715820312
9642525,2023,2023-12-28,0113,2023-06-26,1654,4843,C271,1,5,5,0113,0,0,0,,0,005,"RATEKIN DR","DYER ST",0.00,,Y,-,-,N,,,,,,,,,,N,3,0,1,2,A,-,05,21650,,N,A,C,A,-,-,-,-,A,0,,Y,,,Y,,L,04,0,1,0,0,0,0,1,0,0,"- ","- ",,,ALAMEDA,"UNION CITY",,
9642647,2023,2023-11-18,0109,2023-10-11,"430 ",8549,1,3,5,7,0109,0,0,0,,0,09X,"WEST MACARTHUR BL","FAIRMONT AV",80.00,E,N,A,-,N,,,,,,,,,,N,4,0,1,2,A,-,08,22107,,M,B,E,A,A,H,-,C,D,0,,,,,Y,,A,01,0,0,1,0,0,0,0,0,0,"- ","- ",,,ALAMEDA,OAKLAND,-122.25464630126953,37.821193695068359
9642650,2023,2023-11-18,0109,2023-10-20,1630,8811,1,5,5,7,0109,0,0,0,,0,18X,"22ND AV","COMMERCE WY",0.00,,Y,A,-,N,,,,,,,,,,N,4,0,1,2,A,-,09,21802,A,N,D,C,A,A,H,-,A,A,0,,,Y,,Y,,C,02,0,0,1,0,0,0,0,0,1,"- ","- ",,,ALAMEDA,OAKLAND,,
9642684,2023,2023-11-17,0109,2023-09-25,1728,8198,1,1,5,7,0109,0,0,0,,0,10Y,"ADELINE ST","ARLINGTON AV",165.00,N,N,A,-,N,,,,,,,,,,N,4,0,1,2,A,-,06,21750,,N,D,G,A,A,H,-,A,A,0,,Y,,,Y,,L,04,0,0,1,0,0,0,1,0,0,"- ","- ",,,ALAMEDA,OAKLAND,-122.27384948730469,37.842803955078125
9644307,2023,2023-12-05,0109,2023-07-08,2204,9991,1,6,5,7,0109,0,0,0,,0,18X,"14TH AV","E 19TH AV",20.00,W,N,A,-,N,,,,,,,,,,N,4,0,1,2,A,-,07,21658,A,N,B,C,A,A,H,-,C,D,0,,,,,Y,,A,01,0,0,1,0,0,0,0,0,0,"- ","- ",,,ALAMEDA,OAKLAND,-122.24220275878906,37.792335510253906
9644315,2023,2023-12-04,0109,2023-03-25,1549,10078,2,6,5,7,0109,0,0,0,,0,24X,"HIGH ST",YGNACIO,0.00,,Y,A,-,N,,,,,,,,,,N,4,0,1,2,A,-,08,22107,,M,G,C,A,A,H,-,A,A,0,,,,,Y,,A,07,0,0,1,0,0,0,0,0,0,"- ","- ",,,ALAMEDA,OAKLAND,,
9644358,2023,2023-12-08,0106,2023-10-06,1719,362,,5,5,6,0106,0,0,0,,0,00E,"CALAROGA AV","CALAROGA AV 27601",0.00,,Y,A,-,N,,,,,,,,,,N,3,0,1,2,A,-,11,21954,A,N,G,B,D,A,H,-,A,D,0,Y,,,,Y,,N,60,0,1,0,0,1,0,0,0,0,"- ","- ",37.628528594970703,-122.09013366699219,ALAMEDA,HAYWARD,,
9644363,2023,2023-12-08,0106,2023-10-27,2308,467,,5,5,6,0106,0,0,0,,0,00H,"DIXON ST","INDUSTRIAL PKWY",0.00,,Y,A,-,N,,,,,,,,,,Y,4,0,1,2,A,-,12,21453,A,M,D,C,A,A,H,-,C,A,0,,,,,Y,,A,01,0,0,1,0,0,0,0,0,0,"- ","- ",37.627998352050781,-122.04902648925781,ALAMEDA,HAYWARD,,
9644376,2023,2023-12-08,0106,2023-10-03,"808 ",214,,2,5,6,0106,0,0,0,,0,00C,"WESTERN BL","SUNSET BL",0.00,,Y,A,-,N,,,,,,,,,,N,4,0,1,2,A,-,10,21950,A,N,B,B,B,A,H,-,A,D,0,Y,,,,Y,,A,01,0,0,1,0,1,0,0,0,0,"- ","- ",37.675079345703125,-122.0953369140625,ALAMEDA,HAYWARD,,
9644390,2023,2023-12-08,0109,2023-10-03,2232,9644,1,2,5,7,0109,0,0,0,,0,19X,"FORD ST","KENNEDY ST",0.00,,Y,A,-,N,,,,,,,,,,N,4,0,1,2,A,-,10,21950,A,N,G,B,B,A,H,-,C,A,0,Y,,,,Y,,A,01,0,0,1,0,1,0,0,0,0,"- ","- ",,,ALAMEDA,OAKLAND,,
9647109,2023,2024-01-10,0111,2023-11-15,1859,330,,3,5,5,0111,0,0,0,,0,005,"TOURIGA DR","CHARDONNAY DR",0.00,,Y,C,-,N,,,,,,,,,,Y,3,0,1,2,A,-,08,22107,,N,A,C,A,B,H,-,C,D,0,,,,,Y,,A,07,0,1,0,0,0,0,0,0,0,"- ","- ",,,ALAMEDA,PLEASANTON,,
9647167,2023,2023-12-11,0109,2023-10-22,1515,9933,2,7,5,7,0109,0,0,0,,0,26X,"66TH AV","EASTLAWN ST",0.00,,Y,C,-,N,,,,,,,,,,N,4,0,2,2,A,-,09,21802,A,N,D,C,A,B,H,-,A,D,0,,,,,Y,,A,01,0,0,2,0,0,0,0,0,0,"- ","- ",,,ALAMEDA,OAKLAND,,
9647313,2023,2024-01-17,0111,2023-11-27,"752 ",292,,1,5,5,0111,0,0,0,,0,004,"GREENWOOD RD","VALLEY AV",700.00,S,N,A,-,N,,,,,,,,,,N,3,0,1,1,A,-,"- ",,,N,D,F,A,A,D,-,A,B,0,,Y,,,Y,,L,04,0,1,0,0,0,0,1,0,0,"- ","- ",,,ALAMEDA,PLEASANTON,-121.88044738769531,37.674697875976562
9647510,2023,2023-12-15,0108,2023-09-20,1808,11954,13,3,5,4,0108,0,0,0,,0,001,"THORNTON AV","SAINT EDWARDS",79.00,E,N,A,-,N,,,,,,,,,,N,3,0,1,2,A,-,03,22350,,N,C,C,A,A,H,-,B,A,0,,,,,Y,,D,72,0,1,0,0,0,0,0,0,0,"- ","- ",37.540058135986328,-122.02813720703125,ALAMEDA,NEWARK,-122.02801513671875,37.54022216796875
9647559,2023,2023-12-18,0108,2023-10-31,2500,12707,44,2,5,4,0108,0,0,0,,0,002,"STEVENSON BL","PARADA ST",0.00,,Y,A,-,N,,,,,,,,,,N,4,0,1,2,A,-,09,21801,A,M,D,C,A,A,H,-,B,D,0,,,,,Y,,-,99,0,0,1,0,0,0,0,0,0,"- ","- ",37.515308380126953,-121.99356842041016,ALAMEDA,NEWARK,,
9648218,2023,2023-12-13,0109,2023-10-15,2224,10014,1,7,5,7,0109,0,0,0,,0,19X,"E 12TH ST","147TH AV",0.00,,Y,-,-,N,,,,,,,,,,N,4,0,1,2,A,-,12,21453,A,M,D,C,A,A,-,-,C,A,0,,,,,Y,,A,01,0,0,1,0,0,0,0,0,0,"- ","- ",,,ALAMEDA,OAKLAND,,
9648220,2023,2023-12-13,0109,2023-10-08,2016,9727,2,7,5,7,0109,0,0,0,,0,23X,"INTERNATIONAL BL","38TH AV",0.00,,Y,A,-,N,,,,,,,,,,N,4,0,1,2,A,-,12,21453,A,M,A,C,A,A,H,-,C,A,0,,,,,Y,,A,01,0,0,1,0,0,0,0,0,0,"- ","- ",,,ALAMEDA,OAKLAND,,
9648265,2023,2023-12-15,0113,2023-10-01,"100 ",STUBBS,P123,7,5,5,0113,0,0,0,,0,004,"STARLING DR","OSPREY DR",0.00,,Y,A,-,N,,,,,,,,,,N,3,0,1,2,A,-,12,22450,A,F,G,B,D,A,H,-,C,D,0,Y,,,,Y,,A,01,0,1,0,0,1,0,0,0,0,"- ","- ",,,ALAMEDA,"UNION CITY",,
9648698,2023,2024-02-27,0109,2023-12-06,2005,9480,1,3,5,7,0109,0,0,0,,0,06X,"35TH ST","WEST ST",0.00,,Y,A,-,N,,,,,,,,,,Y,4,0,1,2,A,-,12,21453,A,M,D,C,A,B,H,-,C,A,0,,,,,Y,,A,01,0,0,1,0,0,0,0,0,0,"- ","- ",,,ALAMEDA,OAKLAND,,
9648699,2023,2024-02-27,0109,2023-12-08,1132,9559,1,5,5,7,0109,0,0,0,,0,02Y,"PERALTA ST","14TH ST",0.00,,Y,A,-,N,,,,,,,,,,N,4,0,1,2,A,-,12,21453,A,M,B,C,A,A,H,-,A,A,0,,,,,Y,Y,A,01,0,0,1,0,0,0,0,0,0,"- ","- ",,,ALAMEDA,OAKLAND,,
9648753,2023,2024-03-05,0111,2023-12-04,1141,322,,1,5,5,0111,0,0,0,,0,002,"OWENS DR","ROSEWOOD DR",0.00,,Y,A,-,N,,,,,,,,,,N,2,0,2,2,A,-,17,21451,A,N,H,G,A,A,H,-,A,A,0,,Y,,,Y,,A,01,1,0,1,0,0,0,1,0,0,"- ","- ",,,ALAMEDA,PLEASANTON,,
9648754,2023,2024-03-05,0111,2023-12-01,1538,307,,5,5,5,0111,0,0,0,,0,005,"RAY ST","1ST ST",90.00,W,N,A,-,N,,,,,,,,,,N,3,0,1,2,A,-,03,22350,,N,D,C,A,-,H,-,-,D,0,,,Y,,Y,,C,02,0,1,0,0,0,0,0,0,1,"- ","- ",,,ALAMEDA,PLEASANTON,-121.87022399902344,37.663131713867188
9649056,2023,2024-01-24,0109,2023-11-02,2128,10113,1,4,5,7,0109,0,0,0,,0,04X,"19TH ST","FRANKLIN ST",0.00,,Y,-,-,N,,,,,,,,,,N,4,0,2,3,A,-,12,21453,A,F,D,C,A,A,H,-,C,A,0,,,,,Y,,A,08,0,0,2,0,0,0,0,0,0,"- ","- ",,,ALAMEDA,OAKLAND,,
9649163,2023,2023-12-29,0109,2023-11-08,2133,10074,2,3,5,7,0109,0,0,0,,0,31Y,"EDES AV","WORTH ST",0.00,,Y,B,-,N,,,,,,,,,,Y,2,0,1,3,A,-,03,22350,,N,F,I,A,A,H,-,C,D,0,,,,,Y,,A,01,1,0,0,0,0,0,0,0,0,"- ","- ",,,ALAMEDA,OAKLAND,,
9649461,2023,2024-01-18,0106,2023-09-21,1648,372,,4,5,6,0106,0,0,0,,0,00B,"FOOTHILL BL","C ST",20.00,S,N,A,-,N,,,,,,,,,,N,4,0,1,2,A,-,03,22350,,N,C,C,A,A,H,-,A,A,0,,,,,Y,,D,22,0,0,1,0,0,0,0,0,0,"- ","- ",,,ALAMEDA,HAYWARD,-122.08020782470703,37.672744750976562
9649844,2023,2024-01-22,0109,2023-02-27,1849,9897,2,1,5,7,0109,0,0,0,,0,21X,"E 26TH ST","INYO AV",0.00,,Y,A,-,N,,,,,,,,,,N,4,0,2,2,A,-,09,21800,A,N,D,C,A,A,H,-,C,D,0,,,,,Y,,M,94,0,0,2,0,0,0,0,0,0,"- ","- ",,,ALAMEDA,OAKLAND,,
9649853,2023,2024-01-09,0109,2023-07-16,1516,9966,2,7,5,7,0109,0,0,0,,0,27X,"BANCROFT AV","FAIRFAX AV",0.00,,Y,A,-,N,,,,,,,,,,N,4,0,4,2,A,-,12,21453,A,N,D,C,A,A,H,-,A,A,0,,,,,Y,,A,01,0,0,4,0,0,0,0,0,0,"- ","- ",,,ALAMEDA,OAKLAND,,
9650827,2023,2024-01-13,0103,2023-11-04,1814,99,24,6,5,6,0103,0,0,0,,0,004,UNIVERSITY,SHATTUCK,0.00,,Y,A,-,N,,,,,,,,,,N,3,0,1,2,A,-,21,22106,,N,G,B,E,A,H,-,B,D,0,Y,,,,Y,,A,01,0,1,0,0,1,0,0,0,0,"- ","- ",37.872150421142578,-122.26840972900391,ALAMEDA,BERKELEY,,
9650828,2023,2024-01-13,0103,2023-11-03,2030,4,20,5,5,6,0103,0,0,0,,0,013,VIRGINIA,4TH,0.00,,Y,A,-,N,,,,,,,,,,Y,2,0,1,2,A,-,12,22450,A,N,D,C,A,A,H,-,D,A,0,,,,,Y,,A,08,1,0,0,0,0,0,0,0,0,"- ","- ",37.871879577636719,-122.30123901367188,ALAMEDA,BERKELEY,,
9650830,2023,2024-01-13,0103,2023-11-04,1910,109,40,6,5,6,0103,0,0,0,,0,010,SACRAMENTO,ALCATRAZ,0.00,,Y,A,-,N,,,,,,,,,,Y,4,0,2,2,A,-,09,21801,A,N,A,C,A,A,H,-,C,A,0,,,,,Y,,A,01,0,0,2,0,0,0,0,0,0,"- ","- ",37.848201751708984,-122.27757263183594,ALAMEDA,BERKELEY,,
9650839,2023,2024-01-13,0103,2023-11-17,"36  ",145,,5,5,6,0103,0,0,0,,0,006,BOWDITCH,DURANT,0.00,,Y,C,-,N,,,,,,,,,,N,2,0,1,2,A,-,08,22107,,N,H,C,A,B,H,-,C,B,0,,,,,Y,,M,94,1,0,0,0,0,0,0,0,0,"- ","- ",37.868110656738281,-122.25670623779297,ALAMEDA,BERKELEY,,
9650848,2023,2024-01-13,0103,2023-11-28,"825 ",26,,2,5,6,0103,0,0,0,,0,005,MCGEE,PARKER,0.00,,Y,A,-,N,,,,,,,,,,Y,4,0,1,2,A,-,09,21802,A,N,D,C,A,A,H,-,A,A,0,,,,,Y,,A,01,0,0,1,0,0,0,0,0,0,"- ","- ",37.861129760742188,-122.27638244628906,ALAMEDA,BERKELEY,,
9650857,2023,2024-01-13,0103,2023-11-08,1830,42,,3,5,6,0103,0,0,0,,0,003,UNIVERSITY,"GRANT ST",190.00,W,N,A,-,N,,,,,,,,,,N,3,0,1,2,A,-,03,22350,,N,B,G,A,A,H,-,C,A,0,,Y,,,Y,,L,04,0,1,0,0,0,0,1,0,0,"- ","- ",37.870761871337891,-122.27635955810547,ALAMEDA,BERKELEY,-122.27593231201172,37.871242523193359
9650858,2023,2024-01-13,0103,2023-11-12,1442,149,38,7,5,6,0103,0,0,0,,0,007,TUNNEL,"VICENTE RD",180.00,W,N,A,-,N,,,,,,,,,,N,2,0,1,1,A,-,03,22350,,N,H,I,A,A,H,-,A,D,0,,Y,,,Y,,L,04,1,0,0,0,0,0,1,0,0,"- ","- ",37.853610992431641,-122.23590087890625,ALAMEDA,BERKELEY,-122.23616790771484,37.854030609130859
9651069,2023,2024-02-16,0103,2023-11-15,1900,46,,3,5,6,0103,0,0,0,,0,003,"UNIVERSITY AV","SAN PABLO AV",0.00,,Y,B,-,Y,ALA,4,123,-,-,3.150,I,5,S,N,3,0,1,2,A,-,10,21950,A,F,G,B,B,-,H,-,-,A,0,Y,,,,Y,,D,22,0,1,0,0,1,0,0,0,0,"- ","- ",37.869098663330078,-122.29212188720703,ALAMEDA,BERKELEY,-122.29224395751953,37.869098663330078
9651104,2023,2024-01-09,0109,2023-11-23,2046,8959,1,4,5,7,0109,0,0,0,,0,19X,"INTERNATIONAL BL","22ND AV",0.00,,Y,A,-,N,,,,,,,,,,Y,4,0,5,2,A,-,12,21453,A,N,D,C,A,A,H,-,C,A,0,,,,,Y,,D,22,0,0,5,0,0,0,0,0,0,"- ","- ",,,ALAMEDA,OAKLAND,,
9651354,2023,2024-01-09,0109,2023-01-09,1835,9845,1,1,5,7,0109,0,0,0,,0,05X,"14TH ST","FRONTAGE RD",0.00,,Y,A,-,N,,,,,,,,,,N,4,0,1,2,A,-,12,21453,A,N,C,C,A,A,H,-,D,A,0,,,,,Y,,-,"- ",0,0,1,0,0,0,0,0,0,"- ","- ",,,ALAMEDA,OAKLAND,,
9651608,2023,2024-01-10,0109,2023-07-24,2344,9988,1,1,5,7,0109,0,0,0,,0,10X,"52ND ST","MARTIN LUTHER KING JR WY",0.00,,Y,A,-,N,,,,,,,,,,N,4,0,1,2,A,-,12,21453,A,M,D,C,A,A,H,-,C,A,0,,,,,Y,,A,01,0,0,1,0,0,0,0,0,0,"- ","- ",,,ALAMEDA,OAKLAND,,
9651611,2023,2024-01-13,0109,2023-04-08,1639,9845,1,6,5,7,0109,0,0,0,,0,06X,"35TH ST","SAN PABLO AV",50.00,E,N,A,-,N,,,,,,,,,,N,4,0,1,2,A,-,09,21804,A,F,G,B,F,A,H,-,A,D,0,Y,,,,Y,,A,08,0,0,1,0,1,0,0,0,0,"- ","- ",,,ALAMEDA,OAKLAND,-122.27828979492188,37.826339721679688
9651620,2023,2024-01-13,0109,2023-05-20,1056,9954,1,6,5,7,0109,0,0,0,,0,08X,"MACARTHUR BL","WEBSTER ST",0.00,,Y,A,-,N,,,,,,,,,,N,4,0,1,2,A,-,10,21950,A,N,G,B,B,A,H,-,A,A,0,Y,,,,Y,,A,01,0,0,1,0,1,0,0,0,0,"- ","- ",,,ALAMEDA,OAKLAND,,
9651675,2023,2024-01-10,0109,2023-07-30,"214 ",9675,1,7,5,7,0109,0,0,0,,0,14X,"GRAND AV","MACARTHUR BL",40.00,E,N,-,-,N,,,,,,,,,,N,4,0,1,1,A,-,03,22350,,N,H,A,A,A,-,-,C,A,0,,,Y,,Y,,C,02,0,0,1,0,0,0,0,0,1,"- ","- ",,,ALAMEDA,OAKLAND,-122.24869537353516,37.810256958007812
9651833,2023,2024-01-10,0109,2023-10-21,"16  ",9851,2,6,5,7,0109,0,0,0,,0,29X,"MACARTHUR BL","61ST AV",10.00,W,N,A,-,N,,,,,,,,,,N,4,0,1,2,A,-,01,23152,A,N,D,C,A,A,H,-,C,A,0,,,,,Y,Y,A,01,0,0,1,0,0,0,0,0,0,"- ","- ",,,ALAMEDA,OAKLAND,-122.18236541748047,37.775566101074219
9652093,2023,2024-02-05,0103,2023-12-19,1849,94,39(01,2,5,6,0103,0,0,0,,0,008,WEBSTER,"DOWLING PL",0.00,,Y,A,-,N,,,,,,,,,,N,3,0,1,2,A,-,09,21801,A,N,D,C,A,A,-,-,C,D,0,,,,,Y,,A,01,0,1,0,0,0,0,0,0,0,"- ","- ",37.855190277099609,-122.25981140136719,ALAMEDA,BERKELEY,,
9652097,2023,2024-02-05,0103,2023-12-15,"20  ",38,,5,5,6,0103,0,0,0,,0,001,"MARIN AV","REGAL RD",0.00,,Y,A,-,N,,,,,,,,,,N,3,0,1,2,A,-,09,21802,A,N,D,C,A,-,H,-,C,A,0,,,,,Y,,A,01,0,1,0,0,0,0,0,0,0,"- ","- ",37.894489288330078,-122.26560974121094,ALAMEDA,BERKELEY,,
9652100,2023,2024-02-05,0103,2023-12-12,1157,87,13,2,5,6,0103,0,0,0,,0,001,SOLANO,COLUSA,0.00,,Y,A,-,N,,,,,,,,,,N,3,0,1,2,A,-,06,21750,,N,D,G,A,A,H,-,A,D,0,,Y,,,Y,,L,04,0,1,0,0,0,0,1,0,0,"- ","- ",37.890659332275391,-122.27837371826172,ALAMEDA,BERKELEY,,
9652112,2023,2024-01-30,0103,2023-12-02,1034,12,,6,5,6,0103,0,0,0,,0,013,GILMAN,10TH,0.00,,Y,C,-,N,,,,,,,,,,,3,0,1,2,A,-,04,21703,,N,C,C,A,B,H,-,A,A,0,,,,,Y,,A,01,0,1,0,0,0,0,0,0,0,"- ","- ",37.8802490234375,-122.29695892333984,ALAMEDA,BERKELEY,,
9652702,2023,2024-02-23,0111,2023-12-20,1617,351,,3,5,5,0111,0,0,0,,0,002,"STONERIDGE DR","CHABOT DR",0.00,,Y,A,-,N,,,,,,,,,,N,3,0,2,2,A,-,03,22350,,N,C,C,A,B,H,-,A,A,0,,,,,Y,,A,01,0,2,0,0,0,0,0,0,0,"- ","- ",,,ALAMEDA,PLEASANTON,,
9654203,2023,2024-02-05,0106,2023-12-08,"819 ",347,,5,5,6,0106,0,0,0,,0,00H,"HEMLOCK RANCH RD","SIERRAWOOD LN",40.00,S,N,A,-,N,,,,,,,,,,N,3,0,1,2,A,-,11,21956,A,N,G,B,D,A,H,-,A,A,0,Y,,,,Y,,N,60,0,1,0,0,1,0,0,0,0,"- ","- ",37.639900207519531,-122.06582641601562,ALAMEDA,HAYWARD,-122.06604766845703,37.639797210693359
9654252,2023,2024-01-16,0109,2023-07-15,1645,9845,1,6,5,7,0109,0,0,0,,0,02X,"7TH ST","MANDELA PKWY",0.00,,Y,A,-,N,,,,,,,,,,N,4,0,2,2,A,-,12,21453,A,M,D,C,A,A,H,-,A,A,0,,,,,Y,,A,07,0,0,2,0,0,0,0,0,0,"- ","- ",,,ALAMEDA,OAKLAND,,
9655178,2023,2024-01-12,0106,2023-10-11,"809 ",347,,3,5,6,0106,0,0,0,,0,00H,"LUSTIG CT","ASTRIDA DR",0.00,,Y,A,-,N,,,,,,,,,,Y,3,0,1,2,A,-,09,21804,A,N,D,C,A,A,H,-,A,A,0,,,Y,,Y,,A,01,0,1,0,0,0,0,0,0,1,"- ","- ",37.632061004638672,-122.06350708007812,ALAMEDA,HAYWARD,,
9655293,2023,2024-01-11,0106,2023-11-28,"712 ",314,,2,5,6,0106,0,0,0,,0,00H,"FOLSOM AV","RUUS RD",0.00,,Y,A,-,N,,,,,,,,,,N,4,0,1,2,A,-,03,22350,,N,H,G,A,A,H,-,A,A,0,,Y,,,Y,,A,01,0,0,1,0,0,0,1,0,0,"- ","- ",37.625438690185547,-122.06597137451172,ALAMEDA,HAYWARD,,
9655543,2023,2024-01-19,0106,2023-09-08,1732,372,,5,5,6,0106,0,0,0,,0,00B,"MISSION BL","HOTEL AV",45.00,S,N,A,-,N,,,,,,,,,,N,4,0,1,2,A,-,03,22350,,N,D,C,A,A,H,-,A,D,0,,,Y,,Y,,C,02,0,0,1,0,0,0,0,0,1,"- ","- ",,,ALAMEDA,HAYWARD,-122.0858154296875,37.673732757568359