CASE_ID,ACCIDENT_YEAR,PROC_DATE,JURIS,COLLISION_DATE,COLLISION_TIME,OFFICER_ID,REPORTING_DISTRICT,DAY_OF_WEEK,CHP_SHIFT,POPULATION,CNTY_CITY_LOC,SPECIAL_COND,BEAT_TYPE,CHP_BEAT_TYPE,CITY_DIVISION_LAPD,CHP_BEAT_CLASS,BEAT_NUMBER,PRIMARY_RD,SECONDARY_RD,DISTANCE,DIRECTION,INTERSECTION,WEATHER_1,WEATHER_2,STATE_HWY_IND,CALTRANS_COUNTY,CALTRANS_DISTRICT,STATE_ROUTE,ROUTE_SUFFIX,POSTMILE_PREFIX,POSTMILE,LOCATION_TYPE,RAMP_INTERSECTION,SIDE_OF_HWY,TOW_AWAY,COLLISION_SEVERITY,NUMBER_KILLED,NUMBER_INJURED,PARTY_COUNT,PRIMARY_COLL_FACTOR,PCF_CODE_OF_VIOL,PCF_VIOL_CATEGORY,PCF_VIOLATION,PCF_VIOL_SUBSECTION,HIT_AND_RUN,TYPE_OF_COLLISION,MVIW,PED_ACTION,ROAD_SURFACE,ROAD_COND_1,ROAD_COND_2,LIGHTING,CONTROL_DEVICE,CHP_ROAD_TYPE,PEDESTRIAN_ACCIDENT,BICYCLE_ACCIDENT,MOTORCYCLE_ACCIDENT,TRUCK_ACCIDENT,NOT_PRIVATE_PROPERTY,ALCOHOL_INVOLVED,STWD_VEHTYPE_AT_FAULT,CHP_VEHTYPE_AT_FAULT,COUNT_SEVERE_INJ,COUNT_VISIBLE_INJ,COUNT_COMPLAINT_PAIN,COUNT_PED_KILLED,COUNT_PED_INJURED,COUNT_BICYCLIST_KILLED,COUNT_BICYCLIST_INJURED,COUNT_MC_KILLED,COUNT_MC_INJURED,PRIMARY_RAMP,SECONDARY_RAMP,LATITUDE,LONGITUDE,COUNTY,CITY,POINT_X,POINT_Y
91911542,2022,2022-11-07,9390,2022-10-28,0755,016633,,5,1,9,0100,0,2,4,,2,220,"DUBLIN CANYON RD.","SCHAEFER RANCH RD",0.00,,Y,A,-,N,,,,,,,,,,Y,4,0,2,2,A,-,09,21801,A,N,D,C,A,A,G,-,A,D,0,,,Y,,Y,,A,01,0,0,2,0,0,0,0,0,1,"- ","- ",37.698169708251953,-121.97968292236328,ALAMEDA,UNINCORPORATED,-121.97965240478516,37.698047637939453
91911713,2022,2022-11-07,9375,2022-10-27,1814,022213,,4,2,9,0100,0,1,3,,1,185,"SR-185 (E. 14TH STREET)","164TH AVENUE",81.00,N,N,A,-,Y,,,,,,,,,,N,4,0,1,2,A,-,08,22107,,N,E,4,A,A,H,-,A,A,0,,,,,Y,,A,01,0,0,1,0,0,0,0,0,0,"- ","- ",37.694980621337891,-122.11383819580078,ALAMEDA,UNINCORPORATED,-122.11383056640625,37.694999694824219
91911730,2022,2022-11-07,9375,2022-11-01,1215,016802,,2,1,9,0100,0,2,4,,2,035,"LAKE CHABOT RD","FAIRMONT DR",95.00,S,N,C,-,N,,,,,,,,,,Y,4,0,1,2,A,-,03,22350,,N,C,C,A,B,H,-,A,A,0,,,,,Y,,A,08,0,0,1,0,0,0,0,0,0,"- ","- ",37.714939117431641,-122.10453033447266,ALAMEDA,UNINCORPORATED,-122.10456085205078,37.714778900146484
91911797,2022,2022-11-07,9375,2022-10-31,0800,021936,,1,1,9,0100,0,3,5,,2,003,"PROCTOR RD","DORSON LANE",280.00,E,N,B,-,N,,,,,,,,,,Y,3,0,2,2,A,-,08,22107,,N,A,E,A,A,H,-,A,D,0,,,,,Y,,A,01,0,1,1,0,0,0,0,0,0,"- ","- ",37.717868804931641,-122.0755615234375,ALAMEDA,UNINCORPORATED,-122.07626342773438,37.717884063720703
91912806,2022,2022-11-08,9390,2022-11-02,0730,014771,,3,1,5,0111,0,1,1,,2,067,I-680(SB),"W. LAS POSITAS BL.",1584.00,N,N,B,-,Y,ALA,,680,,R,18.790,H,,R,Y,4,0,1,2,A,-,03,22350,,N,C,C,A,A,H,-,A,D,0,,,,,Y,,D,22,0,0,1,0,0,0,0,0,0,"- ","- ",37.683441162109375,-121.91583251953125,ALAMEDA,PLEASANTON,-121.91571807861328,37.683467864990234
91913127,2022,2022-11-08,9375,2022-11-03,0650,015147,,4,1,9,0100,0,2,4,,1,010,"GRANT AVE","WASHINGTON AVE",40.00,W,N,A,-,N,,,,,,,,,,N,3,0,1,2,A,-,03,22350,,N,C,C,A,A,H,-,B,A,0,,,,,Y,,-,"- ",0,1,0,0,0,0,0,0,0,"- ","- ",37.679500579833984,-122.13713836669922,ALAMEDA,UNINCORPORATED,-122.13703918457031,37.679538726806641
91914202,2022,2022-12-13,9375,2022-11-04,1730,022199,,5,2,9,0100,0,3,5,,2,002,"SUNSET BLVD","WESTERN BLVD",425.00,W,N,A,-,N,,,,,,,,,,N,3,0,1,2,A,-,09,21804,A,N,D,C,A,A,H,-,A,D,0,,,,,Y,,A,01,0,1,0,0,0,0,0,0,0,"- ","- ",37.6744384765625,-122.09709167480469,ALAMEDA,UNINCORPORATED,-122.09661102294922,37.674552917480469
91914823,2022,2022-11-10,9345,2022-10-31,0630,022662,,1,1,5,0112,0,1,1,,2,075,"I-880 SOUTHBOUND (NIMITZ FREEWAY)","WASHINGTON AVENUE",1056.00,N,N,A,-,Y,ALA,,880,,,21.064,H,,L,N,4,0,1,2,A,-,03,22350,,M,C,C,A,A,H,-,C,D,0,,,,,Y,,-,99,0,0,1,0,0,0,0,0,0,"- ","- ",37.693668365478516,-122.14241790771484,ALAMEDA,"SAN LEANDRO",-122.14243316650391,37.693656921386719
91915627,2022,2022-11-11,9370,2022-04-26,0220,021803,,2,3,7,0109,0,1,1,,2,052,"I-580 E/B","KUHLNE AVENUE",20.00,E,N,A,-,Y,ALA,,580,,R,38.991,H,,R,N,2,0,1,2,A,-,03,22350,,N,C,C,A,A,H,-,C,D,0,,,,,Y,,A,01,1,0,0,0,0,0,0,0,0,"- ","- ",37.781528472900391,-122.1746826171875,ALAMEDA,OAKLAND,-122.17453002929688,37.78167724609375
91915688,2022,2022-11-11,9390,2022-11-07,0921,020395,,1,1,5,0107,0,1,1,,2,053,"INTERSTATE 580 (WESTBOUND)","GREENVILLE ROAD",3168.00,W,N,A,-,Y,ALA,,580,,R,8.928,H,,R,Y,4,0,1,2,A,-,03,22350,,N,C,C,A,A,H,-,A,D,0,,,,,Y,,A,07,0,0,1,0,0,0,0,0,0,"- ","- ",37.714450836181641,-121.71114349365234,ALAMEDA,LIVERMORE,-121.711181640625,37.714508056640625
91915695,2022,2022-11-11,9345,2022-11-04,1225,022891,,5,1,6,0106,0,1,1,,2,072,"I-880 N/B","WHIPPLE ROAD",528.00,S,N,B,-,Y,ALA,,880,,,13.596,H,,R,N,3,0,1,3,A,-,03,22350,,N,C,C,A,A,H,-,A,D,0,,,,,Y,,A,01,0,1,0,0,0,0,0,0,0,"- ","- ",37.605720520019531,-122.06582641601562,ALAMEDA,HAYWARD,-122.06575775146484,37.605754852294922
91916404,2022,2022-11-14,9370,2022-10-11,0630,022991,,2,1,7,0109,0,1,3,,2,024,"SR-24 W/B","GOLDEN GATE AVE",400.00,E,N,A,-,Y,ALA,,24,,R,4.491,H,,L,Y,3,0,1,3,A,-,03,22350,,N,C,C,A,A,H,-,B,D,0,,,,,Y,,D,22,0,1,0,0,0,0,0,0,0,"- ","- ",37.850078582763672,-122.23931884765625,ALAMEDA,OAKLAND,-122.23931884765625,37.850131988525391
91916880,2022,2022-11-14,9390,2022-11-08,2215,022273,,2,3,9,0100,0,2,4,,2,221,"FOOTHILL ROAD (BLOCK 10700)","CARVER LANE",1400.00,S,N,B,-,N,,,,,,,,,,Y,3,0,1,1,A,-,01,23152,G,N,E,I,A,B,H,-,D,D,0,,,,,Y,Y,A,07,0,1,0,0,0,0,0,0,0,"- ","- ",37.601921081542969,-121.87911224365234,ALAMEDA,UNINCORPORATED,-121.87915802001953,37.602088928222656
91916881,2022,2022-11-14,9345,2022-11-06,1855,022934,,7,2,5,0112,0,1,1,,2,075,"I-880 N/B (NIMITZ FREEWAY)","DAVIS ST",528.00,N,N,B,-,Y,ALA,,880,,,23.765,H,,R,Y,4,0,1,2,A,-,07,21658,A,F,B,C,A,A,H,-,C,D,0,,,,,Y,,-,99,0,0,1,0,0,0,0,0,0,"- ","- ",37.720470428466797,-122.17778778076172,ALAMEDA,"SAN LEANDRO",-122.17790222167969,37.72039794921875
91917058,2022,2022-11-14,9390,2022-11-07,0048,022303,,1,3,6,0105,0,1,1,,2,064,"I-680 NORTHBOUND","WASHINGTON BLVD",2534.00,S,N,B,C,Y,ALA,,680,,M,4.819,H,,R,Y,4,0,3,1,A,-,01,23152,A,N,E,I,A,B,H,-,C,D,0,,,,,Y,Y,A,01,0,0,3,0,0,0,0,0,0,"- ","- ",37.525409698486328,-121.94586944580078,ALAMEDA,FREMONT,-121.94596862792969,37.525405883789062
91917285,2022,2022-11-14,9375,2022-11-04,2345,016616,,5,3,9,0100,0,3,5,,2,001,"ANGUS WAY","SCENIC WAY",120.00,N,N,B,-,N,,,,,,,,,,N,4,0,1,2,A,-,09,21804,A,N,A,C,A,A,B,-,D,D,0,,,,,Y,Y,A,01,0,0,1,0,0,0,0,0,0,"- ","- ",37.68756103515625,-122.10021209716797,ALAMEDA,UNINCORPORATED,-122.10016632080078,37.687576293945312
91917825,2022,2022-11-15,9345,2022-11-08,0340,022662,,2,3,4,0108,0,1,3,,1,184,"SR-84 SOUTHBOUND","LAKE BOULEVARD",100.00,N,N,C,-,Y,ALA,,84,,R,5.418,H,,L,Y,4,0,1,1,A,-,08,22107,,N,E,I,A,B,F,-,D,D,0,,,,,Y,,A,01,0,0,1,0,0,0,0,0,0,"- ","- ",37.5565185546875,-122.04493713378906,ALAMEDA,NEWARK,-122.04500579833984,37.556568145751953
91917889,2022,2022-11-15,9370,2022-10-01,0228,022848,,6,3,7,0109,0,1,3,,2,013,"SR-13 S/B","PARK BLVD",2085.00,S,N,A,-,Y,ALA,,13,,,6.995,H,,L,Y,2,0,1,1,A,-,01,23152,A,N,E,I,A,A,H,-,C,D,0,,,,,Y,Y,D,22,1,0,0,0,0,0,0,0,0,"- ","- ",37.816650390625,-122.20345306396484,ALAMEDA,OAKLAND,-122.20335388183594,37.816699981689453
91918043,2022,2022-11-15,9390,2022-11-08,0220,022178,,2,3,5,0111,0,1,1,,2,052,"I-580 WESTBOUND","FALLON RD OVERCROSSING",350.00,E,N,B,C,Y,ALA,,580,,,16.641,H,,L,N,3,0,1,2,A,-,03,22350,,M,C,C,A,B,H,-,C,D,0,,,,Y,Y,,A,01,0,1,0,0,0,0,0,0,0,"- ","- ",37.701400756835938,-121.84829711914062,ALAMEDA,PLEASANTON,-121.84830474853516,37.701133728027344
91918062,2022,2022-11-15,9375,2022-11-04,1940,022752,,5,2,9,0100,0,1,1,,2,580,"I-580 E/B","167TH AVENUE",214.00,N,N,A,-,Y,ALA,,580,,R,31.414,H,,L,N,4,0,1,2,A,-,03,22350,,F,C,C,A,A,H,-,C,D,0,,,,,Y,,-,"- ",0,0,1,0,0,0,0,0,0,"- ","- ",37.696090698242188,-122.10514831542969,ALAMEDA,UNINCORPORATED,-122.10507965087891,37.696128845214844
91918644,2022,2022-11-15,9375,2022-11-13,1520,022199,,7,2,9,0100,0,2,4,,1,022,"BLOSSOM WAY","BLOSSOM CT",175.00,W,N,A,-,N,,,,,,,,,,N,4,0,1,2,A,-,03,22350,,N,C,C,A,A,H,-,A,D,0,,,,,Y,,A,01,0,0,1,0,0,0,0,0,0,"- ","- ",37.677150726318359,-122.10762023925781,ALAMEDA,UNINCORPORATED,-122.10746002197266,37.67718505859375
91918951,2022,2022-11-16,9345,2022-11-05,2156,022620,,6,2,9,0100,0,1,1,,2,074,"I-880 NORTHBOUND","HACIENDA AVENUE",1584.00,S,N,C,-,Y,ALA,,880,,,18.967,H,,R,Y,3,0,1,2,A,-,03,22350,,N,F,8,A,B,H,-,C,D,0,,,Y,,Y,,C,02,0,1,0,0,0,0,0,0,1,"- ","- ",37.673660278320312,-122.11321258544922,ALAMEDA,UNINCORPORATED,-122.11318969726562,37.673675537109375
91919142,2022,2022-11-16,9390,2022-11-02,1245,016633,,3,1,5,0111,0,1,1,,2,051,"I-580 E/B","WEST EDGE OF FOOTHILL RD OVERCROSSING",40.00,E,N,B,-,Y,ALA,,580,,R,21.427,H,,R,N,4,0,2,2,A,-,03,22350,,N,D,C,A,B,H,-,A,D,0,,,,,Y,,A,07,0,0,2,0,0,0,0,0,0,"- ","- ",37.698318481445312,-121.93508911132812,ALAMEDA,PLEASANTON,-121.93511199951172,37.698516845703125
91919293,2022,2022-11-16,9345,2022-11-15,1301,020911,,2,1,9,0100,0,1,1,,2,074,"I-880 S/B","HACIENDA AVENUE",1214.00,N,N,A,-,Y,ALA,,880,,,19.398,H,,L,N,4,0,1,2,A,-,03,22350,,N,C,C,A,A,H,-,A,D,0,,,,,Y,,A,01,0,0,1,0,0,0,0,0,0,"- ","- ",37.677738189697266,-122.11934661865234,ALAMEDA,UNINCORPORATED,-122.11940765380859,37.677680969238281
91919337,2022,2022-11-16,9375,2022-11-04,2500,022752,,5,4,9,0100,0,1,1,,2,580,"I580 WB JEO FAIRMONT AVE","159TH AVENUE",534.00,E,N,B,-,Y,ALA,,580,,R,32.405,H,,R,Y,3,0,1,1,A,-,01,23152,A,N,E,I,A,A,H,-,C,D,0,,,,,Y,Y,A,07,0,1,0,0,0,0,0,0,0,"- ","- ",37.705879211425781,-122.1180419921875,ALAMEDA,UNINCORPORATED,-122.11798095703125,37.705963134765625
91921210,2022,2022-11-18,9345,2022-11-10,1850,022977,,4,2,9,0100,0,1,1,,2,238,"LEWELLING BOULEVARD","EAST LEWELLING BOULEVARD",40.00,S,N,A,-,Y,ALA,,238,,,15.050,H,,L,N,3,0,1,2,C,-,18,,,N,C,C,A,A,H,-,C,D,0,,,,,Y,,-,"- ",0,1,0,0,0,0,0,0,0,"- ","- ",37.688831329345703,-122.10761260986328,ALAMEDA,UNINCORPORATED,-122.10760498046875,37.688796997070312
91921224,2022,2022-11-18,9345,2022-11-11,0540,023036,,5,3,6,0105,0,1,3,,1,184,"SR-84 S/B","KGO TOWERS",823.00,N,N,A,-,Y,ALA,,84,,R,1.790,H,,L,N,4,0,1,2,A,-,03,22350,,N,C,C,A,A,C,-,C,D,0,,,,,Y,,A,01,0,0,1,0,0,0,0,0,0,"- ","- ",37.526611328125,-122.09750366210938,ALAMEDA,FREMONT,-122.09751892089844,37.526626586914062
91921307,2022,2022-11-18,9345,2022-11-11,0538,022904,,5,3,6,0106,0,1,1,,2,073,"I-880 S/B (NIMITZ FREEWAY)","A"" STREET""""""",528.00,S,N,A,-,Y,ALA,,880,,,18.236,H,,L,Y,4,0,1,3,A,-,03,22350,,N,C,C,A,A,H,-,C,D,0,,,,,Y,,D,22,0,0,1,0,0,0,0,0,0,"- ","- ",37.664581298828125,-122.10671997070312,ALAMEDA,HAYWARD,-122.10669708251953,37.664588928222656
91921615,2022,2023-01-20,9345,2022-11-15,1920,023015,,2,2,5,0113,0,1,1,,2,072,"I-880 N/B","WHIPPLE RD",300.00,S,N,A,-,Y,ALA,,880,,,13.414,H,,R,Y,4,0,1,4,A,-,07,21658,A,N,B,2,A,A,H,-,D,D,0,,,,,Y,,A,07,0,0,1,0,0,0,0,0,0,"- ","- ",37.603389739990234,-122.06420135498047,ALAMEDA,"UNION CITY",-122.06411743164062,37.603427886962891
91922532,2022,2022-11-21,9370,2022-11-17,0740,022980,,4,1,7,0109,0,1,1,,2,053,"I-580 WESTBOUND","ARDLEY AVENUE",425.00,E,N,A,-,Y,ALA,,580,,R,41.845,H,,L,Y,3,0,1,2,A,-,03,22350,,N,C,C,A,A,H,-,A,D,0,,,,,Y,,A,01,0,1,0,0,0,0,0,0,0,"- ","- ",37.799659729003906,-122.22268676757812,ALAMEDA,OAKLAND,-122.22274017333984,37.799507141113281
91922541,2022,2022-11-21,9370,2022-10-16,0345,022841,,7,3,7,0109,0,1,3,,2,024,"SR-24 W/B","COLLEGE AVE",3190.00,E,N,A,-,Y,ALA,,24,,R,4.314,H,,L,Y,2,0,1,1,A,-,08,22107,,N,E,8,A,A,H,-,D,D,0,,,,,Y,,A,01,1,0,0,0,0,0,0,0,0,"- ","- ",37.849220275878906,-122.24221801757812,ALAMEDA,OAKLAND,-122.24227905273438,37.849292755126953
91923964,2022,2022-11-22,9345,2022-11-12,2335,022705,,6,3,6,0105,0,1,3,,1,184,"SR-84 NORTHBOUND","SAN MATEO/ALAMEDA COUNTY LINE",4224.00,N,N,A,-,Y,ALA,,84,,R,0.866,H,,R,N,3,0,1,2,A,-,03,22350,,N,C,C,A,A,H,-,D,A,0,,,,,Y,,A,07,0,1,0,0,0,0,0,0,0,"- ","- ",37.515750885009766,-122.10704040527344,ALAMEDA,FREMONT,-122.10710906982422,37.515781402587891
91924235,2022,2022-11-22,9370,2022-09-29,0810,022830,,4,1,7,0109,0,1,1,,2,052,"I-580 WB","COOLIDGE AVE",550.00,W,N,A,-,Y,ALA,,580,,R,41.255,H,,L,N,4,0,1,2,A,-,03,22350,,N,B,C,A,A,H,-,A,D,0,,,Y,,Y,,C,02,0,0,1,0,0,0,0,0,1,"- ","- ",37.797210693359375,-122.21237945556641,ALAMEDA,OAKLAND,-122.21244812011719,37.797050476074219
91924239,2022,2022-11-22,9390,2022-11-12,1830,021452,,6,2,9,0100,0,1,1,,2,053,"I-580 EASTBOUND","NORTH FLYNN ROAD",1320.00,W,N,A,-,Y,ALA,,580,,R,6.167,H,,R,Y,4,0,2,2,A,-,03,22350,,N,C,C,A,A,H,-,D,D,0,,,,,Y,,A,07,0,0,2,0,0,0,0,0,0,"- ","- ",37.718311309814453,-121.66374969482422,ALAMEDA,UNINCORPORATED,-121.66383361816406,37.718486785888672
91924637,2022,2022-11-22,9370,2022-07-04,0058,022800,,1,3,7,0109,0,1,1,,2,054,"I-580 E/B","LAKESHORE AVE",968.00,E,N,B,-,Y,ALA,,580,,,43.309,H,,R,Y,1,1,0,2,C,-,18,,,N,C,C,A,A,H,-,C,D,0,,,Y,,Y,,-,"- ",0,0,0,0,0,0,0,1,0,"- ","- ",37.808799743652344,-122.24329376220703,ALAMEDA,OAKLAND,-122.24323272705078,37.808925628662109
91925121,2022,2022-11-23,9370,2022-11-10,0855,023068,,4,1,7,0109,0,1,3,,2,024,"SR-24 W/B","TUNNEL RD",445.00,E,N,A,-,Y,ALA,,24,,R,5.204,H,,L,N,3,0,2,3,A,-,07,21658,A,N,B,C,A,A,H,-,A,D,0,,,,Y,Y,,F,26,0,2,0,0,0,0,0,0,0,"- ","- ",37.848751068115234,-122.22682189941406,ALAMEDA,OAKLAND,-122.22682189941406,37.848728179931641
91925793,2022,2022-11-23,9390,2022-11-14,1154,014771,,1,1,9,0100,0,1,3,,1,223,"SR-84 / NILES CANYON ROAD","MAIN ST.",0.00,,Y,A,-,N,,,,,,,,,,Y,4,0,1,2,A,-,09,21800,A,N,D,C,A,A,H,-,A,B,0,,,,Y,Y,,A,07,0,0,1,0,0,0,0,0,0,"- ","- ",37.592670440673828,-121.88471984863281,ALAMEDA,UNINCORPORATED,-121.89200592041016,37.593631744384766
91925842,2022,2022-11-23,9390,2022-11-15,1707,019612,,2,2,9,0100,0,1,1,,2,050,"I-580 EASTBOUND","EDEN CANYON ROAD",3696.00,E,N,A,-,Y,ALA,,580,,R,25.593,H,,L,Y,3,0,1,1,A,-,03,22350,,N,F,A,A,A,H,-,D,D,0,,,Y,,Y,,C,02,0,1,0,0,0,0,0,0,1,"- ","- ",37.703029632568359,-122.00968170166016,ALAMEDA,UNINCORPORATED,-122.00968170166016,37.703010559082031
91925886,2022,2022-11-23,9390,2022-11-18,1500,021452,,5,2,5,0107,0,1,1,,2,052,"I-580 EASTBOUND","AIRWAY BOULEVARD",2112.00,E,N,A,-,Y,ALA,,580,,,14.784,H,,R,N,4,0,1,2,A,-,03,22350,,N,C,C,A,A,H,-,A,D,0,,,,,Y,,D,22,0,0,1,0,0,0,0,0,0,"- ","- ",37.700851440429688,-121.81388854980469,ALAMEDA,LIVERMORE,-121.81388854980469,37.701068878173828
91926270,2022,2022-11-24,9370,2022-11-02,1210,022830,,3,1,7,0109,0,1,1,,2,177,"I-880 S/B","OAK ST",1100.00,S,N,A,-,Y,ALA,,880,,,30.866,H,,L,Y,4,0,2,2,A,-,07,21658,,F,B,C,A,A,H,-,A,D,0,,,,,Y,Y,-,99,0,0,2,0,0,0,0,0,0,"- ","- ",37.792999267578125,-122.26364898681641,ALAMEDA,OAKLAND,-122.26351928710938,37.793106079101562
91926469,2022,2022-11-25,9375,2022-11-17,1830,022229,,4,2,9,0100,0,2,4,,1,012,"HESPERIAN BOULEVARD","HACIENDA AVENUE",50.00,N,N,A,-,N,,,,,,,,,,N,3,0,1,2,A,-,08,22107,,N,F,A,A,A,H,-,C,D,0,,Y,,,Y,,A,07,0,1,0,0,0,0,1,0,0,"- ","- ",37.674518585205078,-122.12344360351562,ALAMEDA,UNINCORPORATED,-122.12363433837891,37.674343109130859
91927167,2022,2022-11-28,9370,2022-11-19,2113,022983,,6,2,7,0109,0,1,1,,2,055,"I-580 W/B","HARRISON STREET",160.00,W,N,A,-,Y,ALA,,580,,,44.398,H,,L,Y,3,0,1,1,A,-,01,23152,A,N,E,I,A,A,H,-,C,D,0,,,,,Y,Y,A,01,0,1,0,0,0,0,0,0,0,"- ","- ",37.819908142089844,-122.255126953125,ALAMEDA,OAKLAND,-122.25521087646484,37.819831848144531
91927549,2022,2022-11-28,9390,2022-11-13,0439,022482,,7,3,5,0111,0,1,1,,2,051,"I-580 WESTBOUND","TASSAJARA ROAD",2640.00,E,N,A,-,Y,ALA,,580,,,17.481,H,,L,Y,3,0,1,3,A,-,01,23152,A,N,E,I,A,A,H,-,C,D,0,,,,,Y,Y,A,01,0,1,0,0,0,0,0,0,0,"- ","- ",37.701389312744141,-121.86360931396484,ALAMEDA,PLEASANTON,-121.86360931396484,37.701278686523438
91927594,2022,2022-11-28,9390,2022-11-15,1427,021649,,2,2,9,0100,0,1,1,,2,065,"I-680 N/B","ANDRADE ROAD",725.00,N,N,A,-,Y,ALA,,680,,R,9.854,H,,R,N,4,0,1,4,A,-,03,22350,,N,C,C,A,A,H,-,A,D,0,,,,,Y,,A,07,0,0,1,0,0,0,0,0,0,"- ","- ",37.575279235839844,-121.88291931152344,ALAMEDA,UNINCORPORATED,-121.88288879394531,37.575214385986328
91927599,2022,2022-11-28,9345,2022-11-19,0850,022811,,6,1,5,0112,0,1,1,,2,075,"I-880 N/B","DAVIS ST",10.00,S,N,A,-,Y,ALA,,880,,,23.666,H,,R,Y,2,0,1,2,C,-,18,,,N,C,2,A,A,H,-,A,D,0,,,,,Y,,-,"- ",1,0,0,0,0,0,0,0,0,"- ","- ",37.719249725341797,-122.17677307128906,ALAMEDA,"SAN LEANDRO",-122.17675018310547,37.719264984130859
91928633,2022,2022-11-29,9345,2022-11-25,2225,023046,,5,3,6,0105,0,1,1,,2,071,"I-880 N/B","CENTRAL AVE",300.00,N,N,A,-,Y,ALA,,880,,,8.323,H,,R,Y,3,0,3,3,A,-,01,23152,A,F,C,C,A,A,H,-,C,D,0,,,,,Y,Y,A,01,0,3,0,0,0,0,0,0,0,"- ","- ",37.540378570556641,-122.01786041259766,ALAMEDA,FREMONT,-122.01790618896484,37.540355682373047
91928657,2022,2022-11-29,9390,2022-11-20,0357,022867,,7,3,5,0111,0,1,1,,2,051,"I-580 EASTBOUND","SANTA RITA ROAD",1162.00,E,N,A,-,Y,ALA,,580,,,17.721,H,,R,N,3,0,1,1,A,-,01,23152,A,N,E,I,A,A,H,-,D,D,0,,,,,Y,Y,A,01,0,1,0,0,0,0,0,0,0,"- ","- ",37.701408386230469,-121.86798858642578,ALAMEDA,PLEASANTON,-121.86798858642578,37.701534271240234
91928868,2022,2022-11-29,9390,2022-11-21,1725,020206,,1,2,5,0111,0,1,1,,2,051,"I-580 E/B","FOOTHILL ROAD",2347.00,E,N,A,-,Y,ALA,,580,,,20.959,H,,L,N,4,0,1,2,A,-,03,22350,,N,C,C,A,A,H,-,C,D,0,,,,,Y,,A,01,0,0,1,0,0,0,0,0,0,"- ","- ",37.699939727783203,-121.9267578125,ALAMEDA,PLEASANTON,-121.92675018310547,37.699905395507812
91929049,2022,2022-11-29,9370,2022-10-12,1610,022988,,3,2,7,0109,0,1,3,,2,025,"I-580 FROM MARTIN LUTHER KING JR. WAY/51ST STREET","42ND ST",275.00,W,N,A,-,Y,ALA,,24,,R,2.296,H,,L,N,4,0,1,2,A,-,08,22107,,N,C,C,A,A,H,-,A,D,0,,,,,Y,,A,01,0,0,1,0,0,0,0,0,0,"- ","- ",37.830768585205078,-122.26734161376953,ALAMEDA,OAKLAND,-122.26703643798828,37.830730438232422
91929659,2022,2022-11-29,9375,2022-11-27,1915,022199,,7,2,9,0100,0,2,4,,1,042,"REDWOOD RD","JAMISON WAY",275.00,S,N,A,-,N,,,,,,,,,,N,4,0,2,2,A,-,21,22106,,N,C,C,A,A,H,-,C,A,0,,,,,Y,,A,01,0,0,2,0,0,0,0,0,0,"- ","- ",37.697269439697266,-122.07402038574219,ALAMEDA,UNINCORPORATED,-122.07395172119141,37.697334289550781
91930825,2022,2022-11-30,9390,2022-11-22,1510,020368,,2,2,9,0100,0,1,1,,2,065,"I-680 NORTHBOUND","ANDRADE ROAD",2640.00,S,N,A,-,Y,ALA,,680,,R,9.228,H,,R,N,4,0,1,3,A,-,03,22350,,M,C,C,A,A,H,-,A,D,0,,,,,Y,,-,99,0,0,1,0,0,0,0,0,0,"- ","- ",37.570171356201172,-121.89224243164062,ALAMEDA,UNINCORPORATED,-121.89219665527344,37.570121765136719
91931722,2022,2022-12-01,9390,2022-11-23,1330,017059,,3,1,9,0100,0,1,3,,1,223,"SR-84/NILES CANYON RD","MAIN ST",3960.00,W,N,A,-,Y,ALA,,84,,,16.281,H,,R,Y,4,0,2,2,A,-,03,22350,,N,C,C,A,A,H,-,A,D,0,,,,,Y,,D,22,0,0,2,0,0,0,0,0,0,"- ","- ",37.595008850097656,-121.90087127685547,ALAMEDA,UNINCORPORATED,-121.90087127685547,37.595008850097656
91931877,2022,2022-12-01,9390,2022-11-23,1630,019612,,3,2,5,0107,0,1,1,,2,053,"I-580 EASTBOUND","VASCO ROAD",500.00,W,N,A,-,Y,ALA,,580,,,9.935,H,,R,N,4,0,1,2,A,-,04,21703,,N,C,C,A,A,H,-,A,D,0,,,,,Y,,A,01,0,0,1,0,0,0,0,0,0,"- ","- ",37.707290649414062,-121.72779083251953,ALAMEDA,LIVERMORE,-121.72789001464844,37.707439422607422