CASE_ID,ACCIDENT_YEAR,PROC_DATE,JURIS,COLLISION_DATE,COLLISION_TIME,OFFICER_ID,REPORTING_DISTRICT,DAY_OF_WEEK,CHP_SHIFT,POPULATION,CNTY_CITY_LOC,SPECIAL_COND,BEAT_TYPE,CHP_BEAT_TYPE,CITY_DIVISION_LAPD,CHP_BEAT_CLASS,BEAT_NUMBER,PRIMARY_RD,SECONDARY_RD,DISTANCE,DIRECTION,INTERSECTION,WEATHER_1,WEATHER_2,STATE_HWY_IND,CALTRANS_COUNTY,CALTRANS_DISTRICT,STATE_ROUTE,ROUTE_SUFFIX,POSTMILE_PREFIX,POSTMILE,LOCATION_TYPE,RAMP_INTERSECTION,SIDE_OF_HWY,TOW_AWAY,COLLISION_SEVERITY,NUMBER_KILLED,NUMBER_INJURED,PARTY_COUNT,PRIMARY_COLL_FACTOR,PCF_CODE_OF_VIOL,PCF_VIOL_CATEGORY,PCF_VIOLATION,PCF_VIOL_SUBSECTION,HIT_AND_RUN,TYPE_OF_COLLISION,MVIW,PED_ACTION,ROAD_SURFACE,ROAD_COND_1,ROAD_COND_2,LIGHTING,CONTROL_DEVICE,CHP_ROAD_TYPE,PEDESTRIAN_ACCIDENT,BICYCLE_ACCIDENT,MOTORCYCLE_ACCIDENT,TRUCK_ACCIDENT,NOT_PRIVATE_PROPERTY,ALCOHOL_INVOLVED,STWD_VEHTYPE_AT_FAULT,CHP_VEHTYPE_AT_FAULT,COUNT_SEVERE_INJ,COUNT_VISIBLE_INJ,COUNT_COMPLAINT_PAIN,COUNT_PED_KILLED,COUNT_PED_INJURED,COUNT_BICYCLIST_KILLED,COUNT_BICYCLIST_INJURED,COUNT_MC_KILLED,COUNT_MC_INJURED,PRIMARY_RAMP,SECONDARY_RAMP,LATITUDE,LONGITUDE,COUNTY,CITY,POINT_X,POINT_Y
91952759,2022,2022-12-27,9370,2022-12-02,0105,022800,,5,3,7,0109,0,1,1,,2,055,"I-580 W/B","PERALTA ST",528.00,W,N,A,-,Y,ALA,,580,,,45.993,H,,R,Y,2,0,2,2,A,-,07,21658,A,F,B,C,A,A,H,-,C,D,0,,,,,Y,,-,99,1,0,1,0,0,0,0,0,0,"- ","- ",37.827579498291016,-122.28314971923828,ALAMEDA,OAKLAND,-122.28314971923828,37.827587127685547
91952809,2022,2022-12-27,9370,2022-12-11,1020,022964,,7,1,7,0109,0,1,3,,2,013,"SR-13 N/B FROM JOAQUIN MILLER ROAD","JOAQUIN MILLER ROAD",119.00,N,N,A,-,Y,ALA,,13,,,6.498,H,,R,Y,4,0,1,1,C,-,18,,,N,H,H,A,B,H,-,A,D,0,,,,,Y,,-,"- ",0,0,1,0,0,0,0,0,0,"- ","- ",37.811050415039062,-122.19786071777344,ALAMEDA,OAKLAND,-122.19797515869141,37.810962677001953
91953329,2022,2022-12-27,9375,2022-12-18,2240,022229,,7,3,9,0100,0,2,4,,1,020,"LEWELLING BLVD","VIA GRANADA",130.00,W,N,A,-,N,,,,,,,,,,Y,4,0,1,2,A,-,01,23152,A,N,A,C,A,A,H,-,C,D,0,,,,,Y,Y,A,07,0,0,1,0,0,0,0,0,0,"- ","- ",37.686660766601562,-122.12550354003906,ALAMEDA,UNINCORPORATED,-122.12539672851562,37.686630249023438
91953985,2022,2022-12-28,9335,2022-12-18,1445,022897,,7,2,7,0109,0,1,1,,1,082,"I-80 W/B","SFOBB METERING LIGHTS",350.00,E,N,A,-,Y,ALA,,80,,,1.860,H,,L,N,4,0,3,3,A,-,03,22350,,N,C,C,A,A,H,-,A,D,0,,,,,Y,,A,01,0,0,3,0,0,0,0,0,0,"- ","- ",37.824268341064453,-122.31613922119141,ALAMEDA,OAKLAND,-122.31617736816406,37.824382781982422
91954026,2022,2023-10-04,9370,2022-12-17,0910,022974,,6,1,7,0109,0,1,1,,2,052,"I-580 E/B","DUTTON AVENUE",2045.00,W,N,A,-,Y,ALA,,580,,R,36.006,H,,R,Y,3,0,1,3,A,-,21,22106,,M,H,C,A,A,H,-,A,D,0,,,,,Y,,A,01,0,1,0,0,0,0,0,0,0,"- ","- ",37.748851776123047,-122.15101623535156,ALAMEDA,OAKLAND,-122.15074157714844,37.748935699462891
91955465,2022,2022-12-29,9390,2022-12-21,1935,020206,,3,2,5,0107,0,1,1,,2,052,"I-580 E/B","NORTH LIVERMORE AVENUE",1802.00,E,N,A,-,Y,ALA,,580,,,12.194,H,,R,Y,4,0,1,3,A,-,03,22350,,N,C,C,A,A,H,-,C,A,0,,,,,Y,,A,01,0,0,1,0,0,0,0,0,0,"- ","- ",37.701801300048828,-121.76744079589844,ALAMEDA,LIVERMORE,-121.76750183105469,37.702033996582031
91956219,2022,2022-12-30,9370,2022-12-02,1040,022974,,5,1,7,0109,0,1,1,,2,052,"I-580 W/B","KELLER AVENUE",1100.00,E,N,A,-,Y,ALA,,580,,R,37.574,H,,L,Y,3,0,1,1,A,-,08,22107,,N,B,I,A,A,H,-,A,D,0,,,,,Y,,A,01,0,1,0,0,0,0,0,0,0,"- ","- ",37.769290924072266,-122.15408325195312,ALAMEDA,OAKLAND,-122.15428161621094,37.769210815429688
91957845,2022,2023-01-02,9390,2022-12-23,1728,021649,,5,2,9,0100,0,1,1,,2,066,"I-680 S/B","KOOPMAN ROAD",1801.00,N,N,B,-,Y,ALA,,680,,R,12.806,H,,L,Y,4,0,1,3,A,-,03,22350,,M,C,C,A,A,H,-,C,D,0,,,,,Y,,A,01,0,0,1,0,0,0,0,0,0,"- ","- ",37.605869293212891,-121.87274169921875,ALAMEDA,UNINCORPORATED,-121.872802734375,37.605854034423828
91959456,2022,2023-01-04,9345,2022-12-24,0406,022937,,6,3,6,0106,0,1,1,,2,073,"I-880 S/B","WINTON AVE",300.00,N,N,A,-,Y,,,,,,,,,,Y,3,0,1,1,A,-,03,22350,,N,E,I,A,A,H,-,C,D,0,,,,,Y,,A,07,0,1,0,0,0,0,0,0,0,"- ","- ",37.657520294189453,-122.10286712646484,ALAMEDA,HAYWARD,-122.10253143310547,37.657726287841797
91959661,2022,2023-01-04,9390,2022-12-27,0555,018351,,2,3,5,0107,0,1,1,,2,052,"I-580 WESTBOUND","N. LIVERMORE AVE",2112.00,E,N,B,C,Y,ALA,,580,,,12.109,H,,L,N,4,0,1,2,A,-,03,22350,,N,E,I,A,B,H,-,B,D,0,,,,,Y,,A,01,0,0,1,0,0,0,0,0,0,"- ","- ",37.702171325683594,-121.76598358154297,ALAMEDA,LIVERMORE,-121.76596069335938,37.702091217041016
91959706,2022,2023-01-04,9390,2022-12-27,0837,016633,,2,1,5,0111,0,1,1,,2,051,"I-580 W/B",I-680,437.00,E,N,B,C,Y,ALA,,580,,,20.618,H,,L,Y,4,0,1,2,A,-,03,22350,,N,D,C,A,B,H,-,A,D,0,,,,,Y,,A,01,0,0,1,0,0,0,0,0,0,"- ","- ",37.701519012451172,-121.92086029052734,ALAMEDA,PLEASANTON,-121.9207763671875,37.701282501220703
91960682,2022,2023-01-05,9390,2022-12-30,1233,016633,,5,1,9,0100,0,1,1,,2,050,"I-580 W/B","FOOTHILL RD",5808.00,W,N,B,C,Y,ALA,,580,,R,22.522,H,,L,Y,4,0,1,1,A,-,03,22350,,N,E,I,A,B,H,-,A,D,0,,,,,Y,,A,01,0,0,1,0,0,0,0,0,0,"- ","- ",37.698520660400391,-121.95504760742188,ALAMEDA,UNINCORPORATED,-121.95505523681641,37.698295593261719
91960719,2022,2023-01-05,9370,2022-12-27,0550,018499,,2,3,7,0109,0,1,1,,2,053,"I-580 W/B","PARK BLVD",205.00,E,N,C,-,Y,ALA,,580,,,42.655,H,,L,Y,4,0,4,5,A,-,03,22350,,N,D,C,A,B,H,-,C,D,0,,,,Y,Y,,A,01,0,0,4,0,0,0,0,0,0,"- ","- ",37.803901672363281,-122.23326110839844,ALAMEDA,OAKLAND,-122.23319244384766,37.803955078125
91961071,2023,2023-01-05,9345,2023-01-04,"219 ",021939,,3,3,9,0100,0,1,S,,2,042,"REDWOOD ROAD TO I-580 E/B","REDWOOD ROAD",230.00,E,N,B,-,Y,ALA,,580," ",R,29.329,H,,L,N,4,0,1,1,A,-,08,22107,,M,E,I,A,A,H,-,C,A,0,,,,,Y,,A,01,0,0,1,0,0,0,0,0,0,"- ","- ",37.690361022949219,-122.07276916503906,ALAMEDA,UNINCORPORATED,-122.07278442382812,37.690589904785156
91961176,2022,2023-01-05,9370,2022-12-04,1430,022863,,7,2,7,0109,0,1,3,,2,024,"SR-24 W/B","OLD TUNNEL RD",330.00,E,N,A,-,Y,,,,,,,,,,N,3,0,1,2,A,-,07,21658,A,F,C,C,A,A,H,-,C,D,0,,,,,Y,,-,99,0,1,0,0,0,0,0,0,0,"- ","- ",37.857040405273438,-122.21414947509766,ALAMEDA,OAKLAND,-122.21432495117188,37.857200622558594
91961551,2022,2023-01-06,9370,2022-12-04,1708,022863,,7,2,7,0109,0,1,3,,2,025,"SR-24 W/B","45TH ST",100.00,W,N,C,-,Y,ALA,,24,,R,2.463,H,,L,N,4,0,2,2,A,-,03,22350,,F,C,C,A,B,H,-,C,D,0,,,,,Y,,D,22,0,0,2,0,0,0,0,0,0,"- ","- ",37.833141326904297,-122.26663970947266,ALAMEDA,OAKLAND,-122.26654815673828,37.8331298828125
91961568,2022,2023-01-06,9375,2022-12-30,1340,023012,,5,1,9,0100,0,1,1,,2,580,I-580,"FAIRMONT DRIVE",85.00,E,N,C,-,Y,ALA,,580,,R,32.687,H,,L,N,3,0,1,1,A,-,03,22350,,N,F,I,A,B,F,-,A,D,0,,,,,Y,,-,"- ",0,1,0,0,0,0,0,0,0,"- ","- ",37.707958221435547,-122.12245941162109,ALAMEDA,UNINCORPORATED,-122.12232971191406,37.708061218261719
91961603,2022,2023-01-06,9375,2022-12-23,0940,022955,,5,1,9,0100,0,2,4,,1,048,"PALOMARES RD","PALO VERDE RD",43085.00,S,N,A,-,N,,,,,,,,,,Y,3,0,1,1,A,-,03,22350,,N,E,I,A,A,H,-,A,D,0,,,,,Y,,A,01,0,1,0,0,0,0,0,0,0,"- ","- ",37.614830017089844,-121.94342041015625,ALAMEDA,UNINCORPORATED,-121.97080993652344,37.638538360595703
91961648,2022,2023-01-06,9390,2022-12-31,0456,021478,,6,3,9,0100,0,1,1,,2,050,"I-580 EASTBOUND","FOOTHILL RD.",7920.00,W,N,B,C,Y,ALA,,580,,R,22.933,H,,L,Y,3,0,2,2,C,-,18,,,N,D,2,A,B,H,-,D,D,0,,,,,Y,,-,"- ",0,2,0,0,0,0,0,0,0,"- ","- ",37.697460174560547,-121.96246337890625,ALAMEDA,UNINCORPORATED,-121.96248626708984,37.69757080078125
91962778,2022,2023-01-09,9370,2022-11-06,1446,022990,,7,2,7,0109,0,1,1,,2,054,"I-580 W/B","GRAND AVE",615.00,W,N,A,-,Y,ALA,,580,,,43.760,H,,L,Y,3,0,1,2,A,-,01,23152,A,N,C,C,A,A,H,-,A,D,0,,,,,Y,Y,A,01,0,1,0,0,0,0,0,0,0,"- ","- ",37.811859130859375,-122.25009918212891,ALAMEDA,OAKLAND,-122.25034332275391,37.811771392822266
91963078,2022,2023-01-09,9370,2022-09-23,1655,022863,,5,2,6,0103,0,1,1,,2,081,"I-80 W/B","UNIVERSITY AVE",2210.00,W,N,A,-,Y,ALA,,80,,,5.410,H,,L,Y,2,0,1,2,A,-,03,22350,,M,B,C,A,A,H,-,A,D,0,,,Y,Y,Y,,C,02,1,0,0,0,0,0,0,0,1,"- ","- ",37.860759735107422,-122.30217742919922,ALAMEDA,BERKELEY,-122.30219268798828,37.860755920410156
91963135,2022,2023-01-09,9345,2022-12-31,1350,022705,,6,1,5,0112,0,1,1,,2,075,"I-880 SOUTHBOUND (NIMITZ FREEWAY)","DAVIS STREET",2112.00,N,N,C,-,Y,ALA,,880,,,24.057,H,,L,N,2,0,2,2,A,-,08,22107,,N,B,2,A,B,H,-,A,D,0,,,,,Y,,A,01,1,1,0,0,0,0,0,0,0,"- ","- ",37.723781585693359,-122.18148803710938,ALAMEDA,"SAN LEANDRO",-122.18154907226562,37.723743438720703
91963383,2022,2023-01-09,9390,2022-12-31,1500,022174,,6,2,9,0100,0,2,4,,2,441,"TESLA ROAD (5000 BLOCK)","MINES ROAD",1056.00,E,N,B,C,N,,,,,,,,,,N,3,0,2,2,A,-,03,22350,,N,C,C,A,B,H,-,A,A,0,,,,,Y,Y,A,01,0,2,0,0,0,0,0,0,0,"- ","- ",37.665130615234375,-121.72868347167969,ALAMEDA,UNINCORPORATED,-121.72923278808594,37.66510009765625
91963724,2023,2023-01-09,9345,2023-01-05,1218,020911,,4,1,5,0112,0,1,1,,2,075,"I-880 S/B","ALADDIN AVENUE",1267.00,S,N,B,C,Y,ALA,,880," "," ",22.176,H,,L,N,4,0,1,1,C,-,18,,,N,E,I,A,B,H,-,A,D,0,,,,,Y,,-,"- ",0,0,1,0,0,0,0,0,0,"- ","- ",37.704208374023438,-122.15760803222656,ALAMEDA,"SAN LEANDRO",-122.15766143798828,37.70416259765625
91963739,2023,2023-01-09,9345,2023-01-01,2020,022131,,7,2,6,0106,0,1,3,,2,092,"SR-92 EASTBOUND","INDUSTRIAL BOULEVARD",800.00,W,N,A,-,Y,ALA,,92," ",R,4.961,H,,R,N,3,0,1,2,A,-,03,22350,,N,C,C,A,A,H,-,C,D,0,,,,,Y,,A,01,0,1,0,0,0,0,0,0,0,"- ","- ",37.630878448486328,-122.11273193359375,ALAMEDA,HAYWARD,-122.11272430419922,37.630874633789062
91964243,2023,2023-02-15,9345,2023-01-04,1710,021961,,3,2,6,0105,0,1,3,,1,184,"SR-84 S/B","SAN MATEO COUNTY LINE",1320.00,N,N,C,-,Y,ALA,,84," ",R,0.430,H,,L,Y,4,0,2,3,A,-,03,22350,,N,C,C,A,B,H,-,C,D,0,,,,Y,Y,,G,27,0,0,2,0,0,0,0,0,0,"- ","- ",37.510860443115234,-122.11167144775391,ALAMEDA,FREMONT,-122.11164855957031,37.510845184326172
91964334,2022,2023-01-10,9390,2022-12-31,0750,021624,,6,1,6,0105,0,1,1,,2,064,"I-680 N/B","S. GRIMMER BLVD",155.00,N,N,B,C,Y,ALA,,680,,M,3.398,H,,R,Y,3,0,1,1,A,-,03,22350,,N,E,8,A,B,H,-,A,D,0,,,,,Y,,A,07,0,1,0,0,0,0,0,0,0,"- ","- ",37.506679534912109,-121.93479156494141,ALAMEDA,FREMONT,-121.93491363525391,37.506629943847656
91964366,2023,2023-01-10,9390,2023-01-01,"535 ",019865,,7,3,9,0100,0,1,1,,2,050,"I-580 WESTBOUND","EDEN CYN RD.",5280.00,E,N,B,C,Y,ALA,,580," ",R,25.145,H,,R,N,3,0,1,1,A,-,08,22107,,N,E,I,A,B,H,-,D,D,0,,,,,Y,,A,01,0,1,0,0,0,0,0,0,0,"- ","- ",37.703891754150391,-122.00151062011719,ALAMEDA,UNINCORPORATED,-122.00151062011719,37.703739166259766
91964390,2023,2023-01-10,9390,2023-01-01,"810 ",019865,,7,1,9,0100,0,1,1,,2,050,"I-580 WESTBOUND","EDEN CYN RD.",5280.00,E,N,B,C,Y,ALA,,580," ",R,25.138,H,,R,N,4,0,1,1,A,-,08,22107,,N,E,I,A,B,H,-,A,D,0,,,,,Y,,A,01,0,0,1,0,0,0,0,0,0,"- ","- ",37.703720092773438,-122.00138854980469,ALAMEDA,UNINCORPORATED,-122.00138854980469,37.7037353515625
91965422,2022,2023-01-11,9370,2022-12-29,0952,022974,,4,1,7,0109,0,1,1,,2,052,"I-580 W/B","SEMINARY AVE",1340.00,E,N,B,-,Y,ALA,,580,,R,38.684,H,,L,Y,3,0,1,1,A,-,08,22107,,N,F,A,A,B,H,-,A,D,0,,,,,Y,,A,07,0,1,0,0,0,0,0,0,0,"- ","- ",37.779109954833984,-122.16976928710938,ALAMEDA,OAKLAND,-122.16989898681641,37.778961181640625
91966492,2023,2023-01-12,9370,2023-01-05,1140,023178,,4,1,7,0109,0,1,1,,2,053,"I-580 E/B","38TH AVENUE",200.00,W,N,C,-,Y,ALA,,580," ",R,40.437,H,,R,N,4,0,1,1,A,-,03,22350,,N,E,I,A,B,H,-,A,D,0,,,,,Y,,A,01,0,0,1,0,0,0,0,0,0,"- ","- ",37.789749145507812,-122.2010498046875,ALAMEDA,OAKLAND,-122.20095062255859,37.789821624755859
91966590,2023,2023-01-12,9390,2023-01-02,"528 ",016633,,1,3,9,0100,0,1,1,,2,053,I-580,"CARROLL RD.",3963.00,W,N,A,-,Y,ALA,,580," ",R,6.765,H,,R,Y,4,0,1,2,A,-,08,22107,,N,C,C,A,A,H,-,B,D,0,,,,,Y,,D,22,0,0,1,0,0,0,0,0,0,"- ","- ",37.720600128173828,-121.67368316650391,ALAMEDA,UNINCORPORATED,-121.67362976074219,37.720649719238281
91966720,2023,2023-01-12,9345,2023-01-05,1435,023197,,4,2,9,0100,0,2,S,,2,020,"LEWELLING BLVD","WESTERMAN COURT",0.00,,Y,B,-,N,,,,,,,,,,N,4,0,1,2,A,-,09,21804,A,N,D,C,A,A,H,-,A,D,0,,,,,Y,,A,01,0,0,1,0,0,0,0,0,0,"- ","- ",37.687019348144531,-122.11179351806641,ALAMEDA,UNINCORPORATED,,
91967116,2023,2023-01-12,9345,2023-01-06,1102,021581,,5,1,6,0105,0,1,1,,2,071,"I-880 (NIMITZ FREEWAY)","ALVARADO BOULEVARD",416.00,S,N,A,-,Y,ALA,,880," "," ",11.332,H,,R,Y,4,0,1,5,A,-,03,22350,,M,C,C,A,A,H,-,A,D,0,,,,,Y,,A,08,0,0,1,0,0,0,0,0,0,"- ","- ",37.577400207519531,-122.04794311523438,ALAMEDA,FREMONT,-122.04773712158203,37.577445983886719
91967145,2022,2023-01-12,9375,2022-12-27,0630,021936,,2,1,9,0100,0,2,4,,1,012,"HESPERIAN BOULEVARD","HACIENDA AVENUE",42.00,N,N,B,C,N,,,,,,,,,,N,4,0,1,2,A,-,01,23152,A,M,C,C,A,B,H,-,C,A,0,,,,,Y,Y,A,07,0,0,1,0,0,0,0,0,0,"- ","- ",37.674411773681641,-122.12359619140625,ALAMEDA,UNINCORPORATED,-122.12362670898438,37.674324035644531
91967558,2023,2023-01-13,9370,2023-01-02,1835,022922,,1,2,7,0109,0,1,1,,2,054,"I-580 W/B","LAKESHORE AVE",700.00,E,N,C,-,Y,ALA,,580," "," ",43.353,H,,L,N,4,0,2,2,A,-,03,22350,,N,E,8,A,B,H,-,C,D,0,,,,,Y,,A,07,0,0,2,0,0,0,0,0,0,"- ","- ",37.809028625488281,-122.24392700195312,ALAMEDA,OAKLAND,-122.24397277832031,37.808929443359375
91967860,2023,2023-01-13,9345,2023-01-07,"100 ",022548,,6,3,6,0105,0,1,1,,2,070,"I-880 SOUTHBOUND","STEVENSON BLVD",500.00,N,N,A,-,Y,,,,,,,,,,N,4,0,1,1,A,-,08,22107,,N,E,8,A,B,H,-,C,D,0,,,,,Y,,A,07,0,0,1,0,0,0,0,0,0,"- ","- ",37.522308349609375,-121.98927307128906,ALAMEDA,FREMONT,-121.98895263671875,37.522953033447266
91968026,2023,2023-01-13,9345,2023-01-12,"800 ",018844,,4,1,9,0100,0,1,S,,2,581,"I-580 E/B","CENTER STREET",250.00,E,N,A,-,Y,ALA,,580," ",R,28.652,H,,R,N,4,0,1,2,A,-,04,21703,,N,C,C,A,A,H,-,A,D,0,,,,,Y,,A,01,0,0,1,0,0,0,0,0,0,"- ","- ",37.693431854248047,-122.06079864501953,ALAMEDA,UNINCORPORATED,-122.06078338623047,37.693393707275391
91969011,2022,2023-01-16,9370,2022-12-04,1645,022863,,7,2,7,0109,0,1,3,,2,024,"SR-24 E/B",BROADWAY,655.00,W,N,C,-,Y,ALA,,24,,R,4.027,H,,R,N,4,0,2,2,A,-,03,22350,,N,C,C,A,B,H,-,C,D,0,,,,,Y,,A,01,0,0,2,0,0,0,0,0,0,"- ","- ",37.846611022949219,-122.24642944335938,ALAMEDA,OAKLAND,-122.24644470214844,37.846622467041016
91969068,2022,2023-01-16,9370,2022-12-12,1835,022863,,1,2,2,0104,0,1,1,,2,008,"I-80 W/B","POWELL ST",670.00,E,N,A,-,Y,ALA,,80,,,3.944,H,,L,N,3,0,1,2,A,-,03,22350,,N,C,C,A,A,H,-,C,D,0,,,,,Y,,A,01,0,1,0,0,0,0,0,0,0,"- ","- ",37.840061187744141,-122.29705047607422,ALAMEDA,EMERYVILLE,-122.29712677001953,37.840053558349609
91970042,2022,2023-01-17,9375,2022-12-26,1855,023012,,1,2,9,0100,0,1,3,,1,185,"SR-185 (E 14TH STREET)","167TH AVENUE",0.00,,Y,C,-,Y,,,,,,,,,,N,3,0,1,2,A,-,10,21950,,F,G,B,B,B,H,-,C,A,0,Y,,,,Y,,-,99,0,1,0,0,1,0,0,0,0,"- ","- ",37.692108154296875,-122.10996246337891,ALAMEDA,UNINCORPORATED,-122.10977172851562,37.692073822021484
91970647,2023,2023-01-18,9345,2023-01-10,1630,021316,,2,2,6,0105,0,1,1,,2,070,"I-880 N/B","AUTO MALL PARKWAY",528.00,N,N,B,-,Y,ALA,,880," "," ",4.865,H,,R,N,4,0,1,3,A,-,03,22350,,N,C,C,A,B,H,-,A,D,0,,,,,Y,,A,01,0,0,1,0,0,0,0,0,0,"- ","- ",37.508979797363281,-121.96926116943359,ALAMEDA,FREMONT,-121.96922302246094,37.509010314941406
91970814,2022,2023-01-18,9390,2022-11-29,0716,021964,,2,1,9,0100,0,1,1,,2,054,"I-580 EASTBOUND","UNION PACIFIC RAILROAD OVERCROSSING (STONECUT)",3375.00,W,N,A,-,Y,,,,,,,,,,Y,1,1,0,1,A,-,08,22107,,N,E,I,A,A,H,-,B,D,0,,,,,Y,,A,07,0,0,0,0,0,0,0,0,0,"- ","- ",37.725940704345703,-121.63847351074219,ALAMEDA,UNINCORPORATED,-121.63855743408203,37.726203918457031
91971690,2023,2023-01-19,9370,2023-01-03,1038,023196,,2,1,3,0102,0,1,1,,2,081,"I-80 W/B FROM BUCHANAN STREET","BUCHANAN STREET",870.00,W,N,B,-,Y,ALA,,80," ",R,7.168,H,,L,N,4,0,1,2,A,-,03,22350,,M,C,C,A,D,H,-,A,A,0,,,,,Y,,-,99,0,0,1,0,0,0,0,0,0,"- ","- ",37.885471343994141,-122.30934906005859,ALAMEDA,ALBANY,-122.30908966064453,37.885505676269531
91972756,2023,2023-01-20,9345,2023-01-09,"930 ",023036,,1,1,6,0106,0,1,1,,2,073,"I-880 S/B","A"" ST.""",294.00,S,N,C,-,Y,ALA,,880," "," ",18.306,H,,L,N,4,0,1,2,A,-,03,22350,,M,C,C,A,B,H,-,A,D,0,,,,,Y,,A,01,0,0,1,0,0,0,0,0,0,"- ","- ",37.665481567382812,-122.10730743408203,ALAMEDA,HAYWARD,-122.10726165771484,37.665500640869141
91973678,2023,2023-01-23,9345,2023-01-13,1028,023138,,5,1,9,0100,0,3,5,,2,001,"VIA MANZANAS","VIA MARGARITA",105.00,E,N,C,-,N,,,,,,,,,,N,4,0,1,3,A,-,09,21804,A,N,D,C,A,B,H,-,A,D,0,,,,,Y,,A,08,0,0,1,0,0,0,0,0,0,"- ","- ",37.673149108886719,-122.13336181640625,ALAMEDA,UNINCORPORATED,-122.13336944580078,37.673099517822266
91973688,2023,2023-01-23,9335,2023-01-14,"442 ",021754,,6,3,7,0109,0,1,1,,2,084,"I-80 E/B","I-80 W/B TO WEST GRAND AVENUE O/C",1350.00,W,N,C,-,Y,ALA,,80," "," ",1.956,H,,R,Y,4,0,1,2,C,-,18,,,N,C,C,A,B,H,-,C,D,0,,,,,Y,,-,"- ",0,0,1,0,0,0,0,0,0,"- ","- ",37.823780059814453,-122.31423950195312,ALAMEDA,OAKLAND,-122.31423950195312,37.823768615722656
91973867,2023,2023-01-23,9370,2023-01-02,1548,022990,,1,2,7,0109,0,1,1,,2,054,"I-580 E/B","GRAND AVE",270.00,W,N,C,-,Y,ALA,,580," "," ",43.691,H,,R,Y,4,0,1,2,A,-,01,23152,A,N,C,C,A,B,H,-,A,D,0,,,,,Y,Y,A,07,0,0,1,0,0,0,0,0,0,"- ","- ",37.810928344726562,-122.24958038330078,ALAMEDA,OAKLAND,-122.24942779541016,37.811042785644531
91973884,2022,2023-01-23,9370,2022-12-21,1500,022859,,3,2,7,0109,0,1,1,,2,177,"I-880 S/B","OAK STREET",1000.00,S,N,A,-,Y,ALA,,880,,,30.935,H,,L,Y,2,0,1,3,A,-,07,21658,A,N,B,C,A,A,H,-,A,D,0,,,,Y,Y,,A,01,1,0,0,0,0,0,0,0,0,"- ","- ",37.793781280517578,-122.26444244384766,ALAMEDA,OAKLAND,-122.26438903808594,37.793819427490234
91973886,2023,2023-01-23,9370,2023-01-08,1437,022990,,7,2,7,0109,0,1,1,,2,055,"I-580 WB FROM W. MACARTHUR BOULEVARD","HOLLIS ST",580.00,E,N,A,-,Y,ALA,,123," "," ",0.003,H,,L,Y,3,0,1,1,A,-,08,22107,,N,A,I,A,A,H,-,A,D,0,,,,,Y,,A,01,0,1,0,0,0,0,0,0,0,"- ","- ",37.827960968017578,-122.28260803222656,ALAMEDA,OAKLAND,-122.28258514404297,37.827880859375
91974446,2023,2023-01-23,9390,2023-01-22,"300 ",022178,,7,3,6,0105,0,1,1,,2,064,"I-680 NORTHBOUND","AUTO MALL PARKWAY",3168.00,N,N,A,-,Y,ALA,,680," ",M,4.869,H,,R,Y,3,0,1,2,A,-,01,23152,A,N,C,C,A,A,H,-,C,D,0,,,,,Y,Y,A,01,0,1,0,0,0,0,0,0,0,"- ","- ",37.526039123535156,-121.94595336914062,ALAMEDA,FREMONT,-121.94597625732422,37.526039123535156
91974459,2022,2023-01-23,9390,2022-12-08,0307,021947,,4,3,5,0111,0,1,1,,2,051,"I-580 WESTBOUND TO I-680 NORTHBOUND","I-680 NORTHBOUND",505.00,E,N,A,-,Y,,,,,,,,,,Y,1,1,0,1,A,-,01,23152,G,N,E,I,A,A,H,-,C,D,0,,,,,Y,Y,A,01,0,0,0,0,0,0,0,0,0,"- ","- ",37.701869964599609,-121.92092132568359,ALAMEDA,PLEASANTON,-121.92092132568359,37.701869964599609
91974633,2023,2023-01-23,9345,2023-01-12,1745,022163,,4,2,9,0100,0,1,S,,2,581,"I-580 W/B TO STROBRIDGE AVE","LAKE CHABOT PEDESTRIAN CROSSING",428.00,W,N,B,-,Y,ALA,,580," "," ",30.168,H,,R,Y,4,0,1,2,A,-,03,22350,,N,C,C,A,A,H,-,C,A,0,,,,,Y,,A,01,0,0,1,0,0,0,0,0,0,"- ","- ",37.69097900390625,-122.08535003662109,ALAMEDA,UNINCORPORATED,-122.08535003662109,37.690837860107422