CASE_ID,ACCIDENT_YEAR,PROC_DATE,JURIS,COLLISION_DATE,COLLISION_TIME,OFFICER_ID,REPORTING_DISTRICT,DAY_OF_WEEK,CHP_SHIFT,POPULATION,CNTY_CITY_LOC,SPECIAL_COND,BEAT_TYPE,CHP_BEAT_TYPE,CITY_DIVISION_LAPD,CHP_BEAT_CLASS,BEAT_NUMBER,PRIMARY_RD,SECONDARY_RD,DISTANCE,DIRECTION,INTERSECTION,WEATHER_1,WEATHER_2,STATE_HWY_IND,CALTRANS_COUNTY,CALTRANS_DISTRICT,STATE_ROUTE,ROUTE_SUFFIX,POSTMILE_PREFIX,POSTMILE,LOCATION_TYPE,RAMP_INTERSECTION,SIDE_OF_HWY,TOW_AWAY,COLLISION_SEVERITY,NUMBER_KILLED,NUMBER_INJURED,PARTY_COUNT,PRIMARY_COLL_FACTOR,PCF_CODE_OF_VIOL,PCF_VIOL_CATEGORY,PCF_VIOLATION,PCF_VIOL_SUBSECTION,HIT_AND_RUN,TYPE_OF_COLLISION,MVIW,PED_ACTION,ROAD_SURFACE,ROAD_COND_1,ROAD_COND_2,LIGHTING,CONTROL_DEVICE,CHP_ROAD_TYPE,PEDESTRIAN_ACCIDENT,BICYCLE_ACCIDENT,MOTORCYCLE_ACCIDENT,TRUCK_ACCIDENT,NOT_PRIVATE_PROPERTY,ALCOHOL_INVOLVED,STWD_VEHTYPE_AT_FAULT,CHP_VEHTYPE_AT_FAULT,COUNT_SEVERE_INJ,COUNT_VISIBLE_INJ,COUNT_COMPLAINT_PAIN,COUNT_PED_KILLED,COUNT_PED_INJURED,COUNT_BICYCLIST_KILLED,COUNT_BICYCLIST_INJURED,COUNT_MC_KILLED,COUNT_MC_INJURED,PRIMARY_RAMP,SECONDARY_RAMP,LATITUDE,LONGITUDE,COUNTY,CITY,POINT_X,POINT_Y
92126765,2023,2023-07-26,9370,2023-07-20,"725 ",022816,,4,1,6,0103,0,1,1,,2,081,"I-80 W/B","ASHBY AVE",1800.00,E,N,B,-,Y,ALA,,80," "," ",4.927,H,,L,N,4,0,1,2,A,-,07,21658,A,N,B,C,A,A,H,-,A,D,0,,,Y,,Y,,C,02,0,0,1,0,0,0,0,0,1,"- ","- ",37.853939056396484,-122.30023193359375,ALAMEDA,BERKELEY,-122.30027770996094,37.853931427001953
92126809,2023,2023-07-26,9370,2023-07-13,1105,022816,,4,1,6,0103,0,1,1,,2,081,"I-80 W/B","UNIVERSITY AVE",1800.00,E,N,A,-,Y,ALA,,80," "," ",6.180,H,,L,N,4,0,1,2,A,-,03,22350,,N,C,C,A,A,H,-,A,D,0,,,,,Y,,A,01,0,0,1,0,0,0,0,0,0,"- ","- ",37.871608734130859,-122.30535125732422,ALAMEDA,BERKELEY,-122.305419921875,37.871597290039062
92127339,2023,2023-07-27,9370,2023-07-22,1235,022848,,6,1,2,0104,0,1,1,,2,080,"I-80 W/B","POWELL STREET",1010.00,E,N,A,-,Y,ALA,,80," "," ",4.281,H,,L,N,4,0,1,2,A,-,03,22350,,N,C,C,A,A,H,-,A,D,0,,,,,Y,,A,07,0,0,1,0,0,0,0,0,0,"- ","- ",37.844760894775391,-122.29814910888672,ALAMEDA,EMERYVILLE,-122.29806518554688,37.844772338867188
92127560,2023,2023-07-27,9345,2023-07-19,2150,022620,,3,2,6,0105,0,1,1,,2,071,"I-880 NORTHBOUND","MOWRY AVENUE",1584.00,N,N,A,-,Y,ALA,,880," "," ",7.476,H,,R,Y,4,0,1,4,A,-,03,22350,,N,C,C,A,A,H,-,C,D,0,,,,,Y,,A,07,0,0,1,0,0,0,0,0,0,"- ","- ",37.532169342041016,-122.00643157958984,ALAMEDA,FREMONT,-122.00638580322266,37.532218933105469
92127706,2023,2023-07-27,9345,2023-07-18,1730,022470,,2,2,9,0100,0,2,S,,2,031,"CASTRO VALLEY BOULEVARD","PARK WAY",290.00,W,N,A,-,N,,,,,,,,,,N,4,0,3,3,A,-,03,22350,,N,C,C,A,A,H,-,A,D,0,,,,,Y,,A,01,0,0,3,0,0,0,0,0,0,"- ","- ",37.693660736083984,-122.08807373046875,ALAMEDA,UNINCORPORATED,-122.08795928955078,37.693618774414062
92127832,2023,2023-07-27,9390,2023-07-19,1745,021649,,3,2,9,0100,0,2,4,,2,555,"VASCO ROAD","LOS VAQUEROS ROAD",3219.00,N,N,A,-,N,,,,,,,,,,Y,3,0,1,2,A,-,08,22107,,N,C,C,A,A,H,-,A,D,0,,,Y,,Y,,-,"- ",0,1,0,0,0,0,0,0,1,"- ","- ",37.770980834960938,-121.72353363037109,ALAMEDA,UNINCORPORATED,-121.72365570068359,37.7708740234375
9212978,2022,2023-01-31,0109,2022-09-12,1049,9381,2,1,5,7,0109,0,0,0,,0,29X,"73RD AV","MACARTHUR BL",200.00,N,N,A,-,N,,,,,,,,,,N,4,0,2,2,A,-,03,22350,,N,C,C,A,A,H,-,A,A,0,,,,,Y,,D,22,0,0,2,0,0,0,0,0,0,"- ","- ",,,ALAMEDA,OAKLAND,-122.17146301269531,37.769443511962891
92130573,2023,2023-07-28,9390,2023-07-25,1915,020368,,2,2,9,0100,0,1,3,,2,330,"SR-84 / VALLECITOS ROAD","LITTLE VALLEY ROAD",4224.00,E,N,A,-,Y,ALA,,84," "," ",20.614,H,,R,Y,2,0,2,2,A,-,01,23152,A,N,E,8,A,A,D,-,A,D,0,,,,,Y,Y,A,01,1,1,0,0,0,0,0,0,0,"- ","- ",37.606620788574219,-121.83209228515625,ALAMEDA,UNINCORPORATED,-121.83213043212891,37.606712341308594
92132216,2023,2023-07-31,9390,2023-07-21,1940,022229,,5,2,5,0111,0,1,1,,2,051,"I-580 W/B","HOPYARD ROAD",1000.00,E,N,A,-,Y,ALA,,580," "," ",19.531,H,,R,N,3,0,1,1,A,-,08,22107,,N,E,I,A,A,H,-,A,D,0,,,,,Y,,A,01,0,1,0,0,0,0,0,0,0,"- ","- ",37.701759338378906,-121.90119934082031,ALAMEDA,PLEASANTON,-121.90119934082031,37.701904296875
92132272,2023,2023-07-31,9390,2023-07-22,1530,022229,,6,2,9,0100,0,1,1,,2,066,"I-680 S/B","KOOPMAN ROAD",2500.00,N,N,A,-,Y,ALA,,680," ",R,13.333,H,,L,Y,4,0,3,2,A,-,03,22350,,N,C,C,A,A,H,-,A,D,0,,,,,Y,,D,22,0,0,3,0,0,0,0,0,0,"- ","- ",37.613090515136719,-121.87580108642578,ALAMEDA,UNINCORPORATED,-121.87581634521484,37.613082885742188
92132357,2023,2023-07-31,9345,2023-07-23,1435,022811,,7,2,9,0100,0,1,1,,2,074,"I-880 S/B","HESPERIAN BLVD",1373.00,S,N,A,-,Y,ALA,,880," "," ",19.862,H,,L,Y,4,0,4,7,A,-,03,22350,,N,C,C,A,A,H,-,A,D,0,,,,Y,Y,,A,07,0,0,4,0,0,0,0,0,0,"- ","- ",37.682109832763672,-122.12583160400391,ALAMEDA,UNINCORPORATED,-122.12583160400391,37.682109832763672
92132535,2023,2023-08-01,9345,2023-07-23,"606 ",022029,,7,1,9,0100,0,1,S,,2,580,"I-580 W/B TO FOOTHILL BLVD","FOOTHILL BLVD",59.00,W,N,B,-,Y,,,,,,,,,,N,4,0,1,1,A,-,03,22350,,N,E,I,A,A,H,-,A,D,0,,,,,Y,,A,07,0,0,1,0,0,0,0,0,0,"- ","- ",37.708419799804688,-122.12158966064453,ALAMEDA,UNINCORPORATED,-122.12158966064453,37.708419799804688
92133265,2023,2023-08-01,9345,2023-07-20,1440,022259,,4,2,6,0106,0,1,1,,2,072,"I-880 SOUTHBOUND (NIMITZ FREEWAY)","INDUSTRIAL PARKWAY",2376.00,N,N,A,-,Y,ALA,,880," "," ",15.001,H,,L,N,3,0,1,3,A,-,04,21703,,N,C,C,A,A,H,-,A,D,0,,,,,Y,,A,01,0,1,0,0,0,0,0,0,0,"- ","- ",37.623420715332031,-122.07869720458984,ALAMEDA,HAYWARD,-122.07872772216797,37.623409271240234
92133940,2023,2023-08-02,9320,2023-07-26,"225 ",022804,,3,3,5,0107,0,1,S,,2,904,"I-580 EASTBOUND","ISABEL AVE",2640.00,E,N,A,-,Y,ALA,,580," "," ",13.582,H,,R,N,4,0,2,2,A,-,08,22107,,N,B,C,A,A,H,-,D,A,0,,,,,Y,,A,01,0,0,2,0,0,0,0,0,0,"- ","- ",37.700241088867188,-121.79225158691406,ALAMEDA,LIVERMORE,-121.79217529296875,37.700431823730469
92134018,2023,2023-08-02,9345,2023-07-26,1700,022470,,3,2,5,0112,0,1,1,,2,075,"I-880 S/B","WILLIAMS STREET",300.00,S,N,A,-,Y,ALA,,880," "," ",23.054,H,,L,N,4,0,2,2,A,-,03,22350,,N,C,C,A,A,H,-,A,D,0,,,,,Y,,A,01,0,0,2,0,0,0,0,0,0,"- ","- ",37.712551116943359,-122.16976928710938,ALAMEDA,"SAN LEANDRO",-122.16976165771484,37.712558746337891
92134461,2023,2023-08-02,9390,2023-07-23,2215,022178,,7,3,9,0100,0,1,3,,2,330,"SR-84 / VALLECITOS ROAD","GE PLANT",100.00,W,N,A,-,N,,,,,,,,,,Y,4,0,1,4,A,-,03,22350,,N,C,C,A,A,D,-,D,D,0,,,,,Y,,A,07,0,0,1,0,0,0,0,0,0,"- ","- ",37.603118896484375,-121.84427642822266,ALAMEDA,UNINCORPORATED,-121.84427642822266,37.603111267089844
92134476,2023,2023-08-02,9390,2023-07-24,"640 ",023325,,1,1,5,0111,0,1,1,,2,051,"INTERSTATE 580 (WESTBOUND)","SANTA RITA ROAD",2534.00,E,N,A,-,Y,ALA,,580," "," ",17.445,H,,R,N,4,0,1,2,A,-,03,22350,,N,C,C,A,A,H,-,A,D,0,,,,,Y,,A,01,0,0,1,0,0,0,0,0,0,"- ","- ",37.701469421386719,-121.86296844482422,ALAMEDA,PLEASANTON,-121.86296844482422,37.701496124267578
92135208,2023,2023-08-03,9390,2023-07-24,1310,023325,,1,1,9,0100,0,1,1,,2,025,"INTERSTATE 205 (EASTBOUND)","GRANT LINE ROAD",898.00,E,N,A,-,Y,ALA,,205," ",L,0.173,H,,R,Y,4,0,1,3,A,-,03,22350,,N,C,C,A,A,H,-,A,D,0,,,,,Y,,A,01,0,0,1,0,0,0,0,0,0,"- ","- ",37.742179870605469,-121.56905364990234,ALAMEDA,UNINCORPORATED,-121.56904602050781,37.742141723632812
92135309,2023,2023-08-09,9370,2023-06-04,1830,023189,,7,2,7,0109,0,1,1,,2,053,"I-580 W/B","14TH AVE",960.00,E,N,A,-,Y,ALA,,580," ",R,41.913,H,,L,Y,4,0,1,4,A,-,08,22107,,M,B,E,A,A,H,-,A,D,0,,,,,Y,,-,99,0,0,1,0,0,0,0,0,0,"- ","- ",37.799938201904297,-122.22389984130859,ALAMEDA,OAKLAND,-122.22396087646484,37.799762725830078
92135343,2023,2023-08-03,9345,2023-07-22,2256,023079,,6,3,6,0105,0,1,1,,2,071,"SR-84 SOUTHBOUND",I-880,1584.00,W,N,A,-,Y,ALA,,84," ",R,5.698,H,,L,N,4,0,2,2,A,-,07,21658,A,M,B,C,A,A,H,-,C,D,0,,,,,Y,,A,01,0,0,2,0,0,0,0,0,0,"- ","- ",37.559761047363281,-122.04177856445312,ALAMEDA,FREMONT,-122.04173278808594,37.559734344482422
92135476,2023,2023-08-03,9390,2023-07-25,1125,023292,,2,1,9,0100,0,1,1,,2,065,"I-680 SOUTHBOUND","ANDRADE ROAD",650.00,N,N,A,-,Y,ALA,,680," ",R,9.840,H,,L,Y,4,0,1,2,A,-,03,22350,,N,C,C,A,A,H,-,A,D,0,,,,Y,Y,,F,26,0,0,1,0,0,0,0,0,0,"- ","- ",37.575298309326172,-121.88321685791016,ALAMEDA,UNINCORPORATED,-121.88323974609375,37.575344085693359
92136405,2023,2023-08-04,9345,2023-07-25,1815,022579,,2,2,5,0112,0,1,S,,2,580,"I-580 W/B","MACARTHUR BLVD.",475.00,E,N,A,-,Y,ALA,,580," ",R,34.747,H,,L,Y,4,0,1,2,A,-,07,21658,A,M,B,C,A,A,H,-,A,D,0,,,,,Y,,-,99,0,0,1,0,0,0,0,0,0,"- ","- ",37.733390808105469,-122.13945770263672,ALAMEDA,"SAN LEANDRO",-122.13963317871094,37.733364105224609
92136886,2023,2023-08-07,9345,2023-07-28,"425 ",022232,,5,3,6,0106,0,1,1,,2,073,"I-880 NB",SR-92,1584.00,N,N,A,-,Y,ALA,,880," "," ",17.005,H,,R,Y,4,0,1,3,A,-,03,22350,,N,C,C,A,A,H,-,C,D,0,,,,,Y,,D,22,0,0,1,0,0,0,0,0,0,"- ","- ",37.648769378662109,-122.09654998779297,ALAMEDA,HAYWARD,-122.0965576171875,37.648765563964844
92137572,2023,2023-08-07,9345,2023-07-30,"330 ",023058,,7,3,9,0100,0,1,1,,2,238,"I-238 N/B TO I-880 S/B","HESPERIAN BLVD",1320.00,S,N,A,-,Y,ALA,,238," "," ",16.018,H,,R,N,4,0,1,1,A,-,08,22107,,N,E,I,A,A,H,-,C,D,0,,,,Y,Y,,F,26,0,0,1,0,0,0,0,0,0,"- ","- ",37.690639495849609,-122.12532043457031,ALAMEDA,UNINCORPORATED,-122.12534332275391,37.690555572509766
92137730,2023,2023-08-07,9390,2023-07-26,1430,022752,,3,2,9,0100,0,1,1,,2,054,"I-580 E/B","N. MIDWAY ROAD",306.00,W,N,A,-,Y,ALA,,580," ",L,0.976,H,,L,Y,4,0,2,4,A,-,07,21658,A,N,B,C,A,A,H,-,A,D,0,,,,Y,Y,,A,01,0,0,2,0,0,0,0,0,0,"- ","- ",37.741729736328125,-121.57321929931641,ALAMEDA,UNINCORPORATED,-121.57321929931641,37.741733551025391
92137814,2023,2023-08-07,9335,2023-07-30,1450,023118,,7,2,7,0109,0,1,1,,1,082,"I-80 W/B","SAN FRANCISCO-ALAMEDA COUNTY LINE",478.00,E,N,A,-,Y,ALA,,80," ",R,0.084,H,,L,Y,4,0,1,3,A,-,03,22350,,N,C,C,A,A,H,-,A,D,0,,,,,Y,,A,01,0,0,1,0,0,0,0,0,0,"- ","- ",37.819419860839844,-122.34819030761719,ALAMEDA,OAKLAND,-122.34819793701172,37.8194580078125
92138686,2023,2023-08-08,9345,2023-08-02,"136 ",022891,,3,3,6,0106,0,2,S,,2,901,"JACKSON ST","SANTA CLARA ST",158.00,E,N,A,-,N,,,,,,,,,,Y,3,0,1,1,A,-,03,22350,,M,E,8,A,A,H,-,C,A,0,,,,,Y,,A,01,0,1,0,0,0,0,0,0,0,"- ","- ",37.649871826171875,-122.09101104736328,ALAMEDA,HAYWARD,-122.09108734130859,37.649909973144531
92139437,2023,2023-08-09,9370,2023-07-31,1650,022487,,1,2,7,0109,0,1,3,,2,013,"SR-13 N/B","BROADWAY TERRACE",1465.00,S,N,A,-,Y,ALA,,13," "," ",8.774,H,,R,N,3,0,1,2,A,-,03,22350,,N,C,C,A,A,H,-,A,D,0,,,,,Y,,D,22,0,1,0,0,0,0,0,0,0,"- ","- ",37.838088989257812,-122.22158050537109,ALAMEDA,OAKLAND,-122.22160339355469,37.838069915771484
92139682,2023,2023-08-09,9390,2023-07-28,"215 ",021947,,5,3,9,0100,0,1,1,,2,054,"I-580 EASTBOUND","UNION PACIFIC RAILROAD OVERCROSSING (STONECUT)",1700.00,E,N,A,-,Y,ALA,,580," ",R,3.665,H,,L,Y,4,0,1,2,A,-,07,21658,A,M,B,C,A,A,H,-,D,D,0,,,,,Y,Y,A,01,0,0,1,0,0,0,0,0,0,"- ","- ",37.733798980712891,-121.62442779541016,ALAMEDA,UNINCORPORATED,-121.62442779541016,37.733806610107422
92140875,2023,2024-01-09,9370,2023-08-02,1615,022845,,3,2,6,0103,0,1,1,,2,081,"I-80 W/B","BUCHANAN ST",1137.00,W,N,A,-,Y,ALA,,80," ",R,7.118,H,,L,Y,3,0,1,4,A,-,07,21658,A,N,B,C,A,A,H,-,A,D,0,,,,Y,Y,,-,"- ",0,1,0,0,0,0,0,0,0,"- ","- ",37.884799957275391,-122.30896759033203,ALAMEDA,BERKELEY,-122.30893707275391,37.884803771972656
92140926,2023,2023-08-10,9390,2023-07-30,"930 ",023325,,7,1,5,0101,0,1,1,,2,066,"I-680 SOUTHBOUND","KOOMAN ROAD",990.00,N,N,A,-,Y,ALA,,680," ",R,12.654,H,,L,N,4,0,1,1,A,-,08,22107,,N,E,I,A,A,H,-,A,D,0,,,,,Y,,A,01,0,0,1,0,0,0,0,0,0,"- ","- ",37.603740692138672,-121.87207794189453,ALAMEDA,ALAMEDA,-121.87202453613281,37.603744506835938
92141009,2023,2023-08-10,9390,2023-07-31,"340 ",022273,,1,3,9,0100,0,3,5,,2,400,"BYRON-BETHANY ROAD","MOUNTAIN HOUSE ROAD",1820.00,S,N,A,-,N,,,,,,,,,,Y,4,0,1,1,A,-,08,22107,,N,E,I,A,A,H,-,D,D,0,,,,,Y,,D,22,0,0,1,0,0,0,0,0,0,"- ","- ",37.808391571044922,-121.57222747802734,ALAMEDA,UNINCORPORATED,-121.57227325439453,37.808380126953125
92141101,2023,2023-08-10,9390,2023-07-31,"920 ",020395,,1,1,5,0107,0,1,1,,2,052,"INTERSTATE 580 (WESTBOUND)","AIRWAY BOULEVARD",1320.00,E,N,A,-,Y,ALA,,580," "," ",14.705,H,,R,N,4,0,1,2,A,-,03,22350,,N,C,C,A,A,H,-,A,D,0,,,,,Y,,A,01,0,0,1,0,0,0,0,0,0,"- ","- ",37.701038360595703,-121.81226348876953,ALAMEDA,LIVERMORE,-121.81226348876953,37.7010498046875
92141127,2023,2023-08-10,9390,2023-07-27,2101,023305,,4,2,9,0100,0,2,S,,2,904,"REDWOOD ROAD SOUTHBOUND","I-580 WESTBOUND OFFRAMP",15.00,S,N,A,-,N,,,,,,,,,,Y,3,0,2,3,A,-,07,21658,A,N,C,C,A,A,H,-,C,A,0,,,,,Y,,A,07,0,1,1,0,0,0,0,0,0,"- ","- ",37.691410064697266,-122.07389068603516,ALAMEDA,UNINCORPORATED,,
92141593,2023,2023-08-11,9370,2023-08-01,"415 ",023346,,2,3,7,0109,0,1,1,,2,176,"I-880 S/B","98TH AVENUE",277.00,N,N,A,-,Y,ALA,,880," "," ",24.806,H,,L,Y,4,0,1,3,A,-,07,21658,A,N,B,C,A,A,H,-,D,D,0,,,,,Y,,-,"- ",0,0,1,0,0,0,0,0,0,"- ","- ",37.732440948486328,-122.18936920166016,ALAMEDA,OAKLAND,-122.18933868408203,37.732456207275391
92142200,2023,2023-08-11,9345,2023-07-28,1502,022579,,5,2,9,0100,0,2,S,,2,040,"GROVE WAY","E. CASTRO VALLEY BLVD.",70.00,S,N,A,-,N,,,,,,,,,,N,4,0,4,2,A,-,03,22350,,M,C,C,A,A,H,-,A,D,0,,,,,Y,,D,22,0,0,4,0,0,0,0,0,0,"- ","- ",37.694141387939453,-122.0565185546875,ALAMEDA,UNINCORPORATED,-122.056640625,37.694309234619141
92142578,2023,2023-08-29,9370,2023-07-02,"40  ",022919,,7,3,7,0109,0,1,1,,2,055,"I-580 W/B","WEBSTER STREET",80.00,W,N,A,-,Y,ALA,,580," "," ",44.830,H,,L,N,3,0,3,3,A,-,03,22350,,N,C,C,A,A,H,-,C,D,0,,,,,Y,,A,07,0,2,1,0,0,0,0,0,0,"- ","- ",37.822799682617188,-122.26220703125,ALAMEDA,OAKLAND,-122.26219177246094,37.822860717773438
92142854,2023,2023-08-14,9370,2023-07-21,"702 ",022848,,5,1,7,0109,0,1,1,,2,178,"I-880 N/B TO I-80 W/B","7TH STREET",1850.00,N,N,A,-,Y,ALA,,880," ",R,34.186,H,,R,N,4,0,1,2,A,-,05,21651,A,N,B,C,A,A,H,-,A,D,0,,,,,Y,,D,22,0,0,1,0,0,0,0,0,0,"- ","- ",37.815650939941406,-122.29866027832031,ALAMEDA,OAKLAND,-122.29857635498047,37.815570831298828
92142870,2023,2023-08-14,9370,2023-07-27,1045,022941,,4,1,7,0109,0,1,1,,2,054,"I-580 E/B","PARK BLVD.",2404.00,W,N,A,-,Y,ALA,,580," "," ",43.147,H,,R,N,4,0,1,2,A,-,07,21658,A,M,B,C,A,A,H,-,A,D,0,,,,,Y,,-,99,0,0,1,0,0,0,0,0,0,"- ","- ",37.80780029296875,-122.24069213867188,ALAMEDA,OAKLAND,-122.24055480957031,37.807998657226562
92143385,2023,2023-08-14,9390,2023-08-03,1340,023295,,4,1,4,0198,0,1,1,,2,067,"I-680 SB","ALCOSTA BLVD",1475.00,S,N,A,-,Y,ALA,,680," ",R,21.595,H,,L,N,3,0,2,2,A,-,03,22350,,N,C,C,A,A,A,H,A,D,0,,,,,Y,,A,01,0,2,0,0,0,0,0,0,0,"- ","- ",37.719841003417969,-121.93755340576172,ALAMEDA,DUBLIN,-121.93753814697266,37.719844818115234
92143802,2023,2023-08-15,9370,2023-07-28,1415,022988,,5,2,7,0109,0,1,3,,2,024,"SR-24 W/B",SR-13,70.00,E,N,A,-,Y,ALA,,24," ",R,5.104,H,,L,N,2,0,1,2,A,-,03,22350,,F,C,C,A,A,H,-,A,D,0,,,,,Y,,D,22,1,0,0,0,0,0,0,0,0,"- ","- ",37.848968505859375,-122.22868347167969,ALAMEDA,OAKLAND,-122.22869110107422,37.848922729492188
92144100,2023,2023-08-15,9370,2023-08-09,1750,022845,,3,2,7,0109,0,1,3,,2,024,"SR 24 E/B","CHABOT CT",245.00,E,N,A,-,Y,ALA,,24," ",R,4.230,H,,R,Y,3,0,1,2,A,-,03,22350,,N,B,2,A,A,H,-,A,D,0,,,Y,,Y,,C,02,0,1,0,0,0,0,0,0,1,"- ","- ",37.848358154296875,-122.24342346191406,ALAMEDA,OAKLAND,-122.24338531494141,37.848323822021484
92144120,2023,2023-08-15,9345,2023-08-05,1542,023233,,6,2,6,0106,0,1,1,,2,072,"I-880 NORTHBOUND","ALVARADO NILES RD",62.00,N,N,A,-,Y,ALA,,880," "," ",13.072,H,,R,Y,4,0,2,2,A,-,03,22350,,M,C,C,A,A,H,-,A,D,0,,,,,Y,,A,01,0,0,2,0,0,0,0,0,0,"- ","- ",37.599018096923828,-122.06111145019531,ALAMEDA,HAYWARD,-122.06103515625,37.599052429199219
92144182,2023,2023-08-15,9345,2023-08-06,1815,023233,,7,2,9,0100,0,1,1,,2,238,"I-238 NORTHBOUND","E 14TH STREET",1848.00,N,N,A,-,Y,ALA,,238," "," ",15.288,H,,R,Y,4,0,1,4,A,-,03,22350,,N,C,2,A,A,H,-,A,D,0,,,,,Y,,A,01,0,0,1,0,0,0,0,0,0,"- ","- ",37.688770294189453,-122.11244964599609,ALAMEDA,UNINCORPORATED,-122.11245727539062,37.688705444335938
92144186,2023,2023-08-15,9345,2023-08-07,1430,023015,,1,2,9,0100,0,2,S,,2,020,"ASHLAND AVE","CRESPI PL",50.00,S,N,A,-,N,,,,,,,,,,N,4,0,1,1,A,-,08,22107,,N,E,I,A,A,H,-,A,D,0,,,,,Y,,A,07,0,0,1,0,0,0,0,0,0,"- ","- ",37.689979553222656,-122.11908721923828,ALAMEDA,UNINCORPORATED,-122.11898803710938,37.689983367919922
92144311,2023,2023-08-15,9390,2023-08-04,1900,023295,,5,2,9,0100,0,1,1,,2,065,"I-680 SB","N. MISSIN BLVD",2586.00,N,N,A,-,Y,ALA,,680," ",R,6.909,H,,L,Y,3,0,1,3,A,-,03,22350,,N,C,C,A,A,H,-,A,D,0,,,,,Y,,A,01,0,1,0,0,0,0,0,0,0,"- ","- ",37.546981811523438,-121.92002105712891,ALAMEDA,UNINCORPORATED,-121.92003631591797,37.546981811523438
92144446,2023,2023-08-15,9390,2023-08-05,1311,023292,,6,1,9,0100,0,1,1,,2,054,"I-580 EASTBOUND","GRANT LINE ROAD",8501.00,W,N,A,-,Y,ALA,,580," ",R,3.100,H,,R,N,3,0,1,2,A,-,07,21658,A,F,F,A,A,A,H,-,A,D,0,,,Y,,Y,,-,99,0,1,0,0,0,0,0,0,1,"- ","- ",37.736881256103516,-121.61492919921875,ALAMEDA,UNINCORPORATED,-121.61493682861328,37.736919403076172
92144476,2023,2023-08-15,9370,2023-08-07,1510,022922,,1,2,7,0109,0,1,1,,2,177,"I-880 N/B","OAK STREET",300.00,S,N,A,-,Y,ALA,,880," "," ",31.034,H,,R,N,4,0,1,2,A,-,03,22350,,N,C,C,A,A,H,-,A,D,0,,,,,Y,,D,22,0,0,1,0,0,0,0,0,0,"- ","- ",37.7947998046875,-122.26557922363281,ALAMEDA,OAKLAND,-122.26556396484375,37.794815063476562
92144633,2023,2023-08-15,9345,2023-08-10,1148,019841,,4,1,6,0105,0,1,1,,2,070,"I-880 S/B","STEVENSON BLVD",500.00,N,N,A,-,Y,,,,,,,,,,N,4,0,2,4,A,-,03,22350,,N,C,C,A,A,H,-,A,D,0,,,,Y,Y,,A,07,0,0,2,0,0,0,0,0,0,"- ","- ",37.523288726806641,-122.98956298828125,ALAMEDA,FREMONT,-121.98908996582031,37.523078918457031
92144659,2023,2023-08-15,9345,2023-08-08,"845 ",019124,,2,1,6,0105,0,1,1,,2,070,"I-880 S/B","AUTO MALL PKY",528.00,N,N,A,-,Y,ALA,,880," "," ",4.808,H,,L,N,4,0,1,3,A,-,03,22350,,N,C,C,A,A,H,-,A,D,0,,,,,Y,,A,01,0,0,1,0,0,0,0,0,0,"- ","- ",37.508338928222656,-121.96878814697266,ALAMEDA,FREMONT,-121.96885681152344,37.508285522460938
92145002,2023,2023-08-16,9345,2023-08-08,1840,023363,,2,2,9,0100,0,2,S,,2,004,"MIRAMAR AVE","SARATOGA ST",76.00,W,N,A,-,N,,,,,,,,,,N,4,0,1,2,A,-,09,21801,A,N,D,C,A,A,H,-,A,D,0,,,,,Y,,A,01,0,0,1,0,0,0,0,0,0,"- ","- ",37.701431274414062,-122.10693359375,ALAMEDA,UNINCORPORATED,-122.10688018798828,37.701362609863281
92145040,2023,2023-08-16,9370,2023-08-04,"115 ",022990,,5,3,6,0106,0,2,S,,2,901,"HESPERIAN BLVD.","VIA WILMA CHAN",0.00,,Y,A,-,N,,,,,,,,,,Y,4,0,1,2,A,-,03,22350,,F,C,C,A,A,H,-,C,D,0,,,,,Y,,-,99,0,0,1,0,0,0,0,0,0,"- ","- ",37.678279876708984,-122.12615203857422,ALAMEDA,HAYWARD,,
92145071,2023,2023-08-16,9345,2023-08-11,1440,022579,,5,2,9,0100,0,1,S,,2,581,"I-580 E/B","REDWOOD RD.",1380.00,W,N,A,-,Y,ALA,,580," ",R,29.732,H,,L,Y,4,0,1,2,A,-,03,22350,,N,C,C,A,A,H,-,A,D,0,,,,,Y,,D,22,0,0,1,0,0,0,0,0,0,"- ","- ",37.690448760986328,-122.07997131347656,ALAMEDA,UNINCORPORATED,-122.07997131347656,37.6905517578125