CASE_ID,ACCIDENT_YEAR,PROC_DATE,JURIS,COLLISION_DATE,COLLISION_TIME,OFFICER_ID,REPORTING_DISTRICT,DAY_OF_WEEK,CHP_SHIFT,POPULATION,CNTY_CITY_LOC,SPECIAL_COND,BEAT_TYPE,CHP_BEAT_TYPE,CITY_DIVISION_LAPD,CHP_BEAT_CLASS,BEAT_NUMBER,PRIMARY_RD,SECONDARY_RD,DISTANCE,DIRECTION,INTERSECTION,WEATHER_1,WEATHER_2,STATE_HWY_IND,CALTRANS_COUNTY,CALTRANS_DISTRICT,STATE_ROUTE,ROUTE_SUFFIX,POSTMILE_PREFIX,POSTMILE,LOCATION_TYPE,RAMP_INTERSECTION,SIDE_OF_HWY,TOW_AWAY,COLLISION_SEVERITY,NUMBER_KILLED,NUMBER_INJURED,PARTY_COUNT,PRIMARY_COLL_FACTOR,PCF_CODE_OF_VIOL,PCF_VIOL_CATEGORY,PCF_VIOLATION,PCF_VIOL_SUBSECTION,HIT_AND_RUN,TYPE_OF_COLLISION,MVIW,PED_ACTION,ROAD_SURFACE,ROAD_COND_1,ROAD_COND_2,LIGHTING,CONTROL_DEVICE,CHP_ROAD_TYPE,PEDESTRIAN_ACCIDENT,BICYCLE_ACCIDENT,MOTORCYCLE_ACCIDENT,TRUCK_ACCIDENT,NOT_PRIVATE_PROPERTY,ALCOHOL_INVOLVED,STWD_VEHTYPE_AT_FAULT,CHP_VEHTYPE_AT_FAULT,COUNT_SEVERE_INJ,COUNT_VISIBLE_INJ,COUNT_COMPLAINT_PAIN,COUNT_PED_KILLED,COUNT_PED_INJURED,COUNT_BICYCLIST_KILLED,COUNT_BICYCLIST_INJURED,COUNT_MC_KILLED,COUNT_MC_INJURED,PRIMARY_RAMP,SECONDARY_RAMP,LATITUDE,LONGITUDE,COUNTY,CITY,POINT_X,POINT_Y
9449883,2022,2022-06-03,0109,2022-03-02,1643,9944,1,3,5,7,0109,0,0,0,,0,30X,"INTERNATIONAL BL","81ST AV",0.00,,Y,A,-,N,,,,,,,,,,N,4,0,1,2,A,-,12,21453,A,M,G,C,B,A,H,-,A,A,0,Y,,,,Y,,A,01,0,0,1,0,1,0,0,0,0,"- ","- ",,,ALAMEDA,OAKLAND,-122.18064880371094,37.756114959716797
9449885,2022,2022-06-03,0109,2022-03-08,2354,9644,1,2,5,7,0109,0,0,0,,0,07X,"7TH ST","FRANKLIN ST",0.00,,Y,A,-,N,,,,,,,,,,Y,4,0,2,2,A,-,01,23152,A,N,A,C,A,A,H,-,C,A,0,,,,,Y,Y,A,07,0,0,2,0,0,0,0,0,0,"- ","- ",,,ALAMEDA,OAKLAND,-122.27297973632812,37.799018859863281
9449887,2022,2022-06-03,0109,2022-03-30,0845,9400,2,3,5,7,0109,0,0,0,,0,31X,"EDES AV","ENTERPRISE WY",150.00,E,N,B,-,N,,,,,,,,,,N,4,0,2,2,A,-,05,21460,A,N,A,C,A,A,H,-,A,B,0,,,,,Y,,A,01,0,0,2,0,0,0,0,0,0,"- ","- ",,,ALAMEDA,OAKLAND,-122.1951904296875,37.744098663330078
9449890,2022,2022-06-27,0109,2022-03-17,2119,9921,2,4,5,7,0109,0,0,0,,0,26Y,"INTERNATIONAL BL","81ST AV",15.00,W,N,A,-,N,,,,,,,,,,N,3,0,1,2,A,-,05,21202,A,N,H,G,A,A,H,-,C,D,0,,Y,,,Y,Y,L,04,0,1,0,0,0,0,1,0,0,"- ","- ",,,ALAMEDA,OAKLAND,-122.18069458007812,37.756141662597656
9449902,2022,2022-06-07,0109,2022-04-15,1624,9940,2,5,5,7,0109,0,0,0,,0,22Y,"35TH AV","WILLIS CT",35.00,N,N,A,-,N,,,,,,,,,,N,3,0,1,2,A,-,08,22107,,N,B,G,A,A,H,-,A,D,0,,Y,,,Y,,-,,0,1,0,0,0,0,1,0,0,"- ","- ",,,ALAMEDA,OAKLAND,-122.19236755371094,37.798709869384766
9449903,2022,2022-06-07,0109,2022-04-17,0054,9517,2,7,5,7,0109,0,0,0,,0,26X,"OAKPORT ST","ZHONE WY",200.00,W,N,A,-,N,,,,,,,,,,N,2,0,1,1,A,-,03,22350,,N,F,J,A,A,H,-,D,D,0,,,,,Y,,A,01,1,0,0,0,0,0,0,0,0,"- ","- ",,,ALAMEDA,OAKLAND,-122.21074676513672,37.753387451171875
9449904,2022,2022-06-07,0109,2022-04-22,0401,9851,2,5,5,7,0109,0,0,0,,0,29X,"BRANN ST","64TH AV",50.00,E,N,B,-,N,,,,,,,,,,N,3,0,1,3,A,-,03,22350,,N,C,E,A,A,H,-,C,D,0,,,,,Y,,A,01,0,1,0,0,0,0,0,0,0,"- ","- ",,,ALAMEDA,OAKLAND,-122.18313598632812,37.771495819091797
9449907,2022,2022-06-07,0109,2022-04-01,0830,9192,1,5,5,7,0109,0,0,0,,0,18X,"14TH AV","E 21ST ST",0.00,,Y,A,-,N,,,,,,,,,,N,4,0,2,2,A,-,09,21801,A,N,A,C,A,A,H,-,A,A,0,,,,,Y,,A,01,0,0,2,0,0,0,0,0,0,"- ","- ",,,ALAMEDA,OAKLAND,-122.24006652832031,37.793880462646484
9449908,2022,2022-06-07,0109,2022-04-21,0729,9786,1,4,5,7,0109,0,0,0,,0,10Y,"MARTIN LUTHER KING JR WY","42ND ST",0.00,,Y,A,C,N,,,,,,,,,,N,4,0,2,3,A,-,09,21801,A,N,D,C,A,B,H,-,A,A,0,,,,,Y,,A,01,0,0,2,0,0,0,0,0,0,"- ","- ",,,ALAMEDA,OAKLAND,-122.26798248291016,37.831489562988281
9449941,2022,2022-06-06,0109,2022-04-17,1543,9919,2,7,5,7,0109,0,0,0,,0,26X,"73RD AV","SAN LEANDRO ST",0.00,,Y,A,-,N,,,,,,,,,,N,2,0,1,3,B,-,22,,,F,E,B,B,A,H,-,A,A,0,Y,,,,Y,,D,22,1,0,0,0,1,0,0,0,0,"- ","- ",,,ALAMEDA,OAKLAND,-122.19659423828125,37.753128051757812
9449953,2022,2022-06-13,0109,2022-03-24,1051,9142,2,4,5,7,0109,0,0,0,,0,23X,"35TH AV","E 15TH ST",100.00,N,N,A,-,N,,,,,,,,,,N,3,0,1,2,A,-,11,21950,B,N,G,B,D,A,H,-,A,D,0,Y,,,,Y,Y,N,60,0,1,0,0,1,0,0,0,0,"- ","- ",,,ALAMEDA,OAKLAND,-122.22199249267578,37.777606964111328
9450025,2022,2022-06-06,0109,2022-04-29,1030,9501,1,5,5,7,0109,0,0,0,,0,11X,"MARTIN LUTHER KING JR WY","53RD ST",0.00,,Y,A,-,N,,,,,,,,,,N,4,0,2,2,A,-,12,21453,A,N,A,C,A,A,H,-,A,A,0,,,,,Y,,A,08,0,0,2,0,0,0,0,0,0,"- ","- ",,,ALAMEDA,OAKLAND,-122.26924133300781,37.838016510009766
9450245,2022,2022-06-18,0109,2022-03-22,2250,9963,1,2,5,7,0109,0,0,0,,0,19X,"9TH AV","INTERNATIONAL BL",0.00,,Y,A,-,N,,,,,,,,,,N,4,0,1,2,A,-,09,21802,A,N,D,C,A,A,H,-,C,A,0,,,,,Y,,A,01,0,0,1,0,0,0,0,0,0,"- ","- ",,,ALAMEDA,OAKLAND,-122.25047302246094,37.792774200439453
9450246,2022,2022-06-18,0109,2022-03-11,1622,9466,2,5,5,7,0109,0,0,0,,0,30X,"INTERNATIONAL BL","80TH AV",0.00,,Y,A,-,N,,,,,,,,,,N,4,0,2,5,A,-,09,21802,A,N,D,C,A,A,H,-,A,A,0,,,,,Y,,A,01,0,0,2,0,0,0,0,0,0,"- ","- ",,,ALAMEDA,OAKLAND,-122.18166351318359,37.756610870361328
94502938,2023,2024-12-13,9345,2023-11-19,"850 ",023046,,7,1,9,0100,0,2,S,,2,012,"HESPERIAN BOULEVARD NORTHBOUND","BOCKMAN ROAD",351.00,S,N,A,-,N,,,,,,,,,,Y,1,1,0,2,A,-,03,22350,,F,G,B,D,A,H,-,A,A,0,Y,,,,Y,,A,01,0,0,0,1,0,0,0,0,0,"- ","- ",37.670528411865234,-122.12106323242188,ALAMEDA,UNINCORPORATED,,
9450417,2022,2022-06-03,0109,2022-04-28,1550,9576,1,4,5,7,0109,0,0,0,,0,02X,"8TH ST","FILBERT ST",186.00,E,N,A,-,N,,,,,,,,,,N,4,0,4,2,A,-,09,21801,A,N,A,C,A,-,H,-,A,A,0,,,,,Y,,A,01,0,0,4,0,0,0,0,0,0,"- ","- ",,,ALAMEDA,OAKLAND,-122.28404998779297,37.803977966308594
9450643,2022,2022-06-06,0109,2022-01-24,1500,9833,2,1,5,7,0109,0,0,0,,0,22X,"REDWOOD RD","VIA RIALTO",0.00,,Y,A,-,N,,,,,,,,,,N,3,0,1,1,A,-,08,22107,,N,A,I,A,A,H,-,A,D,0,,,,,Y,,A,01,0,1,0,0,0,0,0,0,0,"- ","- ",,,ALAMEDA,OAKLAND,-122.17353820800781,37.797245025634766
9450649,2022,2022-06-06,0109,2022-01-14,1025,9671,2,5,5,7,0109,0,0,0,,0,26Y,"66TH AV","INTERNATIONAL BL",0.00,,Y,A,-,N,,,,,,,,,,N,2,0,3,4,A,-,12,21453,A,N,D,C,A,A,H,-,A,A,0,,,,,Y,,A,01,1,2,0,0,0,0,0,0,0,"- ","- ",,,ALAMEDA,OAKLAND,-122.19374084472656,37.762371063232422
9450651,2022,2022-07-15,0109,2022-01-30,1527,9597,2,7,5,7,0109,0,0,0,,0,23X,"36TH AV","16TH ST",0.00,,Y,A,-,N,,,,,,,,,,N,4,0,1,2,A,-,12,22450,A,N,D,C,A,A,H,-,A,D,0,,,,,Y,,-,"- ",0,0,1,0,0,0,0,0,0,"- ","- ",,,ALAMEDA,OAKLAND,-122.22052001953125,37.778003692626953
9450653,2022,2022-06-06,0109,2022-01-27,2337,8425,1,4,5,7,0109,0,0,0,,0,06X,"32ND ST","WEST ST",0.00,,Y,A,-,N,,,,,,,,,,N,4,0,1,2,A,-,08,22107,,N,D,C,A,A,H,-,C,A,0,,,,,Y,Y,A,01,0,0,1,0,0,0,0,0,0,"- ","- ",,,ALAMEDA,OAKLAND,-122.2730712890625,37.821933746337891
9450672,2022,2022-06-07,0109,2022-03-30,0634,9958,2,3,5,7,0109,0,0,0,,0,26X,"HIGH ST","WATTLING ST",0.00,,Y,A,-,N,,,,,,,,,,N,2,0,2,3,A,-,10,21950,A,N,G,B,B,A,H,-,B,D,0,Y,,,,Y,,A,01,2,0,0,0,2,0,0,0,0,"- ","- ",,,ALAMEDA,OAKLAND,-122.21812438964844,37.769866943359375
9450677,2022,2022-06-27,0109,2022-03-31,0712,9909,1,4,5,7,0109,0,0,0,,0,19X,"E 7TH ST","KENNEDY ST",0.00,,Y,B,-,N,,,,,,,,,,Y,4,0,1,2,A,-,12,21453,A,N,D,C,A,A,H,-,A,A,0,,,,,Y,,-,"- ",0,0,1,0,0,0,0,0,0,"- ","- ",,,ALAMEDA,OAKLAND,-122.23741149902344,37.775447845458984
9451012,2022,2022-11-02,0109,2022-05-09,1426,9893,2,1,5,7,0109,0,0,0,,0,26X,"SPENCER ST","70TH AV",60.00,E,N,A,-,N,,,,,,,,,,N,4,0,2,4,A,-,03,22350,,N,B,C,A,A,H,-,A,D,0,,,,,Y,,A,01,0,0,2,0,0,0,0,0,0,"- ","- ",,,ALAMEDA,OAKLAND,-122.19402313232422,37.757183074951172
9451036,2022,2022-06-24,0109,2022-02-17,1425,8347,1,4,5,7,0109,0,0,0,,0,09X,"MACARTHUR BL","HARRISON ST",0.00,,Y,A,-,N,,,,,,,,,,Y,3,0,2,3,A,-,12,21453,A,N,D,C,A,-,H,-,A,A,0,,,,,Y,,A,07,0,1,1,0,0,0,0,0,0,"- ","- ",,,ALAMEDA,OAKLAND,-122.25412750244141,37.819854736328125
9451053,2022,2022-06-24,0109,2022-02-25,0957,9510,2,5,5,7,0109,0,0,0,,0,26X,"INDEPENDENT RD","COLISEUM RD",300.00,S,N,A,-,N,,,,,,,,,,N,4,0,1,1,A,-,08,22107,,M,E,J,A,A,H,-,A,D,0,,,,,Y,,D,23,0,0,1,0,0,0,0,0,0,"- ","- ",,,ALAMEDA,OAKLAND,-122.20674896240234,37.756488800048828
9451057,2022,2022-06-27,0109,2022-02-28,1131,9914,2,1,5,7,0109,0,0,0,,0,33X,"85TH AV","B ST",200.00,N,N,A,-,N,,,,,,,,,,N,4,0,1,2,A,-,08,22107,,M,B,C,A,A,H,-,A,D,0,,,,,Y,,A,07,0,0,1,0,0,0,0,0,0,"- ","- ",,,ALAMEDA,OAKLAND,-122.17998504638672,37.752017974853516
9451166,2022,2022-06-15,0109,2022-01-06,1841,9480,1,4,5,7,0109,0,0,0,,0,06X,"WEST MACARTHUR BL","MARKET ST",0.00,,Y,A,-,N,,,,,,,,,,N,2,0,1,2,A,-,11,21456,B,N,G,G,A,A,H,-,C,A,0,,Y,,,Y,,L,04,1,0,0,0,0,0,1,0,0,"- ","- ",,,ALAMEDA,OAKLAND,-122.27458953857422,37.827991485595703
9451168,2022,2022-06-21,0109,2022-01-15,2142,9622,2,6,5,7,0109,0,0,0,,0,34X,"90TH AV","SUNNYSIDE ST",50.00,N,N,A,-,N,,,,,,,,,,N,4,0,1,2,A,-,21,22106,,M,G,B,-,A,H,-,C,D,0,Y,,,,Y,,D,22,0,0,1,0,1,0,0,0,0,"- ","- ",,,ALAMEDA,OAKLAND,-122.16664123535156,37.753170013427734
9451356,2022,2022-06-24,0109,2022-05-16,1428,9958,1,1,5,7,0109,0,0,0,,0,14X,"GRAND AV","EL EMBARCADERO",0.00,,Y,A,-,N,,,,,,,,,,N,4,0,1,2,A,-,21,22106,,N,B,C,A,A,H,-,A,A,0,,,,,Y,,A,01,0,0,1,0,0,0,0,0,0,"- ","- ",,,ALAMEDA,OAKLAND,-122.24967193603516,37.809333801269531
9451358,2022,2022-06-23,0109,2022-05-18,1824,9173,1,3,5,7,0109,0,0,0,,0,13Y,"FLORENCE TER","CAPRICORN AV",50.00,S,N,A,-,N,,,,,,,,,,Y,4,0,1,1,A,-,03,22350,,N,E,I,A,A,A,-,B,D,0,,,,,Y,,A,01,0,0,1,0,0,0,0,0,0,"- ","- ",,,ALAMEDA,OAKLAND,-122.21592712402344,37.836116790771484
9451360,2022,2022-06-24,0109,2022-05-22,1656,8198,1,7,5,7,0109,0,0,0,,0,11X,"55TH ST","MARTIN LUTHER KING JR WY",309.00,E,N,A,-,N,,,,,,,,,,N,4,0,1,2,A,-,11,21950,B,N,G,B,D,A,H,-,A,A,0,Y,,,,Y,,N,60,0,0,1,0,1,0,0,0,0,"- ","- ",,,ALAMEDA,OAKLAND,-122.26877593994141,37.839908599853516
9451370,2022,2022-09-26,0109,2022-05-06,2030,9658,2,5,5,7,0109,0,0,0,,0,22X,"FRUITVALE AV","MONTANA ST",0.00,,Y,A,-,N,,,,,,,,,,N,4,0,2,2,A,-,08,22107,,M,B,C,A,A,H,-,C,A,0,,,,,Y,,A,01,0,0,2,0,0,0,0,0,0,"- ","- ",,,ALAMEDA,OAKLAND,-122.21686553955078,37.798641204833984
9451743,2022,2022-05-31,0108,2022-04-13,1853,12350,0,3,5,4,0108,0,0,0,,0,001,"THORNTON AV","GATEWAY BL",20.00,N,N,A,-,N,,,,,,,,,,Y,4,0,1,2,A,-,12,21453,A,N,D,C,A,A,H,-,B,A,0,,,,,Y,,A,01,0,0,1,0,0,0,0,0,0,"- ","- ",37.53594970703125,-122.06523895263672,ALAMEDA,NEWARK,-122.06513214111328,37.536079406738281
9452141,2022,2022-07-13,0103,2022-04-16,1915,58,,6,5,6,0103,0,0,0,,0,014,UNIVERSITY,10TH,0.00,,Y,A,-,N,,,,,,,,,,N,3,0,1,2,A,-,03,22350,,F,C,C,A,A,H,-,C,A,0,,,,,Y,,A,01,0,1,0,0,0,0,0,0,0,"- ","- ",37.868480682373047,-122.29412078857422,ALAMEDA,BERKELEY,-122.2933349609375,37.868930816650391
9452149,2022,2022-06-02,0103,2022-04-07,1920,25,,4,5,6,0103,0,0,0,,0,006,BOWDITCH,DURANT,0.00,,Y,A,-,N,,,,,,,,,,N,4,0,1,2,A,-,08,22107,,N,D,G,A,A,H,-,A,A,0,,Y,,,Y,,A,01,0,0,1,0,0,0,1,0,0,"- ","- ",37.868110656738281,-122.25670623779297,ALAMEDA,BERKELEY,-122.2567138671875,37.868110656738281
9452154,2022,2022-06-02,0103,2022-04-04,1541,45,,1,5,6,0103,0,0,0,,0,005,SHATTUCK,DWIGHT,0.00,,Y,A,-,N,,,,,,,,,,N,3,0,1,2,A,-,12,21453,A,N,D,C,A,A,H,-,A,A,0,,,,,Y,,A,01,0,1,0,0,0,0,0,0,0,"- ","- ",37.863971710205078,-122.26735687255859,ALAMEDA,BERKELEY,-122.26741027832031,37.863971710205078
9452170,2022,2022-06-07,0103,2022-04-10,1055,107,11,7,5,6,0103,0,0,0,,0,001,"GRIZZLY PEAK","EUCLID AV",175.00,N,N,A,-,N,,,,,,,,,,N,2,0,1,2,A,-,05,21650,,N,C,E,A,A,H,-,A,A,0,,Y,,,Y,,L,04,1,0,0,0,0,0,1,0,0,"- ","- ",37.902248382568359,-122.26770782470703,ALAMEDA,BERKELEY,-122.26746368408203,37.902347564697266
9452496,2022,2022-06-10,0103,2022-04-23,1243,28,,6,5,6,0103,0,0,0,,0,002,HEARST,EUCLID,0.00,,Y,A,-,N,,,,,,,,,,N,3,0,1,2,A,-,09,21804,A,N,D,G,A,A,H,-,A,A,0,,Y,,,Y,,A,01,0,1,0,0,0,0,1,0,0,"- ","- ",37.875419616699219,-122.25956726074219,ALAMEDA,BERKELEY,-122.26013946533203,37.875087738037109
9452498,2022,2022-06-10,0103,2022-04-19,1835,5,,2,5,6,0103,0,0,0,,0,007,CLAREMONT,HILLCREST,0.00,,Y,A,-,N,,,,,,,,,,N,2,0,1,2,A,-,01,23152,A,M,C,E,A,A,H,-,-,D,0,,,,,Y,Y,A,01,1,0,0,0,0,0,0,0,0,"- ","- ",37.853199005126953,-122.24899291992188,ALAMEDA,BERKELEY,-122.24906921386719,37.853424072265625
9452650,2022,2022-06-08,0112,2022-05-08,1818,381,,7,5,5,0112,0,0,0,,0,001,"DAVIS ST","DAN NIEMI WY",0.00,,Y,A,-,N,,,,,,,,,,N,4,0,1,2,A,-,10,21950,A,N,G,B,B,A,H,-,A,A,0,Y,,,,Y,,-,,0,0,1,0,1,0,0,0,0,"- ","- ",,,ALAMEDA,"SAN LEANDRO",-122.15808699999999,37.725354000000003
9452652,2022,2022-06-08,0112,2022-05-12,1603,317,,4,5,5,0112,0,0,0,,0,002,"ESTUDILLO AV","BENEDICT DR",0.00,,Y,A,-,N,,,,,,,,,,Y,4,0,1,2,A,-,09,21801,A,M,D,C,A,A,H,-,A,D,0,,,,,Y,,-,,0,0,1,0,0,0,0,0,0,"- ","- ",,,ALAMEDA,"SAN LEANDRO",-122.13803863525391,37.729888916015625
9453298,2022,2022-06-24,0109,2022-02-10,0733,8606,1,4,5,7,0109,0,0,0,,0,04X,"FRANKLIN ST","17TH ST",150.00,S,N,A,-,N,,,,,,,,,,N,4,0,1,3,A,-,03,22350,,N,G,B,E,A,H,-,A,A,0,Y,,,Y,Y,,A,08,0,0,1,0,1,0,0,0,0,"- ","- ",,,ALAMEDA,OAKLAND,-122.26873016357422,37.805820465087891
9453306,2022,2022-07-01,0109,2022-04-15,1612,9582,2,5,5,7,0109,0,0,0,,0,26X,"SPENCER ST","72ND AV",36.00,E,N,A,-,N,,,,,,,,,,Y,3,0,3,2,A,-,08,22107,,N,A,C,A,A,H,-,A,D,0,,,,,Y,,A,01,0,1,2,0,0,0,0,0,0,"- ","- ",,,ALAMEDA,OAKLAND,-122.19298553466797,37.756191253662109
9453497,2022,2022-06-22,0109,2022-04-29,2041,9750,1,5,5,7,0109,0,0,0,,0,18Y,"5TH AV","FOOTHILL BL",0.00,,Y,A,-,N,,,,,,,,,,N,4,0,1,4,A,-,05,21460,A,M,D,C,A,A,H,-,C,A,0,,,,,Y,,A,07,0,0,1,0,0,0,0,0,0,"- ","- ",,,ALAMEDA,OAKLAND,-122.25199890136719,37.797065734863281
9453619,2022,2022-06-21,0109,2022-05-03,1054,9052,1,2,5,7,0109,0,0,0,,0,08X,"TELEGRAPH AV","34TH ST",0.00,,Y,A,-,N,,,,,,,,,,N,4,0,1,3,A,-,12,21453,A,N,D,C,B,A,H,-,A,A,0,Y,,,,Y,,A,01,0,0,1,0,1,0,0,0,0,"- ","- ",,,ALAMEDA,OAKLAND,-122.26625061035156,37.822471618652344
9453836,2022,2022-09-12,0109,2022-01-16,0101,9879,2,7,5,7,0109,0,0,0,,0,30X,"77TH AV","BANCROFT AV",30.00,W,N,A,-,N,,,,,,,,,,Y,4,0,1,2,A,-,03,22350,,M,C,C,A,A,H,-,C,A,0,,,,,Y,,A,01,0,0,1,0,0,0,0,0,0,"- ","- ",,,ALAMEDA,OAKLAND,-122.17463684082031,37.76385498046875
9453865,2022,2022-07-18,0111,2022-06-23,1749,292,,4,5,5,0111,0,0,0,,0,005,"BERNAL AV","AMANDA PL",72.00,W,N,A,-,N,,,,,,,,,,Y,3,0,1,1,A,-,08,22107,,N,F,I,A,A,H,-,A,D,0,,,,,Y,,A,07,0,1,0,0,0,0,0,0,0,"- ","- ",,,ALAMEDA,PLEASANTON,-121.86505889892578,37.651729583740234
9453867,2022,2022-07-18,0111,2022-06-25,0401,343,,6,5,5,0111,0,0,0,,0,001,"FOOTHILL RD","SERENITY TER",0.00,,Y,A,-,N,,,,,,,,,,Y,3,0,1,1,A,-,08,22107,1,N,E,I,A,A,H,-,C,A,0,,,,,Y,Y,A,01,0,1,0,0,0,0,0,0,0,"- ","- ",,,ALAMEDA,PLEASANTON,-121.92739868164062,37.683063507080078
9454570,2022,2022-07-06,0109,2022-04-21,1605,9909,2,4,5,7,0109,0,0,0,,0,34X,"INTERNATIONAL BL","82ND AV",92.00,W,N,A,-,N,,,,,,,,,,N,4,0,1,2,A,-,11,21954,A,N,G,B,D,A,H,-,A,A,0,Y,,,,Y,,N,60,0,0,1,0,1,0,0,0,0,"- ","- ",,,ALAMEDA,OAKLAND,-122.17980194091797,37.755691528320312
9454571,2022,2022-07-06,0109,2022-04-12,0858,9401,1,2,5,7,0109,0,0,0,,0,08X,"29TH ST",BROADWAY,0.00,,Y,A,-,N,,,,,,,,,,Y,4,0,1,2,A,-,12,21453,A,N,D,C,A,A,H,-,A,A,0,,,,,Y,,A,01,0,0,1,0,0,0,0,0,0,"- ","- ",,,ALAMEDA,OAKLAND,-122.26309204101562,37.817424774169922
9454573,2022,2022-07-06,0109,2022-04-24,1558,9904,2,7,5,7,0109,0,0,0,,0,31X,"EDES AV","98TH AV",0.00,,Y,A,-,N,,,,,,,,,,N,4,0,2,2,A,-,12,21453,A,N,B,C,A,A,H,-,A,A,0,,,,,Y,Y,A,01,0,0,2,0,0,0,0,0,0,"- ","- ",,,ALAMEDA,OAKLAND,-122.18331146240234,37.736431121826172
9455023,2022,2022-07-19,0103,2022-05-12,1812,144,,4,5,6,0103,0,0,0,,0,010,ASHBY,SHATTUCK,0.00,,Y,A,-,Y,ALA,4,13,-,-,12.058,I,5,S,Y,3,0,2,2,A,-,12,21453,A,N,B,C,A,A,H,-,A,A,0,,,,,Y,,D,22,0,2,0,0,0,0,0,0,0,"- ","- ",,,ALAMEDA,BERKELEY,-122.26652526855469,37.855300903320312
9455031,2022,2022-07-19,0103,2022-05-25,1810,144,,3,5,6,0103,0,0,0,,0,007,ASHBY,CLAREMONT,45.00,E,N,A,-,Y,ALA,4,13,-,-,10.760,H,-,N,N,3,0,1,2,A,-,09,21804,A,N,D,C,A,A,H,-,A,D,0,,,,,Y,,D,22,0,1,0,0,0,0,0,0,0,"- ","- ",,,ALAMEDA,BERKELEY,-122.244873046875,37.858100891113281
9455074,2022,2022-06-30,0109,2022-05-19,0802,9224,2,4,5,7,0109,0,0,0,,0,23X,"INTERNATIONAL BL","34TH AV",0.00,,Y,A,-,N,,,,,,,,,,N,4,0,2,2,D,-,00,,,N,G,B,B,A,H,-,A,A,0,Y,,,,Y,,-,"- ",0,0,2,0,1,0,0,0,0,"- ","- ",,,ALAMEDA,OAKLAND,-122.22383117675781,37.776664733886719
9455078,2022,2022-06-30,0109,2022-06-08,0619,8257,1,3,5,7,0109,0,0,0,,0,15X,"LAKESHORE AV","FOOTHILL BL",15.00,N,N,A,-,N,,,,,,,,,,N,3,0,1,2,A,-,03,22350,,N,C,C,A,A,H,-,B,A,0,,,,,Y,,A,01,0,1,0,0,0,0,0,0,0,"- ","- ",,,ALAMEDA,OAKLAND,-122.25505828857422,37.800041198730469
9455092,2022,2022-06-30,0106,2022-04-17,1302,387,,7,5,6,0106,0,0,0,,0,00H,"RUUS RD","INDUSTRIAL BL",0.00,,Y,A,-,N,,,,,,,,,,Y,4,0,3,3,A,-,00,21483,A,N,D,C,A,A,H,-,A,A,0,,,,,Y,,A,01,0,0,3,0,0,0,0,0,0,"- ","- ",37.617439270019531,-122.06220245361328,ALAMEDA,HAYWARD,-122.06211853027344,37.618236541748047
9455382,2022,2022-07-01,0103,2022-05-01,1338,6,,7,5,6,0103,0,0,0,,0,009,ALCATRAZ,"SACRAMENTO ST",0.00,,Y,A,-,N,,,,,,,,,,Y,2,0,1,2,A,-,21,22106,,N,C,C,A,A,H,-,A,A,0,,,,,Y,,A,01,1,0,0,0,0,0,0,0,0,"- ","- ",37.847900390625,-122.27774047851562,ALAMEDA,BERKELEY,-122.27783966064453,37.847915649414062
9455405,2022,2022-07-01,0103,2022-05-14,1211,124,26,6,5,6,0103,0,0,0,,0,002,OXFORD,HEARST,0.00,,Y,A,-,N,,,,,,,,,,N,3,0,3,4,A,-,09,21801,A,N,D,C,B,A,H,-,A,A,0,Y,,,,Y,,A,01,0,3,0,0,2,0,0,0,0,"- ","- ",37.874149322509766,-122.26628875732422,ALAMEDA,BERKELEY,-122.26634979248047,37.874160766601562
9455411,2022,2022-07-01,0103,2022-05-11,1345,15,,3,5,6,0103,0,0,0,,0,016,GILMAN,"HOPKINS ST",5.00,W,N,A,-,N,,,,,,,,,,N,3,0,1,2,A,-,03,22350,,F,C,C,A,A,H,-,-,D,0,,,,,Y,,A,01,0,1,0,0,0,0,0,0,0,"- ","- ",37.880180358886719,-122.28478240966797,ALAMEDA,BERKELEY,-122.28479766845703,37.880184173583984
9455413,2022,2022-07-01,0103,2022-05-06,1915,61,35,5,5,6,0103,0,0,0,,0,008,SHATTUCK,OREGON,0.00,,Y,A,-,N,,,,,,,,,,N,3,0,1,2,A,-,10,21950,A,F,D,B,B,A,H,-,A,A,0,Y,,,,Y,,A,01,0,1,0,0,1,0,0,0,0,"- ","- ",37.857631683349609,-122.26679992675781,ALAMEDA,BERKELEY,-122.26680755615234,37.857616424560547
9455418,2022,2022-07-05,0103,2022-05-05,2100,128,,4,5,6,0103,0,0,0,,0,006,"BOWDITCH ST","CHANNING WY",0.00,,Y,A,-,N,,,,,,,,,,N,3,0,1,2,A,-,08,22107,,F,D,C,A,A,H,-,C,D,0,,,,,Y,,A,01,0,1,0,0,0,0,0,0,0,"- ","- ",37.867210388183594,-122.25653076171875,ALAMEDA,BERKELEY,-122.25653076171875,37.867202758789062
9455421,2022,2022-08-03,0103,2022-05-29,1457,7,14,7,5,6,0103,0,0,0,,0,001,HENRY,EUNICE,0.00,,Y,A,-,N,,,,,,,,,,N,3,0,1,1,C,-,18,,,N,E,I,A,A,H,-,-,D,0,,,Y,,Y,,-,"- ",0,1,0,0,0,0,0,0,1,"- ","- ",37.885478973388672,-122.27115631103516,ALAMEDA,BERKELEY,-122.27130126953125,37.885482788085938
9455426,2022,2022-07-06,0103,2022-05-26,1409,104,20,4,5,6,0103,0,0,0,,0,015,6TH,GILMAN,263.00,N,N,A,-,N,,,,,,,,,,Y,2,0,2,2,A,-,09,21804,A,N,D,C,A,A,H,-,A,D,0,,,,,Y,,A,07,1,1,0,0,0,0,0,0,0,"- ","- ",37.879848480224609,-122.30190277099609,ALAMEDA,BERKELEY,-122.30155944824219,37.880062103271484
9455428,2022,2022-07-06,0103,2022-05-24,2115,97,35,2,5,6,0103,0,0,0,,0,005,CARLETON,"MARTIN LUTHER KING JR",0.00,,Y,A,-,N,,,,,,,,,,Y,4,0,1,2,A,-,08,22107,,N,A,C,A,A,A,H,C,D,0,,,,,Y,,A,01,0,0,1,0,0,0,0,0,0,"- ","- ",37.860630035400391,-122.27179718017578,ALAMEDA,BERKELEY,-122.27180480957031,37.860633850097656
9455430,2022,2022-08-09,0103,2022-05-24,0856,101,,2,5,6,0103,0,0,0,,0,015,GILMAN,10TH,0.00,,Y,A,-,N,,,,,,,,,,N,3,0,2,2,A,-,09,21802,A,N,D,C,A,A,H,-,A,A,0,,,,,Y,,A,01,0,2,0,0,0,0,0,0,0,"- ","- ",,,ALAMEDA,BERKELEY,-122.29696655273438,37.880252838134766