CASE_ID,ACCIDENT_YEAR,PROC_DATE,JURIS,COLLISION_DATE,COLLISION_TIME,OFFICER_ID,REPORTING_DISTRICT,DAY_OF_WEEK,CHP_SHIFT,POPULATION,CNTY_CITY_LOC,SPECIAL_COND,BEAT_TYPE,CHP_BEAT_TYPE,CITY_DIVISION_LAPD,CHP_BEAT_CLASS,BEAT_NUMBER,PRIMARY_RD,SECONDARY_RD,DISTANCE,DIRECTION,INTERSECTION,WEATHER_1,WEATHER_2,STATE_HWY_IND,CALTRANS_COUNTY,CALTRANS_DISTRICT,STATE_ROUTE,ROUTE_SUFFIX,POSTMILE_PREFIX,POSTMILE,LOCATION_TYPE,RAMP_INTERSECTION,SIDE_OF_HWY,TOW_AWAY,COLLISION_SEVERITY,NUMBER_KILLED,NUMBER_INJURED,PARTY_COUNT,PRIMARY_COLL_FACTOR,PCF_CODE_OF_VIOL,PCF_VIOL_CATEGORY,PCF_VIOLATION,PCF_VIOL_SUBSECTION,HIT_AND_RUN,TYPE_OF_COLLISION,MVIW,PED_ACTION,ROAD_SURFACE,ROAD_COND_1,ROAD_COND_2,LIGHTING,CONTROL_DEVICE,CHP_ROAD_TYPE,PEDESTRIAN_ACCIDENT,BICYCLE_ACCIDENT,MOTORCYCLE_ACCIDENT,TRUCK_ACCIDENT,NOT_PRIVATE_PROPERTY,ALCOHOL_INVOLVED,STWD_VEHTYPE_AT_FAULT,CHP_VEHTYPE_AT_FAULT,COUNT_SEVERE_INJ,COUNT_VISIBLE_INJ,COUNT_COMPLAINT_PAIN,COUNT_PED_KILLED,COUNT_PED_INJURED,COUNT_BICYCLIST_KILLED,COUNT_BICYCLIST_INJURED,COUNT_MC_KILLED,COUNT_MC_INJURED,PRIMARY_RAMP,SECONDARY_RAMP,LATITUDE,LONGITUDE,COUNTY,CITY,POINT_X,POINT_Y
9493574,2022,2022-09-20,0100,2022-08-21,1255,2114,DUBLI,7,5,4,0198,0,0,0,,0,074,"DUBLIN BL","BRANNIGAN ST",0.00,,Y,A,-,N,,,,,,,,,,Y,2,0,3,2,A,-,12,21453,A,N,D,C,A,A,H,-,A,A,0,,,,,Y,,A,01,1,0,2,0,0,0,0,0,0,"- ","- ",37.705741882324219,-121.86869049072266,ALAMEDA,DUBLIN,-121.86863708496094,37.705528259277344
9493640,2022,2022-09-14,0109,2022-06-26,0359,9876,2,7,5,7,0109,0,0,0,,0,34X,"BANCROFT AV","96TH AV",0.00,,Y,A,-,N,,,,,,,,,,Y,4,0,1,2,A,-,09,21802,,M,A,C,A,A,H,-,C,B,0,,,,,Y,,A,01,0,0,1,0,0,0,0,0,0,"- ","- ",,,ALAMEDA,OAKLAND,-122.16300964355469,37.749771118164062
9493672,2022,2022-09-14,0102,2022-07-03,1615,LL0615,5,7,5,3,0102,0,0,0,,0,002,SOLANO,MADISON,8.00,E,N,A,-,N,,,,,,,,,,N,3,0,1,2,A,-,10,21950,A,N,G,B,B,A,H,-,A,D,0,Y,,,,Y,,A,01,0,1,0,0,1,0,0,0,0,"- ","- ",37.889961242675781,-122.30072021484375,ALAMEDA,ALBANY,-122.30068969726562,37.889965057373047
9493882,2022,2022-10-06,0106,2022-08-27,0025,471,,6,5,6,0106,0,0,0,,0,00H,"STRATFORD RD","WELFORD LN",20.00,N,N,A,-,N,,,,,,,,,,Y,3,0,1,5,A,-,08,22107,,N,B,E,A,A,H,-,C,D,0,,,,Y,Y,,F,26,0,1,0,0,0,0,0,0,0,"- ","- ",37.618610382080078,-122.07008361816406,ALAMEDA,HAYWARD,-122.07009887695312,37.618633270263672
9493893,2022,2022-10-06,0109,2022-08-20,1631,9933,2,6,5,7,0109,0,0,0,,0,29X,"FOOTHILL BL","55TH AV",300.00,E,N,A,-,N,,,,,,,,,,N,4,0,1,5,A,-,08,22107,,M,A,C,A,A,H,-,A,D,0,,,,,Y,,A,01,0,0,1,0,0,0,0,0,0,"- ","- ",,,ALAMEDA,OAKLAND,-122.19489288330078,37.772396087646484
9493897,2022,2022-10-11,0109,2022-09-01,1600,9480,1,4,5,7,0109,0,0,0,,0,07X,"34TH ST","LOUISE ST",0.00,,Y,A,-,N,,,,,,,,,,Y,4,0,1,2,A,-,09,21802,A,M,D,C,A,A,H,-,A,A,0,,,,,Y,,D,22,0,0,1,0,0,0,0,0,0,"- ","- ",,,ALAMEDA,OAKLAND,-122.28520202636719,37.825668334960938
9494018,2022,2022-09-28,0109,2022-05-26,0043,8867,2,4,5,7,0109,0,0,0,,0,33X,"SAN LEANDRO ST","85TH AV",746.00,W,N,A,-,N,,,,,,,,,,Y,4,0,1,2,A,-,01,23152,A,N,D,E,A,A,H,-,C,D,0,,,,,Y,Y,A,01,0,0,1,0,0,0,0,0,0,"- ","- ",,,ALAMEDA,OAKLAND,-122.19084167480469,37.748497009277344
9494067,2022,2022-09-26,0109,2022-05-14,2131,9516,1,6,5,7,0109,0,0,0,,0,05X,"W GRAND AV","MARKET ST",0.00,,Y,A,-,N,,,,,,,,,,N,4,0,1,2,D,-,00,,,M,B,C,A,A,H,-,C,A,0,,,Y,,Y,,-,"- ",0,0,1,0,0,0,0,0,1,"- ","- ",,,ALAMEDA,OAKLAND,-122.27867126464844,37.814453125
9494229,2022,2022-10-27,0103,2022-09-20,2045,14,,2,5,6,0103,0,0,0,,0,009,ASHBY,CALIFORNIA,0.00,,Y,A,-,Y,ALA,4,13,-,-,12.640,I,5,S,Y,2,0,1,2,A,-,12,22450,A,F,D,C,A,A,H,-,D,A,0,,,Y,,Y,,-,99,1,0,0,0,0,0,0,0,1,"- ","- ",37.853549957275391,-122.27693176269531,ALAMEDA,BERKELEY,-122.27694702148438,37.853565216064453
9495192,2022,2022-10-04,0109,2022-09-04,1944,9887,2,7,5,7,0109,0,0,0,,0,31Y,"98TH AV","RAILROAD AV",184.00,S,N,A,-,N,,,,,,,,,,Y,4,0,1,2,A,-,08,22107,,N,B,E,A,A,H,-,B,D,0,,,Y,,Y,,C,02,0,0,1,0,0,0,0,0,1,"- ","- ",,,ALAMEDA,OAKLAND,-122.18226623535156,37.737289428710938
9495283,2022,2022-10-06,0106,2022-08-17,1750,467,,3,5,6,0106,0,0,0,,0,00J,"WEST WINTON AV","HESPERIAN BL",3.00,W,N,A,-,N,,,,,,,,,,Y,4,0,1,2,A,-,06,21755,,N,D,C,A,A,H,-,A,A,0,,,Y,,Y,,C,02,0,0,1,0,0,0,0,0,1,"- ","- ",37.653079986572266,-122.11026000976562,ALAMEDA,HAYWARD,-122.11032104492188,37.653049468994141
9495286,2022,2022-10-06,0106,2022-08-12,1026,,,5,5,6,0106,0,0,0,,0,00F,"INDUSTRIAL PKWY","ADDISON WY",1643.00,S,N,A,-,N,,,,,,,,,,Y,4,0,1,1,A,-,08,22107,,N,E,I,A,A,H,-,A,D,0,,,,,Y,,A,07,0,0,1,0,0,0,0,0,0,"- ","- ",,,ALAMEDA,HAYWARD,-122.06673431396484,37.612274169921875
9495289,2022,2022-10-06,0106,2022-07-29,2040,456,,5,5,6,0106,0,0,0,,0,00B,"FOOTHILL BL","COTTER WY",0.00,,Y,A,-,N,,,,,,,,,,N,4,0,2,2,A,-,09,21801,A,N,D,C,A,A,H,-,B,D,0,,,,,Y,,A,01,0,0,2,0,0,0,0,0,0,"- ","- ",,,ALAMEDA,HAYWARD,-122.089111328125,37.6829833984375
9495292,2022,2022-10-06,0106,2022-08-28,1659,476,,7,5,6,0106,0,0,0,,0,00B,"FOOTHILL BL","GROVE WY",0.00,,Y,A,-,N,,,,,,,,,,Y,4,0,3,2,A,-,12,21453,A,N,D,C,A,A,H,-,A,A,0,,,,,Y,,A,01,0,0,3,0,0,0,0,0,0,"- ","- ",37.683670043945312,-122.09017181396484,ALAMEDA,HAYWARD,-122.09011077880859,37.683719635009766
9495297,2022,2022-10-06,0106,2022-08-25,1712,434,,4,5,6,0106,0,0,0,,0,00D,"W JACKSON ST","AMADOR ST",360.00,S,N,A,-,N,,,,,,,,,,N,3,0,1,3,A,-,03,22350,,N,C,C,A,A,H,-,A,A,0,,,,,Y,,A,01,0,1,0,0,0,0,0,0,0,"- ","- ",37.651878356933594,-122.0908203125,ALAMEDA,HAYWARD,-122.09011840820312,37.652034759521484
9495298,2022,2022-10-06,0106,2022-08-05,1755,418,,5,5,6,0106,0,0,0,,0,00F,"BLANCHE ST","WESTCHESTER ST",45.00,N,N,F,-,N,,,,,,,,,,N,2,0,1,1,A,-,03,22350,,N,E,I,A,A,A,H,A,D,0,,,Y,,Y,,C,03,1,0,0,0,0,0,0,0,1,"- ","- ",37.614128112792969,-122.03032684326172,ALAMEDA,HAYWARD,-122.03013610839844,37.613842010498047
9495300,2022,2022-10-06,0109,2022-08-23,1716,10001,1,2,5,7,0109,0,0,0,,0,03X,"MADISON ST","7TH ST",0.00,,Y,A,-,N,,,,,,,,,,N,3,0,1,2,A,-,10,21950,A,N,G,B,B,A,H,-,A,A,0,Y,,,,Y,,A,07,0,1,0,0,1,0,0,0,0,"- ","- ",,,ALAMEDA,OAKLAND,-122.26705169677734,37.796707153320312
9495301,2022,2022-10-03,0109,2022-08-21,2047,9814,2,7,5,7,0109,0,0,0,,0,26X,"OAKPORT ST","66TH AV",50.00,W,N,-,-,N,,,,,,,,,,Y,3,0,2,1,A,-,03,22350,,N,E,I,A,A,H,-,D,D,0,,,,,Y,,A,01,0,2,0,0,0,0,0,0,0,"- ","- ",,,ALAMEDA,OAKLAND,-122.20880126953125,37.753406524658203
9495302,2022,2022-10-03,0109,2022-08-25,1555,8347,1,4,5,7,0109,0,0,0,,0,09X,"OAKLAND AV","SANTA CLARA AV",25.00,N,N,A,-,N,,,,,,,,,,N,4,0,1,2,A,-,05,21650,1,N,A,G,A,A,H,-,A,A,0,,Y,,,Y,,L,04,0,0,1,0,0,0,1,0,0,"- ","- ",,,ALAMEDA,OAKLAND,-122.25338745117188,37.819187164306641
9495305,2022,2022-10-03,0109,2022-08-25,0753,9142,2,4,5,7,0109,0,0,0,,0,24X,"FOOTHILL BL","40TH AV",50.00,E,N,A,-,N,,,,,,,,,,N,4,0,1,2,A,-,03,22350,,N,C,C,A,A,H,-,A,A,0,,,,,Y,,A,01,0,0,1,0,0,0,0,0,0,"- ","- ",,,ALAMEDA,OAKLAND,-122.21523284912109,37.777729034423828
9495308,2022,2022-10-03,0109,2022-08-11,1751,10006,1,4,5,7,0109,0,0,0,,0,16X,"BEAUMONT AV","CHATHAM RD",0.00,,Y,A,-,N,,,,,,,,,,N,3,0,1,2,A,-,09,21801,A,N,B,C,A,A,H,-,A,A,0,,,,,Y,,A,01,0,1,0,0,0,0,0,0,0,"- ","- ",,,ALAMEDA,OAKLAND,-122.22866821289062,37.801467895507812
9495309,2022,2022-11-02,0109,2022-08-11,0826,9657,1,4,5,7,0109,0,0,0,,0,06X,"35TH ST","WEST ST",0.00,,Y,A,-,N,,,,,,,,,,N,4,0,1,2,A,-,12,21453,A,N,D,C,A,A,H,-,A,A,0,,,,,Y,,A,01,0,0,1,0,0,0,0,0,0,"- ","- ",,,ALAMEDA,OAKLAND,-122.27233123779297,37.8248291015625
9495317,2022,2022-10-03,0109,2022-08-15,1930,9717,1,1,5,7,0109,0,0,0,,0,15X,"PARK BL","CHATHAM RD",0.00,,Y,A,-,N,,,,,,,,,,N,4,0,1,3,A,-,12,21453,A,N,D,C,A,A,H,-,B,A,0,,,,,Y,Y,A,01,0,0,1,0,0,0,0,0,0,"- ","- ",,,ALAMEDA,OAKLAND,-122.23310852050781,37.804500579833984
9495320,2022,2022-10-07,0109,2022-08-18,0002,9994,2,4,5,7,0109,0,0,0,,0,20X,"27TH AV","FOOTHILL BL",10.00,S,N,A,-,N,,,,,,,,,,Y,4,0,1,2,A,-,03,22350,,M,C,C,A,A,H,-,C,A,0,,,,,Y,Y,A,01,0,0,1,0,0,0,0,0,0,"- ","- ",,,ALAMEDA,OAKLAND,-122.22792816162109,37.784507751464844
9495415,2022,2022-10-14,0108,2022-09-19,1610,12162,34,1,5,4,0108,0,0,0,,0,002,"MANZANITA ST","STONECRESS AV",0.00,,Y,A,-,N,,,,,,,,,,N,3,0,1,2,A,-,03,22350,,N,B,E,A,A,H,-,A,D,0,,,,,Y,,A,01,0,1,0,0,0,0,0,0,0,"- ","- ",37.525650024414062,-122.01885986328125,ALAMEDA,NEWARK,-122.01876831054688,37.525806427001953
9495611,2022,2022-10-06,0109,2022-07-24,1815,9944,2,7,5,7,0109,0,0,0,,0,25X,"STEELE ST","HIGH ST",30.00,E,N,A,-,N,,,,,,,,,,N,4,0,1,2,D,-,00,,,N,A,C,A,A,H,-,A,A,0,,,,,Y,,-,"- ",0,0,1,0,0,0,0,0,0,"- ","- ",,,ALAMEDA,OAKLAND,-122.18962097167969,37.789970397949219
9495802,2022,2022-10-19,0106,2022-09-10,1733,371,,6,5,6,0106,0,0,0,,0,00H,"LUSTIG CT","WEST TENNYSON RD",92.00,S,N,A,-,N,,,,,,,,,,N,4,0,1,2,A,-,05,21650,1,N,A,G,A,A,H,-,A,D,0,,Y,,,Y,,L,04,0,0,1,0,0,0,1,0,0,"- ","- ",37.633918762207031,-122.06394195556641,ALAMEDA,HAYWARD,-122.06385040283203,37.633716583251953
9495994,2022,2022-10-13,0111,2022-09-23,1305,266,,5,5,5,0111,0,0,0,,0,004,"SANTA RITA RD","BLACK AV",10.00,N,N,A,-,N,,,,,,,,,,Y,3,0,1,3,A,-,01,23152,A,N,D,C,A,A,H,-,A,A,0,,,,,Y,Y,A,01,0,1,0,0,0,0,0,0,0,"- ","- ",,,ALAMEDA,PLEASANTON,-121.87264251708984,37.672218322753906
9496443,2022,2022-09-28,0100,2022-08-16,1845,2298,DUBLI,2,5,4,0198,0,0,0,,0,072,"DAVONA DR","BONNIEWOOD LN",5.00,W,N,A,-,N,,,,,,,,,,N,3,0,1,2,A,-,10,21950,A,N,G,B,B,A,H,-,A,D,0,Y,,,,Y,,A,01,0,1,0,0,1,0,0,0,0,"- ","- ",37.721538543701172,-121.9320068359375,ALAMEDA,DUBLIN,-121.93202972412109,37.721439361572266
9496831,2022,2022-10-18,0100,2022-08-24,0850,2019,DUBLI,3,5,4,0198,0,0,0,,0,072,"DUBLIN BL","SIERRA CT",165.00,W,N,A,-,N,,,,,,,,,,Y,3,0,1,3,A,-,03,22350,,N,C,C,A,A,H,-,A,D,0,,,,,Y,,A,01,0,1,0,0,0,0,0,0,0,"- ","- ",,,ALAMEDA,DUBLIN,-121.91671752929688,37.704689025878906
9498082,2022,2022-09-27,0109,2022-08-17,0810,8347,1,3,5,7,0109,0,0,0,,0,02Y,"MANDELA PKWY","14TH ST",0.00,,Y,A,-,N,,,,,,,,,,N,3,0,1,2,A,-,09,21800,A,N,D,G,A,A,H,-,A,A,0,,Y,,,Y,,A,07,0,1,0,0,0,0,1,0,0,"- ","- ",,,ALAMEDA,OAKLAND,-122.29174041748047,37.810855865478516
9498083,2022,2022-10-06,0109,2022-08-10,0704,9410,2,3,5,7,0109,0,0,0,,0,35X,"MACARTHUR BL","PALM VILLA CT",15.00,W,N,A,-,N,,,,,,,,,,N,4,0,1,2,A,-,08,22107,,N,C,E,A,A,H,-,A,A,0,,,,,Y,,A,01,0,0,1,0,0,0,0,0,0,"- ","- ",,,ALAMEDA,OAKLAND,-122.16085815429688,37.754249572753906
9498084,2022,2022-09-27,0109,2022-08-18,1716,9172,1,4,5,7,0109,0,0,0,,0,06X,"27TH ST","NORTHGATE AV",0.00,,Y,A,-,N,,,,,,,,,,N,4,0,1,2,A,-,12,21453,A,N,A,C,A,A,H,-,A,A,0,,,,,Y,,A,01,0,0,1,0,0,0,0,0,0,"- ","- ",,,ALAMEDA,OAKLAND,-122.26984405517578,37.816471099853516
9498087,2022,2022-10-06,0109,2022-08-11,1044,9786,1,4,5,7,0109,0,0,0,,0,09X,"MACARTHUR BL","MACARTHUR BL 193",0.00,,N,A,-,N,,,,,,,,,,N,4,0,1,2,A,-,10,21950,A,N,G,B,B,A,H,-,A,A,0,Y,,,,Y,,A,01,0,0,1,0,1,0,0,0,0,"- ","- ",,,ALAMEDA,OAKLAND,-122.25457000732422,37.821502685546875
9498090,2022,2022-09-27,0109,2022-08-19,1617,9971,2,5,5,7,0109,0,0,0,,0,35X,"GOLF LINKS RD","GLENLY AV",30.00,E,N,A,-,N,,,,,,,,,,N,2,0,3,2,A,-,05,21460,A,M,A,C,A,A,H,-,A,D,0,,,,,Y,,A,01,1,2,0,0,0,0,0,0,0,"- ","- ",,,ALAMEDA,OAKLAND,-122.15563201904297,37.759315490722656
9498119,2022,2022-10-04,0109,2022-08-16,1157,8824,2,2,5,7,0109,0,0,0,,0,31X,"HEGENBERGER RD","RT 880",0.00,,Y,A,-,Y,ALA,4,880,-,-,25.678,R,4,S,N,4,0,2,2,A,-,12,21453,A,N,D,C,A,A,H,-,A,A,0,,,,,Y,,A,01,0,0,2,0,0,0,0,0,0,"- ",SF,,,ALAMEDA,OAKLAND,-122.19844818115234,37.742786407470703
9498159,2022,2022-09-26,0109,2022-08-06,1914,9904,2,6,5,7,0109,0,0,0,,0,32X,"98TH AV","BANCROFT AV",0.00,,Y,A,-,N,,,,,,,,,,N,4,0,1,2,A,-,12,21453,A,M,B,C,A,A,H,-,A,A,0,,,,,Y,Y,A,01,0,0,1,0,0,0,0,0,0,"- ","- ",,,ALAMEDA,OAKLAND,-122.1619873046875,37.748420715332031
9498171,2022,2022-10-10,0109,2022-07-18,1218,9732,1,1,5,7,0109,0,0,0,,0,,"7TH ST",BROADWAY,100.00,E,N,A,-,N,,,,,,,,,,N,3,0,1,2,A,-,17,22517,,N,H,G,A,A,H,-,A,D,0,,Y,,Y,Y,,F,26,0,1,0,0,0,0,1,0,0,"- ","- ",,,ALAMEDA,OAKLAND,-122.27388000488281,37.799369812011719
9498433,2022,2022-10-21,0109,2022-09-05,0129,9917,2,1,5,7,0109,0,0,0,,0,20X,"INTERNATIONAL BL","33RD AV",0.00,,Y,A,-,N,,,,,,,,,,N,4,0,1,2,A,-,08,22107,,M,D,C,A,A,H,-,C,A,0,,,,,Y,,A,01,0,0,1,0,0,0,0,0,0,"- ","- ",,,ALAMEDA,OAKLAND,-122.22453308105469,37.7769775390625
9498434,2022,2022-10-21,0109,2022-09-03,0211,9765,1,6,5,7,0109,0,0,0,,0,19X,"14TH AV","E 12TH ST",0.00,,Y,A,-,N,,,,,,,,,,N,4,0,1,2,A,-,10,21950,A,M,G,B,B,A,H,-,C,A,0,Y,,,,Y,,A,01,0,0,1,0,1,0,0,0,0,"- ","- ",,,ALAMEDA,OAKLAND,-122.24722290039062,37.788272857666016
9498438,2022,2022-10-25,0109,2022-09-03,1521,9885,2,6,5,7,0109,0,0,0,,0,32Y,"BANCROFT AV","98TH AV",0.00,,Y,A,-,N,,,,,,,,,,Y,4,0,3,2,A,-,12,21453,A,N,A,C,A,A,H,-,A,A,0,,,,,Y,,-,"- ",0,0,3,0,0,0,0,0,0,"- ","- ",,,ALAMEDA,OAKLAND,-122.1619873046875,37.748420715332031
9498439,2022,2022-10-21,0109,2022-09-05,1337,9339,2,1,5,7,0109,0,0,0,,0,32X,"98TH AV","SUNNYSIDE ST",0.00,,Y,A,-,N,,,,,,,,,,N,4,0,2,2,A,-,09,21802,A,N,D,C,A,A,H,-,A,D,0,,,,,Y,,A,01,0,0,2,0,0,0,0,0,0,"- ","- ",,,ALAMEDA,OAKLAND,-122.16294097900391,37.747917175292969
9498656,2022,2022-10-20,0109,2022-09-11,2109,9832,1,7,5,7,0109,0,0,0,,0,19X,"5TH AV","8TH ST",0.00,,Y,A,-,N,,,,,,,,,,N,3,0,2,2,A,-,09,21801,A,N,A,C,A,A,H,-,C,A,0,,,,,Y,,A,01,0,1,1,0,0,0,0,0,0,"- ","- ",,,ALAMEDA,OAKLAND,-122.25810241699219,37.792690277099609
9498685,2022,2022-10-24,0105,2022-08-27,1804,15893,FREMO,6,5,6,0105,0,0,0,,0,001,"DAVIS ST","STEVENSON BL",0.00,,Y,A,-,N,,,,,,,,,,N,3,0,1,2,A,-,11,21954,A,N,E,J,A,A,H,-,A,A,0,,,,,Y,,M,94,0,1,0,0,0,0,0,0,0,"- ","- ",,,ALAMEDA,FREMONT,-121.97621917724609,37.537315368652344
9498694,2022,2022-10-19,0109,2022-08-31,2112,9990,2,3,5,7,0109,0,0,0,,0,30X,"73RD AV","INTERNATIONAL BL",0.00,,Y,A,-,N,,,,,,,,,,N,3,0,1,2,A,-,10,21950,A,M,G,B,D,A,H,-,C,A,0,Y,,,,Y,Y,-,99,0,1,0,0,1,0,0,0,0,"- ","- ",,,ALAMEDA,OAKLAND,-122.18708038330078,37.759212493896484
9498723,2022,2023-01-03,0111,2022-11-22,1840,322,,2,5,5,0111,0,0,0,,0,002,"STONERIDGE DR","CHABOT DR",35.00,W,N,A,-,N,,,,,,,,,,N,3,0,1,2,A,-,03,22350,,N,C,C,A,A,H,-,C,A,0,,,,,Y,,A,07,0,1,0,0,0,0,0,0,0,"- ","- ",,,ALAMEDA,PLEASANTON,-121.90144348144531,37.691379547119141
9498753,2022,2022-12-16,0113,2022-05-19,1325,5057,C156,4,5,5,0113,0,0,0,,0,004,"DECOTO RD","ALVARADO NILES RD",121.00,S,N,A,-,N,,,,,,,,,,N,3,0,2,2,A,-,08,22107,,N,D,C,A,A,H,-,A,A,0,,,,,Y,,A,01,0,1,1,0,0,0,0,0,0,"- ","- ",,,ALAMEDA,"UNION CITY",-122.02180480957031,37.586898803710938
9498758,2022,2022-12-28,0112,2022-11-02,1756,379,,3,5,5,0112,0,0,0,,0,007,"RT 112","RT 880",0.00,,Y,A,-,Y,ALA,4,112,-,-,0.700,H,-,W,Y,4,0,1,2,A,-,03,22350,,N,C,C,A,A,H,-,B,A,0,,,,,Y,,A,08,0,0,1,0,0,0,0,0,0,"- ","- ",,,ALAMEDA,"SAN LEANDRO",-122.17493438720703,37.719711303710938
9498769,2022,2022-12-14,0113,2022-09-17,1409,5054,C022,6,5,5,0113,0,0,0,,0,005,"MISSION BL","APPIAN WY",0.00,,Y,A,-,Y,ALA,4,238,-,-,5.750,I,5,N,Y,3,0,3,3,A,-,12,21453,A,N,A,C,A,A,H,-,A,A,0,,,,,Y,,A,07,0,1,2,0,0,0,0,0,0,"- ","- ",,,ALAMEDA,"UNION CITY",-122.00345611572266,37.591464996337891
9498802,2022,2022-11-14,0109,2022-09-18,1324,10042,2,7,5,7,0109,0,0,0,,0,23X,"42ND AV","INTERNATIONAL BL",20.00,S,N,B,-,Y,ALA,4,77,-,-,0.440,H,-,S,N,4,0,1,2,A,-,08,22107,,N,D,C,A,B,G,-,A,D,0,,,,,Y,,A,01,0,0,1,0,0,0,0,0,0,"- ","- ",,,ALAMEDA,OAKLAND,-122.21644592285156,37.772914886474609
9498859,2022,2023-06-14,0109,2022-07-15,1135,9934,2,5,5,7,0109,0,0,0,,0,29X,"FOOTHILL BL","62ND AV",5.00,E,N,A,-,N,,,,,,,,,,N,4,0,2,2,A,-,03,22350,,N,C,C,A,A,H,-,A,A,0,,,,,Y,,A,01,0,0,2,0,0,0,0,0,0,"- ","- ",,,ALAMEDA,OAKLAND,-122.18662261962891,37.771087646484375
9498887,2022,2022-10-27,0103,2022-09-04,2355,56,,7,5,6,0103,0,0,0,,0,016,"RT 123","DELAWARE ST",135.00,S,N,A,-,Y,ALA,4,123,-,-,3.310,H,-,N,N,2,0,1,2,A,-,11,21954,A,F,G,B,D,A,H,-,D,D,0,Y,,,,Y,,N,60,1,0,0,0,1,0,0,0,0,"- ","- ",37.870418548583984,-122.29254913330078,ALAMEDA,BERKELEY,-122.29280853271484,37.871334075927734
9498892,2022,2022-10-27,0103,2022-09-12,1739,94,35,1,5,6,0103,0,0,0,,0,008,SHATTUCK,"ASHBY AV",5.00,N,N,A,-,Y,ALA,4,13,-,-,12.058,I,5,S,N,3,0,1,2,A,-,06,21750,,F,B,C,A,A,H,-,A,D,0,,Y,,,Y,,L,04,0,1,0,0,0,0,1,0,0,"- ","- ",37.855449676513672,-122.26686096191406,ALAMEDA,BERKELEY,-122.26652526855469,37.855300903320312
9498963,2022,2022-10-19,0106,2022-08-24,1641,467,,3,5,6,0106,0,0,0,,0,00J,"S HESPERIAN BL","GOLF COURSE RD",8.00,S,N,A,-,N,,,,,,,,,,N,3,0,1,2,A,-,10,21950,A,M,G,B,B,A,H,-,A,A,0,Y,,,,Y,,-,,0,1,0,0,1,0,0,0,0,"- ","- ",37.667449951171875,-122.11958312988281,ALAMEDA,HAYWARD,-122.11947631835938,37.667739868164062
9499033,2022,2022-10-20,0109,2022-07-13,2003,10005,1,3,5,7,0109,0,0,0,,0,10X,"55TH ST","MARKET ST",0.00,,Y,A,-,N,,,,,,,,,,N,3,0,2,2,A,-,12,21453,A,N,D,C,A,A,H,-,A,A,0,,,,,Y,,A,01,0,1,1,0,0,0,0,0,0,"- ","- ",,,ALAMEDA,OAKLAND,-122.27390289306641,37.839248657226562
9499034,2022,2022-10-21,0109,2022-07-13,2013,9167,2,3,5,7,0109,0,0,0,,0,24X,"35TH AV","RT 580",225.00,N,N,A,-,N,,,,,,,,,,Y,4,0,1,2,A,-,09,21801,A,N,A,C,A,A,-,-,C,D,0,,,,,Y,,A,01,0,0,1,0,0,0,0,0,0,"- ","- ",,,ALAMEDA,OAKLAND,-122.19744873046875,37.795711517333984
9499039,2022,2022-10-20,0109,2022-07-15,1029,9841,2,5,5,7,0109,0,0,0,,0,26X,"66TH AV","INTERNATIONAL BL",59.00,S,N,A,-,N,,,,,,,,,,N,4,0,2,3,A,-,03,22350,,N,C,C,A,A,H,-,A,A,0,,,,,Y,,A,01,0,0,2,0,0,0,0,0,0,"- ","- ",,,ALAMEDA,OAKLAND,-122.19374084472656,37.762371063232422
9499040,2022,2022-10-20,0109,2022-07-13,2200,9369,1,3,5,7,0109,0,0,0,,0,13Z,"MOUNTAIN BL","ASCOT DR",170.00,S,N,A,-,N,,,,,,,,,,N,4,0,1,1,A,-,03,22350,,N,E,I,A,A,H,-,C,D,0,,,,,Y,,A,01,0,0,1,0,0,0,0,0,0,"- ","- ",,,ALAMEDA,OAKLAND,-122.20325469970703,37.817768096923828
9499109,2022,2022-10-20,0109,2022-09-04,2328,9927,2,7,5,7,0109,0,0,0,,0,23X,"42ND AV","INTERNATIONAL BL",5.00,S,N,A,-,N,,,,,,,,,,N,4,0,1,2,A,-,11,21955,,N,G,B,C,A,H,-,C,A,0,Y,,,,Y,Y,N,60,0,0,1,0,1,0,0,0,0,"- ","- ",,,ALAMEDA,OAKLAND,-122.21627044677734,37.772998809814453
9499114,2022,2022-10-20,0106,2022-09-23,2114,442,,5,5,6,0106,0,0,0,,0,00D,"WEST WINTON AV","SOUTHLAND PL",0.00,,Y,A,-,N,,,,,,,,,,N,2,0,1,1,A,-,08,22107,,N,E,I,A,A,H,-,C,A,0,,,Y,,Y,,C,02,1,0,0,0,0,0,0,0,1,"- ","- ",37.654178619384766,-122.10727691650391,ALAMEDA,HAYWARD,-122.1072998046875,37.654182434082031
9499115,2022,2022-11-02,0106,2022-09-04,1259,484,,7,5,6,0106,0,0,0,,0,00E,"HESPERIAN BL","CATALAPA AV",0.00,,Y,A,-,N,,,,,,,,,,Y,4,0,3,2,A,-,09,21802,A,N,D,C,A,A,H,-,A,D,0,,,,,Y,,A,08,0,0,3,0,0,0,0,0,0,"- ","- ",37.620548248291016,-122.09037017822266,ALAMEDA,HAYWARD,-122.09041595458984,37.620521545410156
9499117,2022,2022-10-20,0106,2022-09-29,1605,434,,4,5,6,0106,0,0,0,,0,00A,"N MISSION BL","SORENSON ST",7.00,S,N,A,-,N,,,,,,,,,,N,3,0,1,2,A,-,11,21456,B,F,A,B,B,A,H,-,A,A,0,Y,,,,Y,,-,99,0,1,0,0,1,0,0,0,0,"- ","- ",37.646358489990234,-122.06317138671875,ALAMEDA,HAYWARD,-122.06311798095703,37.646373748779297
9499119,2022,2022-10-20,0106,2022-09-14,1633,497,,3,5,6,0106,0,0,0,,0,00B,"D ST","FOOTHILL BL",12.00,W,N,A,-,N,,,,,,,,,,Y,4,0,2,2,A,-,04,21703,,N,C,C,A,A,H,-,A,A,0,,,,,Y,,A,01,0,0,2,0,0,0,0,0,0,"- ","- ",37.671108245849609,-122.08025360107422,ALAMEDA,HAYWARD,-122.08024597167969,37.671134948730469