CASE_ID,ACCIDENT_YEAR,PROC_DATE,JURIS,COLLISION_DATE,COLLISION_TIME,OFFICER_ID,REPORTING_DISTRICT,DAY_OF_WEEK,CHP_SHIFT,POPULATION,CNTY_CITY_LOC,SPECIAL_COND,BEAT_TYPE,CHP_BEAT_TYPE,CITY_DIVISION_LAPD,CHP_BEAT_CLASS,BEAT_NUMBER,PRIMARY_RD,SECONDARY_RD,DISTANCE,DIRECTION,INTERSECTION,WEATHER_1,WEATHER_2,STATE_HWY_IND,CALTRANS_COUNTY,CALTRANS_DISTRICT,STATE_ROUTE,ROUTE_SUFFIX,POSTMILE_PREFIX,POSTMILE,LOCATION_TYPE,RAMP_INTERSECTION,SIDE_OF_HWY,TOW_AWAY,COLLISION_SEVERITY,NUMBER_KILLED,NUMBER_INJURED,PARTY_COUNT,PRIMARY_COLL_FACTOR,PCF_CODE_OF_VIOL,PCF_VIOL_CATEGORY,PCF_VIOLATION,PCF_VIOL_SUBSECTION,HIT_AND_RUN,TYPE_OF_COLLISION,MVIW,PED_ACTION,ROAD_SURFACE,ROAD_COND_1,ROAD_COND_2,LIGHTING,CONTROL_DEVICE,CHP_ROAD_TYPE,PEDESTRIAN_ACCIDENT,BICYCLE_ACCIDENT,MOTORCYCLE_ACCIDENT,TRUCK_ACCIDENT,NOT_PRIVATE_PROPERTY,ALCOHOL_INVOLVED,STWD_VEHTYPE_AT_FAULT,CHP_VEHTYPE_AT_FAULT,COUNT_SEVERE_INJ,COUNT_VISIBLE_INJ,COUNT_COMPLAINT_PAIN,COUNT_PED_KILLED,COUNT_PED_INJURED,COUNT_BICYCLIST_KILLED,COUNT_BICYCLIST_INJURED,COUNT_MC_KILLED,COUNT_MC_INJURED,PRIMARY_RAMP,SECONDARY_RAMP,LATITUDE,LONGITUDE,COUNTY,CITY,POINT_X,POINT_Y
9561506,2022,2023-03-28,0109,2022-06-07,1906,9458,1,2,5,7,0109,0,0,0,,0,09X,BROADWAY,"WHITMORE ST",150.00,S,N,A,-,N,,,,,,,,,,N,3,0,2,4,A,-,03,22350,,N,H,-,A,A,H,-,A,A,0,,,,,Y,,A,01,0,1,1,0,0,0,0,0,0,"- ","- ",,,ALAMEDA,OAKLAND,-122.25338745117188,37.832813262939453
9561670,2023,2023-03-30,0106,2023-02-06,1224,412,,1,5,6,0106,0,0,0,,0,00F,"ALQUIRE PKWY","VANDERBILT ST",0.00,,Y,A,-,N,,,,,,,,,,Y,4,0,3,2,A,-,09,21801,A,N,A,C,A,A,H,-,A,D,0,,,,,Y,,A,01,0,0,3,0,0,0,0,0,0,"- ","- ",37.6309814453125,-122.04492950439453,ALAMEDA,HAYWARD,,
9561673,2023,2023-03-30,0106,2023-02-08,1804,435,,3,5,6,0106,0,0,0,,0,00D,"DEPOT RD","INDUSTRIAL BL",0.00,,Y,A,-,N,,,,,,,,,,N,3,0,1,2,A,-,08,22107,,F,H,G,A,A,H,-,C,A,0,,Y,,,Y,,-,99,0,1,0,0,0,0,1,0,0,"- ","- ",37.638629913330078,-122.11717987060547,ALAMEDA,HAYWARD,,
9561679,2023,2023-03-30,0103,2023-02-08,1400,149,20,3,5,6,0103,0,0,0,,0,015,EIGHTH,"GILMAN ST",45.00,S,N,A,-,N,,,,,,,,,,N,3,0,1,2,A,-,17,22517,,N,B,G,A,A,H,-,A,D,0,,Y,,,Y,,A,08,0,1,0,0,0,0,1,0,0,"- ","- ",37.879520416259766,-122.29929351806641,ALAMEDA,BERKELEY,-122.29914855957031,37.879692077636719
9561680,2023,2023-03-30,0103,2023-02-10,1128,112,,5,5,6,0103,0,0,0,,0,015,"GILMAN AV","FRONTAGE RD",0.00,,Y,A,-,N,,,,,,,,,,N,3,0,1,2,A,-,09,21802,A,N,D,G,A,A,A,B,A,A,0,,Y,,,Y,,L,04,0,1,0,0,0,0,1,0,0,"- ","- ",37.880748748779297,-122.30917358398438,ALAMEDA,BERKELEY,,
9561683,2023,2023-03-30,0103,2023-02-11,2215,149,35,6,5,6,0103,0,0,0,,0,005,"CARLETON ST","MLK JR WAY",50.00,E,N,A,-,N,,,,,,,,,,N,3,0,1,2,A,-,05,21650,,F,B,G,A,A,H,-,C,D,0,,Y,,,Y,,A,01,0,1,0,0,0,0,1,0,0,"- ","- ",37.860630035400391,-122.27179718017578,ALAMEDA,BERKELEY,-122.27163696289062,37.860652923583984
9561684,2023,2023-04-06,0103,2023-02-16,1000,S29,29,4,5,6,0103,0,0,0,,0,005,CHANNING,"SHATTUCK AV",0.00,,Y,B,-,N,,,,,,,,,,N,3,0,1,1,A,-,03,22350,,N,F,A,A,A,H,-,A,D,0,,,,,Y,,M,94,0,1,0,0,0,0,0,0,0,"- ","- ",,,ALAMEDA,BERKELEY,,
9561687,2023,2023-03-28,0103,2023-02-19,1030,52,,7,5,6,0103,0,0,0,,0,003,UNIVERSITY,"MCGEE AV",11.00,W,N,A,-,N,,,,,,,,,,N,3,0,1,2,A,-,03,22350,,F,G,B,B,A,H,-,A,D,0,Y,,,,Y,,A,07,0,1,0,0,1,0,0,0,0,"- ","- ",37.870800018310547,-122.28157043457031,ALAMEDA,BERKELEY,-122.27755737304688,37.871036529541016
9561701,2023,2023-04-05,0106,2023-02-25,1147,412,,6,5,6,0106,0,0,0,,0,00G,"TAMPA AV","PATRICK AV",493.00,E,N,A,-,N,,,,,,,,,,N,4,0,1,2,A,-,03,22350,1,N,C,C,A,A,H,-,A,D,0,,,,Y,Y,,A,01,0,0,1,0,0,0,0,0,0,"- ","- ",37.634048461914062,-122.07901763916016,ALAMEDA,HAYWARD,,
9561702,2023,2023-04-05,0106,2023-02-24,1148,350,,5,5,6,0106,0,0,0,,0,00E,"HESPERIAN BL","INDUSTRIAL BL",143.00,N,N,A,-,N,,,,,,,,,,Y,4,0,1,2,A,-,00,21703,1,N,C,C,A,B,H,-,A,D,0,,,,,Y,,A,01,0,0,1,0,0,0,0,0,0,"- ","- ",37.617271423339844,-122.08837127685547,ALAMEDA,HAYWARD,-122.08865356445312,37.617652893066406
9561715,2023,2023-04-04,0103,2023-02-25,2306,80,29,6,5,6,0103,0,0,0,,0,004,BANCROFT,SHATTUCK,0.00,,Y,A,-,N,,,,,,,,,,Y,3,0,1,2,A,-,12,21453,A,N,D,C,A,A,H,-,C,A,0,,,,,Y,,A,01,0,1,0,0,0,0,0,0,0,"- ","- ",37.867431640625,-122.26921844482422,ALAMEDA,BERKELEY,,
9561717,2023,2023-04-04,0103,2023-02-27,1824,145,17,1,5,6,0103,0,0,0,,0,002,OXFORD,VINE,0.00,,Y,C,-,N,,,,,,,,,,N,3,0,1,2,A,-,09,21801,A,N,D,G,A,B,H,-,C,A,0,,Y,,,Y,,A,01,0,1,0,0,0,0,1,0,0,"- ","- ",37.880508422851562,-122.26706695556641,ALAMEDA,BERKELEY,,
9562203,2023,2023-04-18,0109,2023-03-25,1320,9669,1,6,5,7,0109,0,0,0,,0,19X,"22ND AV","E 12TH ST",0.00,,Y,A,-,N,,,,,,,,,,N,4,0,1,2,A,-,08,22100,A,M,D,C,A,A,H,-,A,A,0,,,,,Y,,-,,0,0,1,0,0,0,0,0,0,"- ","- ",,,ALAMEDA,OAKLAND,,
9562204,2023,2023-04-18,0109,2023-03-10,"120 ",8522,1,5,5,7,0109,0,0,0,,0,07X,"WEST GRAND AV","MYRTLE ST",0.00,,Y,C,-,N,,,,,,,,,,N,4,0,1,2,A,-,10,21950,A,M,G,B,B,B,H,-,E,D,0,Y,,,,Y,,-,99,0,0,1,0,1,0,0,0,0,"- ","- ",,,ALAMEDA,OAKLAND,,
9562207,2023,2023-04-19,0109,2023-03-15,1343,10076,2,3,5,7,0109,0,0,0,,0,32X,"FOOTHILL BL","STANLEY AV",0.00,,Y,-,-,N,,,,,,,,,,N,4,0,1,2,A,-,03,22350,,N,C,C,A,A,-,-,A,D,0,,,,,Y,,A,01,0,0,1,0,0,0,0,0,0,"- ","- ",,,ALAMEDA,OAKLAND,,
9562209,2023,2023-04-19,0109,2023-03-04,1735,9933,2,6,5,7,0109,0,0,0,,0,26X,"INTERNATIONAL BL","71ST AV",85.00,E,N,A,-,N,,,,,,,,,,N,4,0,1,3,A,-,03,22350,,N,A,C,A,A,H,-,B,A,0,,,,,Y,,A,01,0,0,1,0,0,0,0,0,0,"- ","- ",,,ALAMEDA,OAKLAND,-122.18885803222656,37.760040283203125
9562210,2023,2023-05-31,0101,2023-03-04,1423,9951,2,6,5,5,0101,0,0,0,,0,23X,"DERBY AV","INTERNATIONAL BL",0.00,,Y,A,-,N,,,,,,,,,,N,3,0,3,2,A,-,12,21453,A,N,D,C,A,A,H,-,A,A,0,,,,,Y,,A,01,0,1,2,0,0,0,0,0,0,"- ","- ",,,ALAMEDA,ALAMEDA,,
9562211,2023,2023-04-25,0109,2023-03-21,1304,9381,2,2,5,7,0109,0,0,0,,0,26X,"SAN LEANDRO ST","69TH AV",100.00,E,N,C,-,N,,,,,,,,,,N,4,0,2,2,A,-,08,22107,,M,B,E,A,B,H,-,A,D,0,,,,,Y,,A,01,0,0,2,0,0,0,0,0,0,"- ","- ",,,ALAMEDA,OAKLAND,-122.19866943359375,37.754940032958984
9562325,2023,2023-04-17,0109,2023-02-25,2345,10008,1,6,5,7,0109,0,0,0,,0,04X,"GRAND AV","HARRISON ST",0.00,,Y,A,-,N,,,,,,,,,,N,3,0,1,2,A,-,08,22107,,M,H,G,A,A,H,-,C,A,0,,Y,,,Y,,-,99,0,1,0,0,0,0,1,0,0,"- ","- ",,,ALAMEDA,OAKLAND,,
9562328,2023,2023-05-26,0109,2023-02-23,2242,9712,1,4,5,7,0109,0,0,0,,0,04X,"CASTRO ST","18TH ST",200.00,N,N,C,-,N,,,,,,,,,,N,3,0,1,2,A,-,12,21453,A,N,G,B,D,B,H,-,C,D,0,Y,,,,Y,,N,60,0,1,0,0,1,0,0,0,0,"- ","- ",,,ALAMEDA,OAKLAND,-122.27518463134766,37.809787750244141
9562361,2023,2023-04-27,0111,2023-03-22,1534,292,,3,5,5,0111,0,0,0,,0,004,"RHEEM DR","KAMP DR",10.00,W,N,B,-,N,,,,,,,,,,Y,3,0,1,1,A,-,01,23152,A,N,A,I,A,A,H,-,A,A,0,,,,,Y,Y,-,"- ",0,1,0,0,0,0,0,0,0,"- ","- ",,,ALAMEDA,PLEASANTON,-121.86856842041016,37.68353271484375
9562369,2023,2023-05-09,0111,2023-03-15,1554,349,,3,5,5,0111,0,0,0,,0,005,"VINEYARD AV","ROGERS LN",20.00,W,N,A,-,N,,,,,,,,,,Y,3,0,1,1,A,-,08,22107,,N,E,I,A,A,H,-,A,D,0,,,,,Y,,A,01,0,1,0,0,0,0,0,0,0,"- ","- ",,,ALAMEDA,PLEASANTON,-121.86338043212891,37.662971496582031
9562510,2023,2023-04-05,0109,2023-01-26,1955,9682,2,4,5,7,0109,0,0,0,,0,23X,"35TH AV","E 17TH ST",100.00,N,N,A,-,N,,,,,,,,,,N,4,0,1,4,A,-,08,22107,,N,B,E,A,A,H,-,C,D,0,,,,,Y,,A,01,0,0,1,0,0,0,0,0,0,"- ","- ",,,ALAMEDA,OAKLAND,-122.220458984375,37.780109405517578
9563716,2023,2023-04-26,0100,2023-03-21,2223,2330,,2,5,4,0198,0,0,0,,0,,"HACIENDA DR","MARTINELLI WY",0.00,,Y,C,-,N,,,,,,,,,,N,3,0,2,2,A,-,12,21453,A,N,D,C,A,B,H,-,C,A,0,,,,,Y,,D,22,0,2,0,0,0,0,0,0,0,"- ","- ",,,ALAMEDA,DUBLIN,,
9565517,2023,2023-06-05,0111,2023-04-21,"943 ",357,,5,5,5,0111,0,0,0,,0,004,"VALLEY AV","SANTA RITA RD",0.00,,Y,A,-,N,,,,,,,,,,Y,3,0,1,3,A,-,12,21453,A,N,D,C,A,A,H,-,A,A,0,,,,,Y,,D,22,0,1,0,0,0,0,0,0,0,"- ","- ",37.676620483398438,-121.87383270263672,ALAMEDA,PLEASANTON,,
9566181,2022,2023-04-24,0109,2022-11-09,1129,9940,1,3,5,7,0109,0,0,0,,0,02Y,"8TH ST","CAMPBELL ST",0.00,,Y,-,-,N,,,,,,,,,,N,4,0,1,2,A,-,09,21802,A,N,D,C,A,A,H,-,A,D,0,,,,,Y,,D,22,0,0,1,0,0,0,0,0,0,"- ","- ",,,ALAMEDA,OAKLAND,-122.29892730712891,37.807353973388672
9566772,2022,2023-05-15,0109,2022-11-30,2249,8881,1,3,5,7,0109,0,0,0,,0,19X,EMBARCADERO,"16TH AV",27.00,W,N,A,-,N,,,,,,,,,,Y,2,0,1,2,A,-,05,21650,1,N,H,G,A,A,H,-,C,A,0,,Y,,,Y,,L,04,1,0,0,0,0,0,1,0,0,"- ","- ",,,ALAMEDA,OAKLAND,-122.24327850341797,37.784156799316406
9567173,2023,2023-05-01,0100,2023-04-13,2130,2298,DUBLI,4,5,4,0198,0,0,0,,0,072,"DOUGHERTY RD","FALL CREEK RD",0.00,,Y,A,-,N,,,,,,,,,,Y,3,0,1,2,A,-,09,21801,A,N,D,C,A,A,H,-,C,D,0,,,,,Y,,A,01,0,1,0,0,0,0,0,0,0,"- ","- ",,,ALAMEDA,DUBLIN,,
9567558,2023,2023-06-02,0112,2023-05-07,1811,392,,7,5,5,0112,0,0,0,,0,003,"E 14H ST","E 14TH ST 14100",0.00,,N,A,-,N,,,,,,,,,,Y,4,0,1,2,A,-,03,22350,,F,B,C,A,A,H,-,A,D,0,,,,,Y,,-,,0,0,1,0,0,0,0,0,0,"- ","- ",37.712940216064453,-122.13961791992188,ALAMEDA,"SAN LEANDRO",,
9567629,2023,2023-05-30,0108,2023-05-05,2203,12352,6,5,5,4,0108,0,0,0,,0,001,"THORNTON AV","GATEWAY BL",9.00,W,N,C,-,N,,,,,,,,,,Y,4,0,2,2,A,-,03,22350,,N,D,C,A,B,H,-,C,A,0,,,,,Y,,A,01,0,0,2,0,0,0,0,0,0,"- ","- ",37.535938262939453,-122.06523895263672,ALAMEDA,NEWARK,-122.06512451171875,37.536052703857422
9567856,2023,2023-06-13,0112,2023-05-20,1011,395,,6,5,5,0112,0,0,0,,0,005,"SPRINGLAKE DR","RT 238",0.00,,Y,B,-,N,,,,,,,,,,Y,3,0,3,2,A,-,12,21453,A,N,D,C,A,A,H,-,A,A,0,,,,,Y,,-,,0,2,1,0,0,0,0,0,0,"- ",NF,,,ALAMEDA,"SAN LEANDRO",,
9567916,2023,2023-06-08,0109,2023-03-08,"925 ",10037,2,3,5,7,0109,0,0,0,,0,30X,"78TH AV","WELD ST",0.00,,Y,B,-,N,,,,,,,,,,N,3,0,1,2,A,-,12,22450,,M,A,C,A,A,H,-,A,A,0,,,,,Y,,A,01,0,1,0,0,0,0,0,0,0,"- ","- ",,,ALAMEDA,OAKLAND,,
9567937,2023,2023-06-06,0109,2023-02-03,1816,10055,2,5,5,7,0109,0,0,0,,0,26Y,"INTERNATIONAL BL","71ST AV",25.00,E,N,B,-,N,,,,,,,,,,N,4,0,1,4,A,-,21,22106,,N,B,C,A,A,H,-,B,A,0,,,,,Y,,A,01,0,0,1,0,0,0,0,0,0,"- ","- ",,,ALAMEDA,OAKLAND,-122.18903350830078,37.760124206542969
9568088,2023,2023-04-27,0103,2023-03-27,"850 ",104,,1,5,6,0103,0,0,0,,0,009,"ASHBY AV","HARPER ST",0.00,,Y,A,-,Y,ALA,4,13,-,-,12.380,I,5,S,Y,2,0,1,2,A,-,09,21801,A,F,D,C,A,A,H,-,A,A,0,,,Y,,Y,,A,01,1,0,0,0,0,0,0,0,1,"- ","- ",37.854160308837891,-122.27217102050781,ALAMEDA,BERKELEY,-122.27223205566406,37.854164123535156
9568155,2023,2023-04-27,0103,2023-03-15,1606,19,34,3,5,6,0103,0,0,0,,0,009,"ASHBY AV","CALIFORNIA ST",0.00,,Y,A,-,Y,ALA,4,13,-,-,12.640,I,5,S,Y,3,0,1,2,A,-,09,21802,A,N,D,C,A,A,H,-,A,D,0,,,,,Y,Y,A,01,0,1,0,0,0,0,0,0,0,"- ","- ",37.853549957275391,-122.27693176269531,ALAMEDA,BERKELEY,-122.27694702148438,37.853565216064453
9568159,2023,2023-04-27,0103,2023-03-18,1701,32,,6,5,6,0103,0,0,0,,0,013,"SAN PABLO AV","OREGON ST",0.00,,Y,A,-,Y,ALA,4,123,-,-,2.120,I,5,S,N,2,0,1,2,A,-,09,21801,A,N,D,G,A,A,H,-,A,A,0,,Y,,,Y,,A,01,1,0,0,0,0,0,1,0,0,"- ","- ",37.85491943359375,-122.28755950927734,ALAMEDA,BERKELEY,-122.28768920898438,37.854911804199219
9568196,2023,2023-05-08,0112,2023-04-10,1732,301,,1,5,5,0112,0,0,0,,0,001,"E 14TH ST","E 14TH ST 355",0.00,,-,A,-,Y,ALA,4,185,-,-,6.330,H,-,S,N,4,0,3,4,A,-,17,21208,A,M,A,C,A,A,H,-,A,A,0,,Y,,,Y,,L,04,0,0,3,0,0,0,3,0,0,"- ","- ",,,ALAMEDA,"SAN LEANDRO",-122.16225433349609,37.733196258544922
9568271,2023,2023-05-04,0109,2023-04-11,1235,315,,2,5,7,0109,0,0,0,,0,,"E ST","106TH AV",0.00,,Y,A,-,N,,,,,,,,,,N,4,0,1,3,A,-,01,23152,A,M,B,E,A,A,H,-,A,D,0,,,,,Y,Y,A,01,0,0,1,0,0,0,0,0,0,"- ","- ",,,ALAMEDA,OAKLAND,,
9568345,2022,2023-03-29,0113,2022-11-27,1826,4696,R119,7,5,5,0113,0,0,0,,0,004,"CREST LN","MEDALLION DR",265.00,W,N,A,-,N,,,,,,,,,,Y,3,0,1,2,A,-,01,23152,A,N,C,E,A,A,H,-,C,A,0,,,,,Y,Y,A,01,0,1,0,0,0,0,0,0,0,"- ","- ",,,ALAMEDA,"UNION CITY",-122.05262756347656,37.604423522949219
9568720,2023,2023-05-31,0111,2023-04-28,1956,345,,5,5,5,0111,0,0,0,,0,001,"FOOTHILL RD","MOLLER RANCH DR",0.00,,Y,A,-,N,,,,,,,,,,,4,0,1,2,A,-,06,21750,,M,E,I,A,A,H,-,B,A,0,,,Y,,Y,,C,02,0,0,1,0,0,0,0,0,1,"- ","- ",,,ALAMEDA,PLEASANTON,,
9568856,2023,2023-05-31,0112,2023-04-29,2500,398,,6,5,5,0112,0,0,0,,0,005,"E 14TH ST","150TH AV",0.00,,Y,A,-,Y,ALA,,185," "," ",3.703,H,,R,Y,4,0,2,3,A,-,03,22350,,N,C,C,A,A,H,-,C,A,0,,,,,Y,,A,01,0,0,2,0,0,0,0,0,0,"- ","- ",37.705921173095703,-122.12949371337891,ALAMEDA,"SAN LEANDRO",-122.12944793701172,37.705959320068359
9568872,2023,2023-06-05,0103,2023-04-03,"717 ",112,,1,5,6,0103,0,0,0,,0,011,"RT 123","RT 13",0.00,,Y,A,-,Y,ALA,4,13,-,-,13.178,I,5,N,Y,4,0,2,2,A,-,09,21801,A,N,A,C,A,A,H,-,A,A,0,,,,,Y,,A,01,0,0,2,0,0,0,0,0,0,"- ","- ",37.852138519287109,-122.28668212890625,ALAMEDA,BERKELEY,-122.28665161132812,37.8521728515625
9568905,2023,2023-06-07,0103,2023-04-12,1644,17,,3,5,6,0103,0,0,0,,0,007,"TUNNEL RD","THE UPLANDS",0.00,,Y,A,-,Y,ALA,4,13,-,-,10.410,H,-,S,,4,0,1,3,A,-,03,22350,,F,C,C,A,A,H,-,A,A,0,,,,,Y,,A,01,0,0,1,0,0,0,0,0,0,"- ","- ",37.854541778564453,-122.23754119873047,ALAMEDA,BERKELEY,-122.23979949951172,37.855659484863281
9568913,2023,2023-06-07,0103,2023-04-19,1345,52,,3,5,6,0103,0,0,0,,0,007,"TUNNEL RD","DOMINGO AV",0.00,,Y,A,-,Y,ALA,4,13,-,-,10.680,H,-,N,N,4,0,1,2,A,-,08,22107,,N,B,C,A,A,H,-,A,A,0,,,,,Y,,A,01,0,0,1,0,0,0,0,0,0,"- ","- ",37.858291625976562,-122.24472808837891,ALAMEDA,BERKELEY,-122.24367523193359,37.858066558837891
9568940,2023,2023-06-19,0109,2023-03-03,1029,10071,1,5,5,7,0109,0,0,0,,0,17X,"E 18TH ST","5TH AV",0.00,,Y,A,-,N,,,,,,,,,,N,4,0,1,2,A,-,12,21453,A,N,D,C,A,A,H,-,A,A,0,,,,,Y,,A,01,0,0,1,0,0,0,0,0,0,"- ","- ",,,ALAMEDA,OAKLAND,,
9569072,2023,2023-06-13,0111,2023-05-18,"818 ",356,,4,5,5,0111,0,0,0,,0,005,"SUNOL BL","RT 680",0.00,,Y,A,-,Y,ALA,4,680,-,R,12.611,R,4,N,Y,3,0,1,3,A,-,09,21801,A,N,A,C,A,A,H,-,A,D,0,,,,,Y,,A,01,0,1,0,0,0,0,0,0,0,"- ",NO,,,ALAMEDA,PLEASANTON,-121.87162780761719,37.603122711181641
9569498,2023,2023-07-19,0102,2023-06-17,1440,AW0629,2,6,5,3,0102,0,0,0,,0,001,"SAN PABLO AV","PORTLAND AV",0.00,,N,A,-,Y,ALA,4,123,-,-,4.860,H,-,N,N,4,0,2,2,A,-,03,22350,,N,C,C,A,A,H,-,A,D,0,,,,,Y,,A,01,0,0,2,0,0,0,0,0,0,"- ","- ",,,ALAMEDA,ALBANY,-122.29989624023438,37.893268585205078
9569509,2023,2023-07-13,0112,2023-06-12,2306,410,,1,5,5,0112,0,0,0,,0,001,"RT 185","RT 112",0.00,,Y,A,-,Y,ALA,4,112,-,-,1.781,I,5,E,Y,4,0,1,2,A,-,12,21453,A,N,D,C,A,A,H,-,C,A,0,,,,,Y,,-,,0,0,1,0,0,0,0,0,0,"- ","- ",37.257209777832031,-122.15693664550781,ALAMEDA,"SAN LEANDRO",-122.15690612792969,37.725807189941406
9569520,2023,2023-07-06,0109,2023-04-19,1100,10071,1,3,5,7,0109,0,0,0,,0,07X,"TELEGRAPH AV","43RD ST",0.00,,Y,A,-,N,,,,,,,,,,N,3,0,1,2,D,-,00,,,F,G,C,A,A,H,-,A,A,0,,,,,Y,,-,"- ",0,1,0,0,0,0,0,0,0,"- ","- ",,,ALAMEDA,OAKLAND,,
9569556,2023,2023-07-12,0113,2023-03-15,"811 ",3412,A042,3,5,5,0113,0,0,0,,0,004,"RT 238","TAMARACK DR",457.00,S,N,A,-,Y,ALA,4,238,-,-,7.290,H,-,S,Y,2,0,1,2,A,-,11,21955,,N,G,B,D,A,H,-,A,A,0,Y,,,,Y,,N,60,1,0,0,0,1,0,0,0,0,"- ","- ",,,ALAMEDA,"UNION CITY",-122.02201080322266,37.607826232910156
9569948,2023,2023-04-28,0102,2023-03-30,1232,AM251593,5,4,5,3,0102,0,0,0,,0,002,SOLANO,MASONIC,0.00,,Y,A,-,N,,,,,,,,,,N,3,0,1,3,A,-,03,22350,,N,C,C,A,A,H,-,A,D,0,,,,Y,Y,,F,26,0,1,0,0,0,0,0,0,0,"- ","- ",37.890579223632812,-122.2935791015625,ALAMEDA,ALBANY,,
9570965,2023,2023-05-05,0109,2023-04-11,"905 ",8347,1,2,5,7,0109,0,0,0,,0,03X,"WEBSTER ST","13TH ST",0.00,,Y,A,-,N,,,,,,,,,,Y,4,0,2,2,A,-,12,21453,A,N,D,C,A,A,H,-,A,A,0,,,,,Y,,A,01,0,0,2,0,0,0,0,0,0,"- ","- ",,,ALAMEDA,OAKLAND,,
9570969,2023,2023-04-27,0109,2023-03-02,1432,8347,1,4,5,7,0109,0,0,0,,0,11X,"SHATTUCK AV","AILEEN ST",84.00,S,N,A,-,N,,,,,,,,,,N,4,0,1,2,A,-,03,22350,,N,C,C,A,A,H,-,A,D,0,,,,,Y,,A,01,0,0,1,0,0,0,0,0,0,"- ","- ",,,ALAMEDA,OAKLAND,-122.26470947265625,37.841781616210938
9571330,2023,2023-04-25,0109,2023-03-16,1240,9224,2,4,5,7,0109,0,0,0,,0,23X,"35TH AV","E 18TH ST",0.00,,Y,A,-,N,,,,,,,,,,N,3,0,3,2,A,-,09,21802,A,N,D,C,A,A,H,-,A,A,0,,,,,Y,,A,01,0,1,2,0,0,0,0,0,0,"- ","- ",,,ALAMEDA,OAKLAND,,
9571331,2023,2023-04-25,0109,2023-03-18,"605 ",10051,1,6,5,7,0109,0,0,0,,0,17X,"15TH AV","COMMERCE WY",5.00,W,N,A,-,N,,,,,,,,,,N,4,0,1,2,A,-,08,22107,,M,G,G,A,A,H,-,B,D,0,,Y,,,Y,,A,01,0,0,1,0,0,0,1,0,0,"- ","- ",,,ALAMEDA,OAKLAND,-122.24247741699219,37.791877746582031
9571338,2023,2023-05-03,0109,2023-03-20,1520,9889,2,1,5,7,0109,0,0,0,,0,27X,"HIGH ST","YGNACIO AV",0.00,,Y,A,-,N,,,,,,,,,,N,4,0,2,2,A,-,12,21453,A,N,A,C,A,A,H,-,A,A,0,,,,,Y,,-,"- ",0,0,2,0,0,0,0,0,0,"- ","- ",,,ALAMEDA,OAKLAND,,
9571339,2023,2023-05-10,0109,2023-03-22,1100,10079,2,3,5,7,0109,0,0,0,,0,,"42ND AV",INTERNATIONAL,0.00,,Y,B,-,N,,,,,,,,,,N,4,0,1,2,A,-,09,21801,A,M,D,C,A,A,H,-,A,A,0,,,,Y,Y,,F,25,0,0,1,0,0,0,0,0,0,"- ","- ",,,ALAMEDA,OAKLAND,,
9572074,2023,2023-05-09,0111,2023-04-07,1148,307,,5,5,5,0111,0,0,0,,0,005,"GERMANO WY","E RUBY HILL DR",130.00,W,N,B,-,N,,,,,,,,,,Y,2,0,1,1,A,-,03,22350,,N,E,J,A,A,H,-,A,D,0,,,,,Y,,A,01,1,0,0,0,0,0,0,0,0,"- ","- ",,,ALAMEDA,PLEASANTON,-121.80218505859375,37.635746002197266
9572075,2023,2023-05-09,0111,2023-04-11,1324,358,,2,5,5,0111,0,0,0,,0,001,"STONERIDGE MALL RD","GENOMICS PL",0.00,,Y,A,-,N,,,,,,,,,,Y,4,0,2,2,A,-,09,21453,C,N,D,C,A,A,H,-,A,A,0,,,,,Y,,A,01,0,0,2,0,0,0,0,0,0,"- ","- ",,,ALAMEDA,PLEASANTON,,
9572563,2023,2023-05-11,0112,2023-04-10,1223,389,,1,5,5,0112,0,0,0,,0,006,"WICKS BL","MANOR BL",0.00,,N,A,-,N,,,,,,,,,,Y,4,0,1,3,A,-,04,21703,,N,C,C,A,A,H,-,A,A,0,,,,,Y,,-,,0,0,1,0,0,0,0,0,0,"- ","- ",37.689849853515625,-122.16259765625,ALAMEDA,"SAN LEANDRO",,
9572568,2023,2023-05-11,0112,2023-04-15,1051,390,,6,5,5,0112,0,0,0,,0,006,"WASHINGTON AV","FARGO AV",0.00,,Y,A,-,N,,,,,,,,,,N,4,0,1,2,A,-,08,22107,,N,D,C,A,A,H,-,A,A,0,,,,,Y,,-,,0,0,1,0,0,0,0,0,0,"- ","- ",,,ALAMEDA,"SAN LEANDRO",,
9574180,2023,2023-04-27,0103,2023-03-15,1544,S29,29,3,5,6,0103,0,0,0,,0,006,"FULTON AV","BANCROFT WY",93.00,S,N,A,-,N,,,,,,,,,,N,2,0,1,2,A,-,11,21954,A,N,G,B,E,A,H,-,A,A,0,Y,,,,Y,,N,60,1,0,0,0,1,0,0,0,0,"- ","- ",,,ALAMEDA,BERKELEY,-122.26588439941406,37.867588043212891
9574208,2023,2023-04-24,0103,2023-03-02,1122,112,,4,5,6,0103,0,0,0,,0,012,UNIVERSITY,"SAN PABLO AV",270.00,E,N,A,-,N,,,,,,,,,,N,3,0,1,2,A,-,10,21952,,N,G,B,F,A,H,-,A,A,0,Y,,,,Y,,A,01,0,1,0,0,1,0,0,0,0,"- ","- ",37.868938446044922,-122.29087829589844,ALAMEDA,BERKELEY,-122.29116821289062,37.869274139404297
9574239,2023,2023-04-24,0103,2023-03-22,1558,112,,3,5,6,0103,0,0,0,,0,012,ALLSTON,SACRAMENTO,0.00,,Y,A,-,N,,,,,,,,,,N,3,0,1,2,A,-,12,21453,A,N,D,G,A,A,H,-,A,A,0,,Y,,,Y,,L,04,0,1,0,0,0,0,1,0,0,"- ","- ",37.867389678955078,-122.28163909912109,ALAMEDA,BERKELEY,,
9574241,2023,2023-04-21,0103,2023-03-30,1725,45,,4,5,6,0103,0,0,0,,0,016,CHESTNUT,UNIVERSITY,0.00,,Y,A,-,N,,,,,,,,,,N,3,0,1,2,A,-,17,23110,A,F,G,B,B,A,H,-,A,D,0,Y,,,,Y,,N,60,0,1,0,0,1,0,0,0,0,"- ","- ",37.86962890625,-122.28803253173828,ALAMEDA,BERKELEY,,
9574246,2023,2023-04-21,0103,2023-03-26,"404 ",56,20,7,5,6,0103,0,0,0,,0,015,"WEST FRONTAGE",GILMAN,0.00,,Y,A,-,N,,,,,,,,,,Y,3,0,1,1,A,-,01,23152,A,N,E,I,A,A,H,-,C,D,0,,,,,Y,Y,A,01,0,1,0,0,0,0,0,0,0,"- ","- ",37.880020141601562,-122.31011962890625,ALAMEDA,BERKELEY,,
9574253,2023,2023-04-25,0103,2023-03-09,1903,13,,4,5,6,0103,0,0,0,,0,007,ASHBY,COLLEGE,0.00,,Y,C,-,N,,,,,,,,,,Y,2,0,1,2,A,-,09,21801,A,N,A,C,A,B,H,-,C,A,0,,,,,Y,,A,01,1,0,0,0,0,0,0,0,0,"- ","- ",37.857040405273438,-122.25303649902344,ALAMEDA,BERKELEY,,