CASE_ID,ACCIDENT_YEAR,PROC_DATE,JURIS,COLLISION_DATE,COLLISION_TIME,OFFICER_ID,REPORTING_DISTRICT,DAY_OF_WEEK,CHP_SHIFT,POPULATION,CNTY_CITY_LOC,SPECIAL_COND,BEAT_TYPE,CHP_BEAT_TYPE,CITY_DIVISION_LAPD,CHP_BEAT_CLASS,BEAT_NUMBER,PRIMARY_RD,SECONDARY_RD,DISTANCE,DIRECTION,INTERSECTION,WEATHER_1,WEATHER_2,STATE_HWY_IND,CALTRANS_COUNTY,CALTRANS_DISTRICT,STATE_ROUTE,ROUTE_SUFFIX,POSTMILE_PREFIX,POSTMILE,LOCATION_TYPE,RAMP_INTERSECTION,SIDE_OF_HWY,TOW_AWAY,COLLISION_SEVERITY,NUMBER_KILLED,NUMBER_INJURED,PARTY_COUNT,PRIMARY_COLL_FACTOR,PCF_CODE_OF_VIOL,PCF_VIOL_CATEGORY,PCF_VIOLATION,PCF_VIOL_SUBSECTION,HIT_AND_RUN,TYPE_OF_COLLISION,MVIW,PED_ACTION,ROAD_SURFACE,ROAD_COND_1,ROAD_COND_2,LIGHTING,CONTROL_DEVICE,CHP_ROAD_TYPE,PEDESTRIAN_ACCIDENT,BICYCLE_ACCIDENT,MOTORCYCLE_ACCIDENT,TRUCK_ACCIDENT,NOT_PRIVATE_PROPERTY,ALCOHOL_INVOLVED,STWD_VEHTYPE_AT_FAULT,CHP_VEHTYPE_AT_FAULT,COUNT_SEVERE_INJ,COUNT_VISIBLE_INJ,COUNT_COMPLAINT_PAIN,COUNT_PED_KILLED,COUNT_PED_INJURED,COUNT_BICYCLIST_KILLED,COUNT_BICYCLIST_INJURED,COUNT_MC_KILLED,COUNT_MC_INJURED,PRIMARY_RAMP,SECONDARY_RAMP,LATITUDE,LONGITUDE,COUNTY,CITY,POINT_X,POINT_Y
91769861,2022,2022-05-11,9330,2022-03-29,1900,022785,,2,2,6,0106,0,1,3,,1,037,"SR-92 W/B","ALAMEDA COUNTY LINE",200.00,E,N,A,-,Y,ALA,,92,,R,0.815,H,,L,N,4,0,1,2,A,-,03,22350,,N,C,9,A,A,H,-,C,D,0,,,,,Y,,A,01,0,0,1,0,0,0,0,0,0,"- ","- ",37.608558654785156,-122.18360900878906,ALAMEDA,HAYWARD,-122.18363189697266,37.608604431152344
91769906,2022,2022-05-11,9390,2022-05-04,1825,020368,,3,2,9,0100,0,1,1,,2,065,"I-680 NORTHBOUND","SHERIDAN ROAD",1584.00,S,N,A,-,Y,ALA,,680,,R,8.039,H,,R,Y,3,0,1,2,A,-,03,22350,,N,C,C,A,A,H,-,A,D,0,,,,,Y,,A,01,0,1,0,0,0,0,0,0,0,"- ","- ",37.560268402099609,-121.90965270996094,ALAMEDA,UNINCORPORATED,-121.90966033935547,37.560283660888672
91770533,2022,2022-05-12,9390,2022-05-07,2310,021947,,6,3,4,0198,0,1,1,,2,067,"I-680 SOUTHBOUND TO I-580 WESTBOUND",I-580,75.00,N,N,A,-,Y,ALA,,580,,,20.824,H,,R,Y,2,0,1,1,A,-,01,23152,A,N,E,J,A,A,H,-,C,D,0,,,,,Y,Y,A,01,1,0,0,0,0,0,0,0,0,"- ","- ",37.700958251953125,-121.92471313476562,ALAMEDA,DUBLIN,-121.92462158203125,37.700706481933594
91770563,2022,2022-05-12,9390,2022-05-06,1515,022322,,5,2,9,0100,0,1,1,,2,066,I-680,"SUNOL BLVD",2000.00,S,N,A,-,Y,,,,,,,,,,N,4,0,1,2,A,-,03,22350,,N,C,C,A,A,H,-,A,D,0,,,,,Y,,D,22,0,0,1,0,0,0,0,0,0,"- ","- ",37.383769989013672,-121.53211212158203,ALAMEDA,UNINCORPORATED,-121.88392639160156,37.634548187255859
91770686,2022,2022-05-12,9375,2022-05-06,0900,022262,,5,1,9,0100,0,3,5,,2,002,"WESTERN BLVD","CHERRY WAY",0.00,,Y,A,-,N,,,,,,,,,,N,4,0,1,2,A,-,03,22350,,M,D,G,A,A,H,-,A,A,0,,Y,,,Y,,-,99,0,0,1,0,0,0,1,0,0,"- ","- ",37.680568695068359,-122.10330200195312,ALAMEDA,UNINCORPORATED,-122.103271484375,37.680568695068359
91770801,2022,2022-05-12,9390,2022-05-10,1740,021964,,2,2,5,0111,0,1,1,,2,051,"I-580 W/B","HOPYARD RD.",1465.00,E,N,A,-,Y,ALA,,580,,,19.562,H,,R,N,3,0,1,3,A,-,03,22350,,N,C,C,A,A,H,-,A,D,0,,,,,Y,,A,01,0,1,0,0,0,0,0,0,0,"- ","- ",37.701980590820312,-121.90175628662109,ALAMEDA,PLEASANTON,-121.90175628662109,37.701892852783203
91771330,2022,2022-05-13,9390,2022-05-04,1600,020760,,3,2,9,0100,0,1,1,,2,054,"I-580 EASTBOUND","GRANT LINE ROAD",5280.00,W,N,A,-,Y,ALA,,580,,R,2.971,H,,L,N,3,0,2,2,A,-,03,22350,,N,C,C,A,A,H,-,A,D,0,,,Y,,Y,,C,02,0,1,1,0,0,0,0,0,1,"- ","- ",37.734710693359375,-121.61177825927734,ALAMEDA,UNINCORPORATED,-121.61178588867188,37.734725952148438
91771379,2022,2022-05-13,9345,2022-03-09,2145,022559,,3,2,6,0105,0,1,1,,2,070,"I-880 N/B","WARREN AVE",1848.00,N,N,A,-,Y,ALA,,880,,,2.779,H,,R,N,1,1,0,2,A,-,00,21960,A,N,G,B,E,A,H,-,C,D,0,Y,,,,Y,Y,N,60,0,0,0,1,0,0,0,0,0,"- ","- ",37.487899780273438,-121.94207000732422,ALAMEDA,FREMONT,-121.94204711914062,37.487918853759766
91771478,2022,2022-05-13,9345,2022-05-08,1325,022422,,7,1,9,0100,0,1,1,,2,074,"I-880 N/B (NIMITZ FREEWAY)","HACIENDA AVENUE",500.00,S,N,A,-,Y,ALA,,880,,,19.218,H,,R,N,4,0,1,4,A,-,03,22350,,N,C,C,A,A,H,-,A,D,0,,,,,Y,,A,08,0,0,1,0,0,0,0,0,0,"- ","- ",37.676120758056641,-122.11659240722656,ALAMEDA,UNINCORPORATED,-122.11650848388672,37.676181793212891
91771499,2022,2022-05-13,9345,2022-05-08,2100,022422,,7,2,9,0100,0,1,1,,2,074,"I-880 S/B (NIMITZ FREEWAY)","'A"" STREET""""""",50.00,N,N,A,-,Y,,,,,,,,,,N,4,0,1,2,A,-,03,22350,,N,C,C,A,A,H,-,C,A,0,,,,,Y,,A,07,0,0,1,0,0,0,0,0,0,"- ","- ",37.666450500488281,-122.10839080810547,ALAMEDA,UNINCORPORATED,-122.10807037353516,37.666648864746094
91771600,2022,2022-05-13,9345,2022-05-02,0728,022422,,1,1,6,0106,0,1,1,,2,073,"I-880 S/B (NIMITZ FREEWAY)","WINTON AVENUE",18.00,N,N,A,-,Y,ALA,,880,,,17.613,H,,L,N,2,0,1,2,A,-,07,21658,A,N,B,C,A,A,H,-,A,D,0,,,Y,,Y,,A,07,1,0,0,0,0,0,0,0,1,"- ","- ",37.656558990478516,-122.10163879394531,ALAMEDA,HAYWARD,-122.10170745849609,37.656532287597656
91771607,2022,2022-05-13,9345,2022-05-04,0430,022236,,3,3,5,0112,0,1,1,,2,075,"I-880 SB","MARINA BOULEVARD",2640.00,N,N,B,-,Y,ALA,,880,,,23.312,H,,L,N,4,0,1,2,A,-,03,22350,,M,C,C,A,A,H,-,C,D,0,,,,,Y,,-,99,0,0,1,0,0,0,0,0,0,"- ","- ",37.715198516845703,-122.17304229736328,ALAMEDA,"SAN LEANDRO",-122.17295837402344,37.715251922607422
91771622,2022,2022-05-13,9345,2022-05-06,2205,022236,,5,3,5,0113,0,1,1,,2,072,"I-880 S/B","ALVARADO BLVD",0.70,N,N,A,-,Y,ALA,,880,,,12.265,H,,L,Y,2,0,2,2,A,-,03,22350,,N,C,C,A,A,H,-,C,D,0,,,,,Y,,A,01,1,0,1,0,0,0,0,0,0,"- ","- ",37.588829040527344,-122.05403900146484,ALAMEDA,"UNION CITY",-122.05402374267578,37.588836669921875
91771626,2022,2022-05-13,9345,2022-05-07,1210,022422,,6,1,5,0112,0,1,1,,2,075,"I-880 N/B (NIMITZ FREEWAY)","DAVIS STREET",1000.00,N,N,A,-,Y,ALA,,880,,,24.114,H,,R,N,4,0,1,3,A,-,03,22350,,N,C,C,A,A,H,-,A,D,0,,,,,Y,,A,01,0,0,1,0,0,0,0,0,0,"- ","- ",37.724399566650391,-122.18195343017578,ALAMEDA,"SAN LEANDRO",-122.18193054199219,37.724411010742188
91771663,2022,2022-05-13,9345,2022-04-25,1530,022549,,1,2,6,0106,1,4,S,,2,901,"TENNYSON RD","O'HARRON DRIVE",0.00,,Y,A,-,N,,,,,,,,,,N,4,0,1,1,A,-,08,22107,,N,H,A,A,A,H,-,A,D,0,,,,,Y,,H,18,0,0,1,0,0,0,0,0,0,"- ","- ",37.635410308837891,-122.06069946289062,ALAMEDA,HAYWARD,-122.06060028076172,37.635372161865234
91771718,2022,2022-05-13,9345,2022-05-11,1148,021220,,3,1,6,0106,0,1,3,,2,092,"I-880 S/B TO SR-92 W/B","I-880 S/B",528.00,W,N,A,-,Y,ALA,,92,,,6.292,H,,R,N,4,0,1,1,A,-,03,22350,,N,E,I,A,A,H,-,A,D,0,,,,,Y,,A,07,0,0,1,0,0,0,0,0,0,"- ","- ",37.642810821533203,-122.09483337402344,ALAMEDA,HAYWARD,-122.09483337402344,37.642810821533203
91771763,2022,2022-05-13,9370,2022-04-08,0002,022858,,5,3,7,0109,0,1,1,,2,177,"I-880 N/B","5TH AVE",2630.00,N,N,A,-,Y,,,,,,,,,,Y,3,0,1,1,A,-,01,23152,A,N,E,I,A,A,H,-,D,D,0,,,,,Y,Y,A,07,0,1,0,0,0,0,0,0,0,"- ","- ",37.471889495849609,-122.15345764160156,ALAMEDA,OAKLAND,-122.26517486572266,37.794582366943359
91771803,2022,2022-05-13,9370,2022-05-04,0722,022816,,3,1,7,0109,0,1,1,,2,052,"I-580 E/B",106TH,2100.00,W,N,A,-,Y,ALA,,580,,R,35.999,H,,R,N,4,0,1,2,A,-,01,23152,A,N,B,C,A,A,H,-,A,D,0,,,,,Y,Y,A,07,0,0,1,0,0,0,0,0,0,"- ","- ",37.748779296875,-122.15087890625,ALAMEDA,OAKLAND,-122.15069580078125,37.748836517333984
91772320,2022,2022-05-16,9370,2022-04-19,1523,021093,,2,2,7,0109,0,1,1,,2,008,"I-80 E/B","W GRAND AVE",2940.00,E,N,A,-,Y,ALA,,80,,,2.783,H,,R,Y,4,0,2,3,A,-,03,22350,,N,C,C,A,A,H,-,A,D,0,,,,,Y,,A,01,0,0,2,0,0,0,0,0,0,"- ","- ",37.826389312744141,-122.29959869384766,ALAMEDA,OAKLAND,-122.29958343505859,37.826347351074219
91772433,2022,2022-05-16,9370,2022-04-21,0639,022798,,4,1,7,0109,0,1,1,,2,055,"I-580 W/B TO I-80 E/B","BEACH STREET",340.00,W,N,B,-,Y,ALA,,580,,,46.502,H,,R,Y,4,0,1,2,A,-,03,22350,,N,C,C,A,B,H,-,A,D,0,,,,,Y,,D,22,0,0,1,0,0,0,0,0,0,"- ","- ",37.827911376953125,-122.29218292236328,ALAMEDA,OAKLAND,-122.29222106933594,37.827838897705078
91772511,2022,2022-05-16,9345,2022-04-19,1410,022131,,2,2,6,0106,0,1,3,,2,092,"SR-92 WESTBOUND","HESPERIAN BOULEVARD",40.00,W,N,A,-,Y,,,,,,,,,,N,2,0,1,1,A,-,08,22107,,F,E,I,A,A,H,-,A,D,0,,,,,Y,,A,07,1,0,0,0,0,0,0,0,0,"- ","- ",37.637088775634766,-122.10085296630859,ALAMEDA,HAYWARD,-122.10006713867188,37.6363525390625
91772525,2022,2022-05-16,9345,2022-05-03,0025,022705,,2,3,6,0105,0,1,1,,2,071,"I-880 NORTHBOUND (NIMITZ FREEWAY)","MOWRY AVENUE",3960.00,N,N,A,-,Y,ALA,,880,,,7.945,H,,R,N,3,0,2,2,A,-,03,22350,,F,C,C,A,A,H,-,D,D,0,,,,,Y,,A,01,0,1,1,0,0,0,0,0,0,"- ","- ",37.536151885986328,-122.01351928710938,ALAMEDA,FREMONT,-122.01353454589844,37.536136627197266
91772620,2022,2022-05-16,9370,2022-05-09,1955,022821,,1,2,7,0109,0,1,1,,2,054,"I-580 W/B","LAKESHORE AVE",60.00,E,N,A,-,Y,ALA,,580,,,43.481,H,,L,N,2,0,1,2,A,-,11,21954,A,N,G,B,E,A,H,-,A,D,0,Y,,,,Y,,N,60,1,0,0,0,1,0,0,0,0,"- ","- ",37.809791564941406,-122.24609375,ALAMEDA,OAKLAND,-122.24620056152344,37.809555053710938
91772642,2022,2022-05-16,9390,2022-05-08,0130,022215,,7,3,9,0100,0,1,1,,2,065,"I-680 S/B","ANDRADE RD",3960.00,S,N,A,-,Y,ALA,,680,,R,9.314,H,,L,Y,3,0,2,1,A,-,08,22107,,N,E,I,A,A,H,-,D,D,0,,,,,Y,,A,01,0,1,1,0,0,0,0,0,0,"- ","- ",37.571208953857422,-121.89118194580078,ALAMEDA,UNINCORPORATED,-121.89103698730469,37.571048736572266
91772788,2022,2022-05-16,9345,2022-05-08,2315,022620,,7,3,6,0105,0,1,1,,2,071,"I-880 SOUTHBOUND","DECOTO ROAD",1584.00,S,N,A,-,Y,ALA,,880,,,9.946,H,,L,Y,3,0,3,2,A,-,07,21658,A,N,B,2,A,A,H,-,C,D,0,,,,,Y,,A,01,0,1,2,0,0,0,0,0,0,"- ","- ",37.559581756591797,-122.03434753417969,ALAMEDA,FREMONT,-122.03437805175781,37.559558868408203
91772846,2022,2022-05-16,9390,2022-05-08,1820,022322,,7,2,9,0100,0,1,3,,1,223,"SR-84 / NILES CANYON ROAD","PALOMARES ROAD",4800.00,E,N,A,-,Y,,,,,,,,,,Y,4,0,1,4,A,-,03,22350,,N,B,C,A,A,H,-,A,D,0,,,,,Y,,D,22,0,0,1,0,0,0,0,0,0,"- ","- ",37.354419708251953,-121.55490875244141,ALAMEDA,UNINCORPORATED,-121.93744659423828,37.592571258544922
91773056,2022,2022-05-16,9375,2022-05-04,1730,022163,,3,2,9,0100,0,3,5,,2,003,"JOHN DR","CASTRO VALLEY BLVD",540.00,N,N,A,-,N,,,,,,,,,,N,3,0,2,2,A,-,08,22107,,N,D,C,A,A,H,-,A,A,0,,,Y,,Y,,C,03,0,1,1,0,0,0,0,0,1,"- ","- ",37.691799163818359,-122.09239196777344,ALAMEDA,UNINCORPORATED,-122.09201049804688,37.69207763671875
91773129,2022,2022-05-16,9390,2022-05-08,1830,022149,,7,2,9,0100,0,1,3,,2,330,"SR-84 / VALLECITOS ROAD","RUBY HILL",4600.00,W,N,B,-,Y,ALA,,84,,R,22.278,H,,R,Y,4,0,2,5,A,-,03,22350,,N,B,C,A,A,H,-,A,D,0,,,,,Y,,D,22,0,0,2,0,0,0,0,0,0,"- ","- ",37.621448516845703,-121.80931854248047,ALAMEDA,UNINCORPORATED,-121.80924987792969,37.621433258056641
91773220,2022,2022-05-16,9375,2022-05-05,1825,022530,,4,2,9,0100,0,2,4,,1,042,"REDWOOD RD","PINE STREET",400.00,S,N,A,-,N,,,,,,,,,,N,4,0,1,2,A,-,03,22350,,N,C,C,A,A,H,-,A,A,0,,,,,Y,,A,07,0,0,1,0,0,0,0,0,0,"- ","- ",37.693290710449219,-122.07234191894531,ALAMEDA,UNINCORPORATED,-122.07366943359375,37.691032409667969
91773249,2022,2022-05-16,9375,2022-05-05,1340,022470,,4,1,9,0100,0,1,1,,2,581,"I-580 E/B","EDEN CANYON ROAD",715.00,W,N,A,-,Y,ALA,,580,,R,26.383,H,,L,Y,4,0,2,3,A,-,03,22350,,M,C,C,A,A,H,-,A,D,0,,,,,Y,,A,01,0,0,2,0,0,0,0,0,0,"- ","- ",37.700759887695312,-122.02362823486328,ALAMEDA,UNINCORPORATED,-122.02362823486328,37.700729370117188
91773252,2022,2022-05-16,9375,2022-05-06,1410,022470,,5,2,9,0100,0,3,5,,2,001,"GRANT AVENUE","WASHINGTON AVENUE",25.00,W,N,A,-,N,,,,,,,,,,N,4,0,1,2,A,-,21,22106,,N,D,C,A,A,H,-,A,A,0,,,,,Y,,M,94,0,0,1,0,0,0,0,0,0,"- ","- ",37.679618835449219,-122.13720703125,ALAMEDA,UNINCORPORATED,-122.13699340820312,37.679557800292969
91773331,2022,2022-05-17,9370,2022-04-22,0120,022845,,5,3,7,0109,0,1,3,,2,024,"SR-24 W/B","46TH STREET",240.00,E,N,A,-,Y,ALA,,24,,R,2.565,H,,L,Y,4,0,1,2,A,-,07,21658,A,M,B,C,A,A,H,-,D,D,0,,,,,Y,,A,01,0,0,1,0,0,0,0,0,0,"- ","- ",37.834598541259766,-122.26622772216797,ALAMEDA,OAKLAND,-122.26624298095703,37.834602355957031
91773704,2022,2022-05-17,9390,2022-05-09,0940,021817,,1,1,6,0105,0,1,1,,2,064,"I-680 SOUTHBOUND",SR-262,528.00,S,N,A,-,Y,,,,,,,,,,N,4,0,2,2,A,-,03,22350,,N,C,C,A,A,H,-,A,A,0,,,,,Y,,A,01,0,0,2,0,0,0,0,0,0,"- ","- ",37.483669281005859,-121.9146728515625,ALAMEDA,FREMONT,-121.91425323486328,37.483860015869141
91773807,2022,2022-05-17,9390,2022-05-11,0625,020395,,3,1,5,0107,0,1,1,,2,053,"INTERSTATE 580 (EASTBOUND)","GREENVILLE ROAD",1320.00,W,N,A,-,Y,ALA,,580,,R,8.558,H,,L,Y,2,0,3,3,A,-,03,22350,,N,C,C,A,A,H,-,A,D,0,,,,,Y,,A,08,2,1,0,0,0,0,0,0,0,"- ","- ",37.716690063476562,-121.70527648925781,ALAMEDA,LIVERMORE,-121.70526885986328,37.716659545898438
91773938,2022,2022-05-17,9375,2022-05-07,1515,022579,,6,2,9,0100,0,1,1,,2,580,"I-580 W/B","FAIRMONT DR. OVERCROSSING",600.00,S,N,A,-,Y,ALA,,580,,R,32.637,H,,L,N,3,0,1,1,C,-,18,,,N,E,H,A,A,H,-,A,D,0,,,,,Y,,-,"- ",0,1,0,0,0,0,0,0,0,"- ","- ",37.707729339599609,-122.12149047851562,ALAMEDA,UNINCORPORATED,-122.12168884277344,37.707561492919922
91773948,2022,2022-05-17,9375,2022-05-07,2335,022773,,6,3,9,0100,0,3,5,,2,004,"NORRIS CANYON ROAD","CROW CANYON RD",570.00,E,N,A,-,N,,,,,,,,,,Y,4,0,1,1,A,-,01,23152,A,N,H,I,A,A,H,-,D,D,0,,,,,Y,Y,A,01,0,0,1,0,0,0,0,0,0,"- ","- ",37.734401702880859,-122.03077697753906,ALAMEDA,UNINCORPORATED,-122.0308837890625,37.734184265136719
91774071,2022,2022-05-17,9375,2022-05-09,1445,022470,,1,2,9,0100,0,3,5,,2,002,"WILLOW AVENUE","MARYDEE COURT",0.00,,Y,A,-,N,,,,,,,,,,Y,4,0,1,2,A,-,03,22350,,N,C,C,A,A,H,-,A,D,0,,,,,Y,Y,A,07,0,0,1,0,0,0,0,0,0,"- ","- ",37.675640106201172,-122.10041046142578,ALAMEDA,UNINCORPORATED,-122.10034942626953,37.675655364990234
91774085,2022,2022-05-17,9375,2022-05-09,2120,022773,,1,2,9,0100,0,2,4,,1,012,"HESPERIAN BLVD","LEWELLING BLVD",26.00,N,N,A,-,N,,,,,,,,,,N,4,0,1,2,A,-,03,22350,,N,C,C,A,A,H,-,C,A,0,,,,,Y,,A,01,0,0,1,0,0,0,0,0,0,"- ","- ",37.6868896484375,-122.13008117675781,ALAMEDA,UNINCORPORATED,-122.13011932373047,37.686752319335938
91774831,2022,2022-05-18,9390,2022-05-12,1635,020760,,4,2,9,0100,0,1,1,,2,050,"I-580 EASTBOUND","SCHAEFER RANCH ROAD",2112.00,E,N,A,-,Y,ALA,,580,,R,23.334,H,,L,Y,4,0,2,2,A,-,03,22350,,N,C,C,A,A,H,-,A,D,0,,,,,Y,,A,01,0,0,2,0,0,0,0,0,0,"- ","- ",37.697029113769531,-121.96977996826172,ALAMEDA,UNINCORPORATED,-121.96977996826172,37.697124481201172
91775038,2022,2022-05-18,9345,2022-05-10,1730,022771,,2,2,6,0106,0,1,1,,2,072,"I-880 S/B","WHIPPLE ROAD",1584.00,N,N,A,-,Y,ALA,,880,,,13.989,H,,L,Y,3,0,1,3,A,-,03,22350,,N,C,C,A,A,H,-,A,D,0,,,,,Y,,A,07,0,1,0,0,0,0,0,0,0,"- ","- ",37.610591888427734,-122.06950378417969,ALAMEDA,HAYWARD,-122.06955718994141,37.610565185546875
91775091,2022,2022-05-18,9375,2022-05-10,0800,019329,,2,1,9,0100,0,3,5,,2,003,"FOOTHILL BOULEVARD","CAROLYN ST",0.00,,Y,A,-,N,,,,,,,,,,N,4,0,2,2,A,-,12,21453,A,N,D,C,A,A,H,-,A,A,0,,,,,Y,,A,01,0,0,2,0,0,0,0,0,0,"- ","- ",37.702339172363281,-122.1104736328125,ALAMEDA,UNINCORPORATED,-122.11048889160156,37.702358245849609
91775114,2022,2022-05-18,9345,2022-05-13,0518,021220,,5,3,9,0100,0,1,1,,2,074,"I-880 N/B","PASEO GRANDE",400.00,N,N,A,-,Y,ALA,,880,,,19.922,H,,R,N,4,0,1,2,A,-,07,21658,A,N,B,2,A,A,H,-,B,D,0,,,,Y,Y,,G,25,0,0,1,0,0,0,0,0,0,"- ","- ",37.682929992675781,-122.12631988525391,ALAMEDA,UNINCORPORATED,-122.12636566162109,37.682884216308594
91775163,2022,2022-05-18,9370,2022-05-10,1540,022077,,2,2,7,0109,0,1,1,,2,054,"I-580 E/B","GRAND AVENUE",1310.00,W,N,A,-,Y,ALA,,580,,,43.883,H,,R,N,3,0,2,2,A,-,03,22350,,N,C,C,A,A,H,-,A,D,0,,,,,Y,,A,01,0,2,0,0,0,0,0,0,0,"- ","- ",37.813579559326172,-122.25084686279297,ALAMEDA,OAKLAND,-122.25069427490234,37.813606262207031
91775182,2022,2022-05-18,9370,2022-05-10,1820,022863,,2,2,7,0109,0,1,1,,2,008,"I-80 E/B","SFOBB TOLL PLAZA",2050.00,E,N,A,-,Y,ALA,,80,,,2.401,H,,R,N,3,0,1,2,A,-,03,22350,,N,C,C,A,A,H,-,A,D,0,,,,,Y,,A,01,0,1,0,0,0,0,0,0,0,"- ","- ",37.824748992919922,-122.30655670166016,ALAMEDA,OAKLAND,-122.30657958984375,37.824840545654297
91775189,2022,2022-05-18,9370,2022-04-24,0200,022124,,7,3,2,0104,0,1,1,,2,008,"I-80 E/B","POWELL ST",2000.00,W,N,A,-,Y,ALA,,80,,,3.358,H,,R,N,4,0,1,2,A,-,07,21658,A,M,B,C,A,A,H,-,C,D,0,,,,,Y,,-,99,0,0,1,0,0,0,0,0,0,"- ","- ",37.831729888916016,-122.29335021972656,ALAMEDA,EMERYVILLE,-122.29334259033203,37.831729888916016
91775251,2022,2022-05-18,9335,2022-05-09,0705,018053,,1,1,7,0109,0,1,1,,1,082,"I-80 W/B","SAN FRANCISCO COUNTY LINE",5914.00,E,N,A,-,Y,ALA,,80,,R,1.111,H,,L,Y,4,0,1,2,A,-,03,22350,,N,C,C,A,A,H,-,A,D,0,,,,,Y,,A,07,0,0,1,0,0,0,0,0,0,"- ","- ",37.82196044921875,-122.32958984375,ALAMEDA,OAKLAND,-122.32959747314453,37.822029113769531
91775501,2022,2022-05-19,9370,2022-05-12,1355,020286,,4,1,2,0104,0,1,1,,2,080,"I-80 W/B","POWELL ST.",710.00,W,N,A,-,Y,,,,,,,,,,Y,4,0,2,2,A,-,03,22350,,N,C,C,A,A,H,-,A,D,0,,,,,Y,,A,01,0,0,2,0,0,0,0,0,0,"- ","- ",37.836299896240234,-122.29412841796875,ALAMEDA,EMERYVILLE,-122.29706573486328,37.839897155761719
91775767,2022,2022-05-19,9390,2022-05-12,0725,016633,,4,1,9,0100,0,1,1,,2,050,"I-580 W/B","SCHAEFER RANCH RD",1040.00,E,N,A,-,Y,ALA,,580,,R,23.673,H,,R,Y,3,0,1,2,A,-,03,22350,,N,C,C,A,A,H,-,A,D,0,,,,Y,Y,,A,01,0,1,0,0,0,0,0,0,0,"- ","- ",37.698280334472656,-121.97579956054688,ALAMEDA,UNINCORPORATED,-121.97581481933594,37.698226928710938
91775779,2022,2022-05-19,9390,2022-05-12,0740,016633,,4,1,4,0198,0,1,1,,2,050,"I-580 E/B","FOOTHILL RD",2682.00,W,N,A,-,Y,ALA,,580,,R,21.943,H,,L,N,3,0,1,3,A,-,03,22350,,N,C,C,A,A,H,-,A,D,0,,,,,Y,,D,22,0,1,0,0,0,0,0,0,0,"- ","- ",37.698131561279297,-121.94447326660156,ALAMEDA,DUBLIN,-121.94446563720703,37.698211669921875
91775814,2022,2022-05-19,9390,2022-05-12,0930,014771,,4,1,9,0100,0,2,4,,2,221,"FOOTHILL RD. (900 BLK.)","CASTLEWOOD DR",10560.00,S,N,A,-,N,,,,,,,,,,Y,4,0,1,1,A,-,08,22107,,N,E,I,A,A,H,-,A,D,0,,,,,Y,,A,01,0,0,1,0,0,0,0,0,0,"- ","- ",37.610561370849609,-121.87902069091797,ALAMEDA,UNINCORPORATED,-121.87903594970703,37.610744476318359
91775835,2022,2022-05-19,9345,2022-05-14,1505,022157,,6,2,6,0105,0,1,3,,2,262,"SR-262 N/B","KATO ROAD",450.00,S,N,A,-,Y,ALA,,262,,R,0.413,H,,R,Y,4,0,2,2,A,-,03,22350,,N,C,C,A,A,H,-,A,D,0,,,,,Y,,A,07,0,0,2,0,0,0,0,0,0,"- ","- ",37.4869384765625,-121.93226623535156,ALAMEDA,FREMONT,-121.93235778808594,37.486988067626953
91776805,2022,2022-05-20,9345,2022-05-12,0940,022352,,4,1,6,0106,0,1,3,,2,092,"SR-92 EASTBOUND","INDUSTRIAL BOULEVARD",300.00,E,N,A,-,Y,ALA,,92,,R,5.203,H,,R,N,4,0,1,2,A,-,03,22350,,N,C,C,A,A,H,-,A,D,0,,,,,Y,,A,08,0,0,1,0,0,0,0,0,0,"- ","- ",37.632659912109375,-122.10897827148438,ALAMEDA,HAYWARD,-122.10897827148438,37.632656097412109
91776807,2022,2022-05-20,9345,2022-05-13,1100,022352,,5,1,5,0113,0,1,1,,2,072,"I-880 NORTHBOUND (NIMITZ FREEWAY)","WHIPPLE ROAD",634.00,S,N,A,-,Y,ALA,,880,,,13.549,H,,R,Y,4,0,2,2,A,-,03,22350,,N,C,C,A,A,H,-,A,D,0,,,,,Y,,A,01,0,0,2,0,0,0,0,0,0,"- ","- ",37.605129241943359,-122.06539916992188,ALAMEDA,"UNION CITY",-122.06533813476562,37.605159759521484
91777591,2022,2022-05-23,9390,2022-05-14,1050,018351,,6,1,4,0198,0,1,1,,2,067,"I-580 E/B FROM I-680 S/B","DUBLIN BLVD",390.00,N,N,A,-,Y,ALA,,680,,R,20.488,H,,L,N,4,0,1,2,A,-,07,21658,A,N,B,C,A,A,H,-,A,D,0,,,Y,,Y,,A,07,0,0,1,0,0,0,0,0,1,"- ","- ",37.706390380859375,-121.92648315429688,ALAMEDA,DUBLIN,-121.92629241943359,37.706493377685547