CASE_ID,ACCIDENT_YEAR,PROC_DATE,JURIS,COLLISION_DATE,COLLISION_TIME,OFFICER_ID,REPORTING_DISTRICT,DAY_OF_WEEK,CHP_SHIFT,POPULATION,CNTY_CITY_LOC,SPECIAL_COND,BEAT_TYPE,CHP_BEAT_TYPE,CITY_DIVISION_LAPD,CHP_BEAT_CLASS,BEAT_NUMBER,PRIMARY_RD,SECONDARY_RD,DISTANCE,DIRECTION,INTERSECTION,WEATHER_1,WEATHER_2,STATE_HWY_IND,CALTRANS_COUNTY,CALTRANS_DISTRICT,STATE_ROUTE,ROUTE_SUFFIX,POSTMILE_PREFIX,POSTMILE,LOCATION_TYPE,RAMP_INTERSECTION,SIDE_OF_HWY,TOW_AWAY,COLLISION_SEVERITY,NUMBER_KILLED,NUMBER_INJURED,PARTY_COUNT,PRIMARY_COLL_FACTOR,PCF_CODE_OF_VIOL,PCF_VIOL_CATEGORY,PCF_VIOLATION,PCF_VIOL_SUBSECTION,HIT_AND_RUN,TYPE_OF_COLLISION,MVIW,PED_ACTION,ROAD_SURFACE,ROAD_COND_1,ROAD_COND_2,LIGHTING,CONTROL_DEVICE,CHP_ROAD_TYPE,PEDESTRIAN_ACCIDENT,BICYCLE_ACCIDENT,MOTORCYCLE_ACCIDENT,TRUCK_ACCIDENT,NOT_PRIVATE_PROPERTY,ALCOHOL_INVOLVED,STWD_VEHTYPE_AT_FAULT,CHP_VEHTYPE_AT_FAULT,COUNT_SEVERE_INJ,COUNT_VISIBLE_INJ,COUNT_COMPLAINT_PAIN,COUNT_PED_KILLED,COUNT_PED_INJURED,COUNT_BICYCLIST_KILLED,COUNT_BICYCLIST_INJURED,COUNT_MC_KILLED,COUNT_MC_INJURED,PRIMARY_RAMP,SECONDARY_RAMP,LATITUDE,LONGITUDE,COUNTY,CITY,POINT_X,POINT_Y
91855657,2022,2022-09-01,9390,2022-08-24,2155,022035,,3,2,6,0105,0,1,1,,2,064,"I-680 SOUTHBOUND","SR-262 / SOUTH MISSION BOULEVARD",2640.00,N,N,A,-,Y,ALA,,680,,M,2.980,H,,L,Y,3,0,2,2,A,-,07,21658,A,N,C,C,A,A,H,-,D,D,0,,,,Y,Y,,A,07,0,2,0,0,0,0,0,0,0,"- ","- ",37.501750946044922,-121.93041229248047,ALAMEDA,FREMONT,-121.93041229248047,37.501747131347656
91855957,2022,2022-09-02,9375,2022-08-11,1207,022029,,4,1,9,0100,0,3,5,,2,002,"159TH AVE","SR-185 (E 14TH ST)",12.00,E,N,A,-,N,,,,,,,,,,N,4,0,1,2,A,-,10,21950,A,F,G,B,B,A,H,-,A,A,0,Y,,,,Y,,A,01,0,0,1,0,1,0,0,0,0,"- ","- ",37.700031280517578,-122.12088012695312,ALAMEDA,UNINCORPORATED,-122.12093353271484,37.699897766113281
91856509,2022,2022-09-02,9370,2022-08-07,1440,022841,,7,2,7,0109,0,1,1,,2,176,"I-880 N/B","HEGENBERGER RD",195.00,S,N,A,-,Y,ALA,,880,,,25.450,H,,R,N,4,0,1,2,A,-,03,22350,,N,C,2,A,A,H,-,A,D,0,,,,,Y,,A,01,0,0,1,0,0,0,0,0,0,"- ","- ",37.740119934082031,-122.19577789306641,ALAMEDA,OAKLAND,-122.19577026367188,37.740127563476562
91856510,2022,2022-09-02,9370,2022-08-07,1615,022841,,7,2,7,0109,0,1,1,,2,176,"I-880 S/B","HEGENBERGER RD",3065.00,N,N,A,-,Y,ALA,,880,,,26.088,H,,L,N,4,0,2,3,A,-,03,22350,,N,C,C,A,A,H,-,A,D,0,,,,,Y,,A,01,0,0,2,0,0,0,0,0,0,"- ","- ",37.74774169921875,-122.20272064208984,ALAMEDA,OAKLAND,-122.2027587890625,37.747718811035156
91856511,2022,2022-09-02,9370,2022-08-07,1635,022841,,7,2,7,0109,0,1,1,,2,176,"I-880 S/B","HEGENBERGER RD",2050.00,N,N,A,-,Y,ALA,,880,,,25.899,H,,L,N,4,0,2,3,A,-,03,22350,,N,C,C,A,A,H,-,A,D,0,,,,,Y,,A,01,0,0,2,0,0,0,0,0,0,"- ","- ",37.745479583740234,-122.20072937011719,ALAMEDA,OAKLAND,-122.20077514648438,37.745456695556641
91856799,2022,2022-09-05,9335,2022-08-30,0700,018804,,2,1,7,0109,0,1,1,,1,081,"I-80 W/B","SFOBB METERING LIGHTS",1.04,W,N,A,-,Y,ALA,,80,,R,0.757,H,,L,N,3,0,1,2,A,-,07,21658,A,N,B,C,A,A,H,-,A,D,0,,,Y,,Y,,A,01,0,1,0,0,0,0,0,0,1,"- ","- ",37.821159362792969,-122.33599853515625,ALAMEDA,OAKLAND,-122.33602142333984,37.821239471435547
91856982,2022,2022-09-05,9370,2022-08-24,1430,022199,,3,2,7,0109,0,1,S,,2,904,"I-580 W/B",SR-13,80.00,W,N,A,-,Y,ALA,,580,,R,39.264,H,,R,Y,2,0,1,1,A,-,08,22107,,N,E,I,A,A,H,-,A,D,0,,,,,Y,,A,01,1,0,0,0,0,0,0,0,0,"- ","- ",37.784011840820312,-122.1788330078125,ALAMEDA,OAKLAND,-122.17885589599609,37.783916473388672
91857003,2022,2022-09-05,9370,2022-07-26,2125,022838,,2,2,2,0104,0,1,1,,2,080,"I-80 W/B","ASHBY AVE",260.00,W,N,A,-,Y,ALA,,80,,,4.397,H,,L,N,3,0,1,3,A,-,03,22350,,N,C,C,A,A,H,-,C,D,0,,,,,Y,,A,01,0,1,0,0,0,0,0,0,0,"- ","- ",37.846408843994141,-122.29833984375,ALAMEDA,EMERYVILLE,-122.29843139648438,37.846397399902344
91857010,2022,2022-09-05,9370,2022-08-02,1025,021364,,2,1,7,0109,0,1,1,,2,055,"I-580 W/B",BROADWAY,65.00,W,N,A,-,Y,,,,,,,,,,N,3,0,1,2,A,-,11,21954,A,F,G,B,E,A,H,-,A,D,0,Y,,,,Y,,N,60,0,1,0,0,1,0,0,0,0,"- ","- ",37.492118835449219,-122.1536865234375,ALAMEDA,OAKLAND,-122.26012420654297,37.822460174560547
91857012,2022,2022-09-05,9335,2022-08-26,2105,023065,,5,2,7,0109,0,1,1,,1,082,"I-80 W/B","SFOBB METERING LIGHTS",253.00,W,N,A,-,Y,ALA,,80,,,1.745,H,,L,N,3,0,2,2,A,-,03,22350,,N,C,C,A,A,H,-,C,A,0,,,,,Y,,A,01,0,1,1,0,0,0,0,0,0,"- ","- ",37.823951721191406,-122.31822204589844,ALAMEDA,OAKLAND,-122.31821441650391,37.823940277099609
91857171,2022,2022-09-05,9345,2022-08-22,1255,022934,,1,1,6,0105,0,1,3,,1,184,"SR-84 N/B","TOLL PLAZA",1373.00,S,N,A,-,Y,ALA,,84,,R,2.944,H,,R,N,4,0,1,1,C,-,18,,,N,E,J,A,A,H,-,A,D,0,,,,,Y,,-,"- ",0,0,1,0,0,0,0,0,0,"- ","- ",37.533870697021484,-122.07939910888672,ALAMEDA,FREMONT,-122.07940673828125,37.533905029296875
91857173,2022,2022-09-05,9330,2022-08-23,0935,021630,,2,1,6,0106,0,1,3,,1,037,"SR-92 W/B","TOLL PLAZA",1056.00,E,N,A,-,Y,ALA,,92,,R,2.881,H,,L,Y,3,0,1,4,A,-,03,22350,,N,C,C,A,A,H,-,A,D,0,,,,,Y,,A,01,0,1,0,0,0,0,0,0,0,"- ","- ",37.619361877441406,-122.14768981933594,ALAMEDA,HAYWARD,-122.147705078125,37.619388580322266
91857179,2022,2022-09-05,9370,2022-08-24,1746,022188,,3,2,7,0109,0,1,S,,2,904,"I-80 E/B","I-80 W/B TO WEST GRAND AVENUE OVERCROSSING",270.00,E,N,A,-,Y,ALA,,80,,,2.284,H,,R,N,4,0,2,3,A,-,03,22350,,N,C,C,A,A,H,-,A,D,0,,,,,Y,,A,01,0,0,2,0,0,0,0,0,0,"- ","- ",37.824668884277344,-122.30860137939453,ALAMEDA,OAKLAND,-122.30860137939453,37.824649810791016
91857242,2022,2022-09-05,9390,2022-08-26,1750,022267,,5,2,6,0105,0,1,1,,2,065,"I-680 NORTHBOUND","VARGAS ROAD",1400.00,N,N,A,-,Y,ALA,,680,,R,7.760,H,,R,Y,3,0,2,2,A,-,03,22350,,N,C,C,A,A,H,-,A,D,0,,,,,Y,,A,01,0,2,0,0,0,0,0,0,0,"- ","- ",37.557880401611328,-121.91354370117188,ALAMEDA,FREMONT,-121.9136962890625,37.557968139648438
91857326,2022,2022-09-05,9390,2022-08-27,1545,022174,,6,2,9,0100,0,1,1,,2,053,"NORTHFRONT ROAD","I-580 WESTBOUND FROM NORTHFRONT ROAD ON RAMP",0.00,,Y,A,-,N,,,,,,,,,,Y,3,0,2,2,A,-,03,22350,,N,C,C,A,A,H,-,A,A,0,,,,,Y,Y,A,01,0,2,0,0,0,0,0,0,0,"- ","- ",37.718120574951172,-121.70488739013672,ALAMEDA,UNINCORPORATED,,
91857379,2022,2022-09-05,9370,2022-08-09,1705,022850,,2,2,7,0109,0,1,1,,2,053,"I-580 E/B","HIGH ST",180.00,W,N,A,-,Y,ALA,,580,,R,40.146,H,,R,N,4,0,1,2,A,-,07,21658,A,N,C,C,A,A,H,-,A,D,0,,,Y,,Y,,A,01,0,0,1,0,0,0,0,0,1,"- ","- ",37.787139892578125,-122.19676208496094,ALAMEDA,OAKLAND,-122.1966552734375,37.787273406982422
91857640,2022,2022-09-06,9375,2022-08-31,2200,022885,,3,3,9,0100,0,2,4,,1,045,"CROW CANYON RD","BELLINA CANYON RD",2215.00,S,N,A,-,N,,,,,,,,,,Y,3,0,1,1,A,-,01,23152,A,M,E,I,A,A,H,-,D,D,0,,,,,Y,Y,A,01,0,1,0,0,0,0,0,0,0,"- ","- ",37.753398895263672,-122.02974700927734,ALAMEDA,UNINCORPORATED,-122.029541015625,37.753097534179688
91857705,2022,2022-09-06,9375,2022-08-24,0230,022773,,3,3,5,0112,0,1,1,,2,580,"I-580 WB TO MACARTHUR BOULEVARD","MACARTHUR BLVD",135.00,E,N,A,-,Y,ALA,,580,,R,34.406,H,,L,N,3,0,1,1,A,-,08,22107,,N,E,I,A,A,H,-,C,D,0,,,,,Y,,A,07,0,1,0,0,0,0,0,0,0,"- ","- ",37.728538513183594,-122.13819122314453,ALAMEDA,"SAN LEANDRO",-122.13832855224609,37.728527069091797
91857741,2022,2022-09-06,9390,2022-08-28,1800,022149,,7,2,5,0111,0,1,1,,2,051,"I-580 WESTBOUND","HOPYARD ROAD",1800.00,W,N,A,-,Y,ALA,,580,,,19.889,H,,R,N,4,0,1,2,A,-,07,21658,A,M,C,C,A,A,H,-,A,D,0,,,,,Y,Y,-,99,0,0,1,0,0,0,0,0,0,"- ","- ",37.702098846435547,-121.90754699707031,ALAMEDA,PLEASANTON,-121.90755462646484,37.701911926269531
91857812,2022,2022-09-06,9390,2022-08-29,1538,020368,,1,2,5,0111,0,1,1,,2,066,"I-680 SOUTHBOUND","SUNOL BOULEVARD",1584.00,S,N,A,-,Y,ALA,,680,,R,14.918,H,,L,N,4,0,2,2,A,-,07,21658,A,N,B,C,A,A,H,-,A,D,0,,,,,Y,,A,01,0,0,2,0,0,0,0,0,0,"- ","- ",37.634738922119141,-121.88426971435547,ALAMEDA,PLEASANTON,-121.88429260253906,37.634735107421875
91857935,2022,2022-09-26,9345,2022-08-31,0529,022935,,3,3,6,0106,0,1,1,,2,073,"I-880 SOUTHBOUND","SR-92 OVERCROSSING",290.00,S,N,A,-,Y,ALA,,880,,,16.633,H,,L,N,4,0,1,5,A,-,03,22350,,M,C,C,A,A,H,-,B,D,0,,,,,Y,,A,01,0,0,1,0,0,0,0,0,0,"- ","- ",37.643810272216797,-122.09322357177734,ALAMEDA,HAYWARD,-122.09329223632812,37.643775939941406
91858055,2022,2022-09-06,9345,2022-08-24,1100,023013,,3,1,6,0105,0,1,1,,2,071,"I-880 S/B","CENTRAL AVE",192.00,N,N,A,-,Y,ALA,,880,,,8.300,H,,L,N,3,0,2,3,A,-,03,22350,,N,C,C,A,A,H,-,A,D,0,,,,,Y,,A,07,0,2,0,0,0,0,0,0,0,"- ","- ",37.539810180664062,-122.01783752441406,ALAMEDA,FREMONT,-122.01792907714844,37.539768218994141
91858065,2022,2022-09-06,9375,2022-08-29,1955,022213,,1,2,9,0100,0,2,4,,1,022,"MEEKLAND AVE","SMALLEY AVE",250.00,N,N,A,-,N,,,,,,,,,,N,4,0,1,2,A,-,08,22107,,N,B,E,A,A,H,-,C,D,0,,,,,Y,,A,01,0,0,1,0,0,0,0,0,0,"- ","- ",37.6685791015625,-122.10089874267578,ALAMEDA,UNINCORPORATED,-122.10077667236328,37.66851806640625
91858347,2022,2022-09-06,9370,2022-08-06,2137,022816,,6,2,7,0109,0,1,1,,2,052,"I-580 W/B","BUELL ST",1100.00,E,N,A,-,Y,ALA,,580,,R,39.543,H,,L,N,4,0,1,1,A,-,08,22107,,N,H,I,A,A,H,-,A,D,0,,,,,Y,,A,01,0,0,1,0,0,0,0,0,0,"- ","- ",37.784198760986328,-122.18373107910156,ALAMEDA,OAKLAND,-122.18373870849609,37.783977508544922
91858915,2022,2022-09-07,9345,2022-08-25,1230,023013,,4,1,5,0113,0,1,1,,2,071,"I-880 N/B","WHIPPLE ROAD",1320.00,S,N,A,-,Y,ALA,,880,,,13.425,H,,R,Y,3,0,2,3,A,-,03,22350,,N,C,C,A,A,H,-,A,D,0,,,,,Y,,A,07,0,2,0,0,0,0,0,0,0,"- ","- ",37.603538513183594,-122.06427001953125,ALAMEDA,"UNION CITY",-122.06421661376953,37.603565216064453
91859086,2022,2022-09-07,9390,2022-08-31,1853,020368,,3,2,5,0111,0,1,1,,2,066,"I-680 NORTHBOUND","BERNAL AVENUE",1584.00,S,N,A,-,Y,ALA,,680,,R,16.461,H,,R,Y,3,0,2,2,A,-,03,22350,,N,C,C,A,A,H,-,A,D,0,,,,,Y,,A,08,0,1,1,0,0,0,0,0,0,"- ","- ",37.653388977050781,-121.89788818359375,ALAMEDA,PLEASANTON,-121.89788055419922,37.653396606445312
91859100,2022,2022-09-07,9345,2022-09-06,0810,022943,,2,1,6,0106,0,1,1,,2,072,"I-880 NORTHBOUND","WHIPPLE ROAD",1584.00,S,N,A,-,Y,ALA,,880,,,13.329,H,,R,N,4,0,1,2,A,-,03,22350,,N,C,C,A,A,H,-,A,D,0,,,,,Y,,A,01,0,0,1,0,0,0,0,0,0,"- ","- ",37.602378845214844,-122.06327056884766,ALAMEDA,HAYWARD,-122.0633544921875,37.602344512939453
91859109,2022,2022-09-07,9345,2022-09-03,2245,022944,,6,3,5,0112,0,1,1,,2,075,"I-880 N/B","FLORESTA BOULEVARD",2112.00,S,N,A,-,Y,ALA,,880,,,21.156,H,,R,Y,4,0,1,4,A,-,08,22107,,M,B,C,A,A,H,-,C,D,0,,,,,Y,Y,A,01,0,0,1,0,0,0,0,0,0,"- ","- ",37.694568634033203,-122.14331817626953,ALAMEDA,"SAN LEANDRO",-122.143310546875,37.694580078125
91859768,2022,2022-09-08,9390,2022-09-01,0213,021478,,4,3,9,0100,0,1,1,,2,050,"I-580 WESTBOUND","FOOTHILL RD.",7392.00,W,N,A,-,Y,,,,,,,,,,Y,4,0,1,2,C,-,18,,,N,D,C,A,A,H,-,D,D,0,,,,,Y,,-,"- ",0,0,1,0,0,0,0,0,0,"- ","- ",37.688648223876953,-121.95613861083984,ALAMEDA,UNINCORPORATED,-121.95955657958984,37.698402404785156
91859844,2022,2022-09-08,9375,2022-08-31,1640,022870,,3,2,9,0100,0,2,4,,1,031,"CASTRO VALLEY BLVD","REDWOOD RD",90.00,W,N,A,-,N,,,,,,,,,,N,4,0,1,2,A,-,21,22106,,N,C,C,A,A,H,-,A,A,0,,,,,Y,,A,01,0,0,1,0,0,0,0,0,0,"- ","- ",37.695549011230469,-122.07431030273438,ALAMEDA,UNINCORPORATED,-122.07423400878906,37.695587158203125
91859863,2022,2022-09-08,9390,2022-09-01,0925,016633,,4,1,5,0111,0,1,1,,2,051,"I-580 EASTBOUND","SANTA RITA ROAD",2748.00,E,N,A,-,Y,ALA,,580,,,17.413,H,,R,Y,4,0,4,3,A,-,07,21658,A,N,B,C,A,A,H,-,A,D,0,,,,,Y,,A,01,0,0,4,0,0,0,0,0,0,"- ","- ",37.701259613037109,-121.86238098144531,ALAMEDA,PLEASANTON,-121.86237335205078,37.701492309570312
91859921,2022,2022-09-08,9390,2022-09-01,1425,020206,,4,2,9,0100,0,2,4,,2,441,"TESLA ROAD W/B","MM 11.71",73.00,E,N,A,-,N,,,,,,,,,,N,3,0,1,1,A,-,08,22107,,N,E,J,A,A,H,-,A,D,0,,,,,Y,,A,01,0,1,0,0,0,0,0,0,0,"- ","- ",37.638389587402344,-121.57158660888672,ALAMEDA,UNINCORPORATED,,
91860051,2022,2022-09-08,9345,2022-08-28,0145,022904,,7,3,5,0112,0,1,1,,2,074,"I-880 S/B (NIMITZ FREEWAY)","WASHINGTON AVE",2640.00,N,N,A,-,Y,ALA,,880,,,21.264,H,,L,Y,3,0,1,1,A,-,08,22107,,N,E,I,A,A,H,-,C,D,0,,,,,Y,,A,07,0,1,0,0,0,0,0,0,0,"- ","- ",37.695510864257812,-122.14514923095703,ALAMEDA,"SAN LEANDRO",-122.1451416015625,37.695514678955078
91860229,2022,2022-09-08,9390,2022-08-30,0712,018351,,2,1,5,0107,0,1,1,,2,052,"I-580 WESTBOUND","PORTOLA AVE",380.00,E,N,A,-,Y,ALA,,580,,,13.104,H,,L,N,3,0,1,4,A,-,07,21658,A,N,B,C,A,A,H,-,A,D,0,,,,,Y,,A,01,0,1,0,0,0,0,0,0,0,"- ","- ",37.699989318847656,-121.78397369384766,ALAMEDA,LIVERMORE,-121.783935546875,37.699729919433594
91860667,2022,2022-09-09,9375,2022-08-28,2125,021939,,7,2,9,0100,0,1,3,,1,185,"SR-185 (E. 14TH STREET)","167TH AVENUE",196.00,N,N,A,-,N,,,,,,,,,,N,4,0,1,2,A,-,09,21804,A,M,B,C,A,A,H,-,C,D,0,,,,,Y,,A,01,0,0,1,0,0,0,0,0,0,"- ","- ",37.692478179931641,-122.11042022705078,ALAMEDA,UNINCORPORATED,-122.11029052734375,37.692424774169922
91861613,2022,2022-09-12,9370,2022-07-31,1345,022845,,7,1,6,0103,0,1,1,,2,081,"I-80 W/B","ASHBY AVENUE",1850.00,E,N,B,-,Y,ALA,,80,,,4.922,H,,L,Y,3,0,1,2,A,-,07,21658,A,N,B,C,A,A,H,-,A,D,0,,,Y,,Y,,A,01,0,1,0,0,0,0,0,0,1,"- ","- ",37.853870391845703,-122.30023193359375,ALAMEDA,BERKELEY,-122.30025482177734,37.853866577148438
91861828,2022,2022-09-12,9375,2022-09-02,1222,022029,,5,1,9,0100,0,2,4,,2,011,"HACIENDA AVE","VIA ARRIBA",0.00,,Y,A,-,N,,,,,,,,,,N,4,0,2,2,A,-,09,21802,A,N,D,C,A,A,H,-,A,A,0,,,,,Y,,A,01,0,0,2,0,0,0,0,0,0,"- ","- ",37.673828125,-122.12454223632812,ALAMEDA,UNINCORPORATED,-122.12454223632812,37.673801422119141
91861832,2022,2022-09-12,9375,2022-09-08,0215,022870,,4,3,9,0100,0,1,1,,2,581,"I-580 W/B","FIVE CANYONS PKWY",400.00,E,N,A,-,Y,,,,,,,,,,Y,4,0,1,1,A,-,08,22107,,N,E,I,A,A,H,-,D,D,0,,,,,Y,,D,22,0,0,1,0,0,0,0,0,0,"- ","- ",37.693370819091797,-122.07245635986328,ALAMEDA,UNINCORPORATED,-122.04449462890625,37.6962890625
91862172,2022,2022-09-12,9390,2022-09-01,0210,021971,,4,3,5,0111,0,1,1,,2,050,"I-580 WESTBOUND","FOOTHILL ROAD",5808.00,W,N,A,-,Y,,,,,,,,,,N,4,0,1,2,A,-,03,22350,,N,C,C,A,A,H,-,D,D,0,,,,,Y,,A,01,0,0,1,0,0,0,0,0,0,"- ","- ",37.689689636230469,-121.95540618896484,ALAMEDA,PLEASANTON,-121.9541015625,37.698604583740234
91862432,2022,2022-09-12,9345,2022-09-01,2055,022996,,4,2,5,0112,0,1,1,,2,075,"I-880 SOUTHBOUND","DAVIS STREET",2640.00,N,N,A,-,Y,ALA,,880,,,24.239,H,,L,N,2,0,1,1,A,-,01,23152,A,N,F,A,A,A,H,-,C,D,0,,,Y,,Y,Y,C,02,1,0,0,0,0,0,0,0,1,"- ","- ",37.725818634033203,-122.18359375,ALAMEDA,"SAN LEANDRO",-122.18354797363281,37.725841522216797
91862615,2022,2022-09-19,9390,2022-09-02,1220,022215,,5,1,9,0100,0,2,4,,2,226,"NORTH LIVERMORE AVENUE","I-580 E/B ONRAMP",0.00,,Y,A,-,N,,,,,,,,,,Y,4,0,2,2,D,-,00,,,N,D,C,A,A,H,-,A,A,0,,,,,Y,,-,"- ",0,0,2,0,0,0,0,0,0,"- ","- ",37.700519561767578,-121.77369689941406,ALAMEDA,UNINCORPORATED,-121.77391052246094,37.700748443603516
91863375,2022,2022-09-13,9345,2022-08-31,1800,022871,,3,2,6,0105,0,1,1,,2,071,"I-880 NORTHBOUND (NIMITIZ FREEWAY)","DECOTO RD",1320.00,N,N,A,-,Y,ALA,,880,,,10.593,H,,R,N,4,0,3,5,A,-,03,22350,,M,C,C,A,A,H,-,A,D,0,,,,,Y,,D,22,0,0,3,0,0,0,0,0,0,"- ","- ",37.566799163818359,-122.04186248779297,ALAMEDA,FREMONT,-122.04179382324219,37.566841125488281
91863407,2022,2022-09-13,9345,2022-08-28,0250,022871,,7,3,5,0113,0,1,1,,2,072,"I-880 NORTHBOUND (NIMITZ FREEWAY)","WHIPPLE ROAD",1584.00,S,N,A,-,Y,ALA,,880,,,13.266,H,,R,N,4,0,1,2,A,-,01,23152,A,N,C,C,A,A,H,-,C,D,0,,,,,Y,Y,A,01,0,0,1,0,0,0,0,0,0,"- ","- ",37.601539611816406,-122.06275177001953,ALAMEDA,"UNION CITY",-122.06277465820312,37.601528167724609
91864078,2022,2022-09-14,9390,2022-09-12,2030,022149,,1,2,5,0111,0,1,1,,2,051,"I-580 EASTBOUND","EL CHARRO ROAD.",1600.00,W,N,A,-,Y,ALA,,580,,,17.002,H,,R,Y,3,0,1,2,A,-,01,23152,G,N,C,C,A,A,H,-,C,D,0,,,,,Y,Y,A,07,0,1,0,0,0,0,0,0,0,"- ","- ",37.701171875,-121.85491180419922,ALAMEDA,PLEASANTON,-121.85490417480469,37.701416015625
91864369,2022,2022-09-14,9345,2022-09-01,1820,022996,,4,2,5,0112,0,1,1,,2,075,"I-880 NORTHBOUND","DAVIS STREET",380.00,N,N,A,-,Y,ALA,,880,,,23.741,H,,R,N,3,0,1,5,A,-,03,22350,,N,C,C,A,A,H,-,A,D,0,,,,,Y,,A,08,0,1,0,0,0,0,0,0,0,"- ","- ",37.720138549804688,-122.17758178710938,ALAMEDA,"SAN LEANDRO",-122.1776123046875,37.720115661621094
91864393,2022,2022-09-14,9345,2022-09-04,1035,023079,,7,1,5,0113,0,1,1,,2,072,"I-880 SOUTHBOUND (NIMITZ FREEWAY)","ALVARADO-NILES ROAD",792.00,S,N,A,-,Y,ALA,,880,,,12.905,H,,L,N,4,0,1,3,A,-,03,22350,,N,C,C,A,A,H,-,A,D,0,,,,,Y,,A,01,0,0,1,0,0,0,0,0,0,"- ","- ",37.596939086914062,-122.05982971191406,ALAMEDA,"UNION CITY",-122.05983734130859,37.596935272216797
91864432,2022,2022-09-14,9345,2022-09-07,1555,022259,,3,2,5,0113,0,1,1,,2,072,"I-880 NORTHBOUND (NIMITZ FREEWAY)","ALVARADO-NILES ROAD",500.00,S,N,A,-,Y,ALA,,880,,,12.942,H,,R,N,4,0,1,2,A,-,04,21703,,N,C,C,A,A,H,-,A,D,0,,,,,Y,,A,01,0,0,1,0,0,0,0,0,0,"- ","- ",37.597419738769531,-122.05991363525391,ALAMEDA,"UNION CITY",-122.05988311767578,37.597431182861328
91864479,2022,2022-09-14,9345,2022-09-07,1430,023015,,3,2,6,0105,0,1,1,,2,071,"I-880 N/B","DECOTO RD",1584.00,S,N,A,-,Y,ALA,,880,,,9.810,H,,R,Y,4,0,1,2,A,-,03,22350,,N,C,C,A,A,H,-,A,D,0,,,,,Y,,A,01,0,0,1,0,0,0,0,0,0,"- ","- ",37.558231353759766,-122.03263854980469,ALAMEDA,FREMONT,-122.0325927734375,37.558258056640625
91864526,2022,2022-09-14,9390,2022-09-06,1410,021964,,2,2,6,0105,0,1,1,,2,064,"I-680 N/B","N. MISSION BLVD.",1350.00,S,N,A,-,Y,ALA,,680,,M,6.262,H,,R,Y,3,0,1,2,A,-,07,21658,A,N,B,C,A,A,H,-,A,D,0,,,,Y,Y,,A,01,0,1,0,0,0,0,0,0,0,"- ","- ",37.538059234619141,-121.92800140380859,ALAMEDA,FREMONT,-121.92801666259766,37.538074493408203
91865068,2022,2022-09-15,9370,2022-09-05,1020,022980,,1,1,7,0109,0,1,1,,2,176,"I-880 NORTHBOUND","98TH AVENUE",2825.00,S,N,A,-,Y,ALA,,880,,,24.189,H,,R,Y,3,0,1,2,A,-,07,21658,A,N,C,C,A,A,H,-,A,D,0,,,,,Y,,A,01,0,1,0,0,0,0,0,0,0,"- ","- ",37.725299835205078,-122.18276214599609,ALAMEDA,OAKLAND,-122.18280792236328,37.725269317626953
91865305,2022,2022-09-15,9375,2022-09-08,1145,023076,,4,1,9,0100,0,3,5,,2,003,"166TH AVE","FOOTHILL BLVD",62.00,E,N,A,-,N,,,,,,,,,,Y,3,0,1,3,A,-,08,22107,,N,C,C,A,A,H,-,A,D,0,,,,,Y,,A,01,0,1,0,0,0,0,0,0,0,"- ","- ",37.697261810302734,-122.10484313964844,ALAMEDA,UNINCORPORATED,-122.10491943359375,37.697120666503906
91865436,2022,2022-09-15,9375,2022-09-07,1155,023012,,3,1,9,0100,0,1,1,,2,580,"I-580 W/B","159TH AVE. O/C",155.00,W,N,A,-,Y,ALA,,580,,R,32.352,H,,L,Y,4,0,1,3,C,-,18,,,N,E,J,A,A,H,-,A,D,0,,,,,Y,,-,"- ",0,0,1,0,0,0,0,0,0,"- ","- ",37.705581665039062,-122.11714935302734,ALAMEDA,UNINCORPORATED,-122.11729431152344,37.705398559570312
91865598,2022,2022-09-15,9345,2022-09-02,1640,023058,,5,2,6,0106,0,1,1,,2,072,"I-880 S/B","TENNYSON ROAD",300.00,S,N,A,-,Y,ALA,,880,,,15.565,H,,L,N,4,0,1,2,A,-,03,22350,,F,C,C,A,A,H,-,A,D,0,,,,,Y,,-,99,0,0,1,0,0,0,0,0,0,"- ","- ",37.630550384521484,-122.083740234375,ALAMEDA,HAYWARD,-122.08379364013672,37.630527496337891
91865600,2022,2022-09-15,9345,2022-09-08,1855,023036,,4,2,9,0100,0,1,1,,2,238,"I-238 S/B","MISSION BOULEVARD",1500.00,N,N,A,-,Y,ALA,,238,,,15.050,H,,L,Y,4,0,1,2,A,-,07,21658,A,N,B,2,A,A,H,-,A,D,0,,,,Y,Y,,G,25,0,0,1,0,0,0,0,0,0,"- ","- ",37.68878173828125,-122.10759735107422,ALAMEDA,UNINCORPORATED,-122.10760498046875,37.688796997070312