CASE_ID,ACCIDENT_YEAR,PROC_DATE,JURIS,COLLISION_DATE,COLLISION_TIME,OFFICER_ID,REPORTING_DISTRICT,DAY_OF_WEEK,CHP_SHIFT,POPULATION,CNTY_CITY_LOC,SPECIAL_COND,BEAT_TYPE,CHP_BEAT_TYPE,CITY_DIVISION_LAPD,CHP_BEAT_CLASS,BEAT_NUMBER,PRIMARY_RD,SECONDARY_RD,DISTANCE,DIRECTION,INTERSECTION,WEATHER_1,WEATHER_2,STATE_HWY_IND,CALTRANS_COUNTY,CALTRANS_DISTRICT,STATE_ROUTE,ROUTE_SUFFIX,POSTMILE_PREFIX,POSTMILE,LOCATION_TYPE,RAMP_INTERSECTION,SIDE_OF_HWY,TOW_AWAY,COLLISION_SEVERITY,NUMBER_KILLED,NUMBER_INJURED,PARTY_COUNT,PRIMARY_COLL_FACTOR,PCF_CODE_OF_VIOL,PCF_VIOL_CATEGORY,PCF_VIOLATION,PCF_VIOL_SUBSECTION,HIT_AND_RUN,TYPE_OF_COLLISION,MVIW,PED_ACTION,ROAD_SURFACE,ROAD_COND_1,ROAD_COND_2,LIGHTING,CONTROL_DEVICE,CHP_ROAD_TYPE,PEDESTRIAN_ACCIDENT,BICYCLE_ACCIDENT,MOTORCYCLE_ACCIDENT,TRUCK_ACCIDENT,NOT_PRIVATE_PROPERTY,ALCOHOL_INVOLVED,STWD_VEHTYPE_AT_FAULT,CHP_VEHTYPE_AT_FAULT,COUNT_SEVERE_INJ,COUNT_VISIBLE_INJ,COUNT_COMPLAINT_PAIN,COUNT_PED_KILLED,COUNT_PED_INJURED,COUNT_BICYCLIST_KILLED,COUNT_BICYCLIST_INJURED,COUNT_MC_KILLED,COUNT_MC_INJURED,PRIMARY_RAMP,SECONDARY_RAMP,LATITUDE,LONGITUDE,COUNTY,CITY,POINT_X,POINT_Y
91969061,2023,2023-01-16,9345,2023-01-12,"827 ",021581,,4,1,6,0106,0,1,1,,2,072,"I-880 (NIMITZ FREEWAY)","INDUSTRIAL PKWY",95.00,N,N,A,-,Y,ALA,,880," "," ",14.566,H,,R,N,4,0,1,5,A,-,04,21703,,N,C,C,A,A,H,-,A,D,0,,,,,Y,,D,22,0,0,1,0,0,0,0,0,0,"- ","- ",37.61785888671875,-122.07450103759766,ALAMEDA,HAYWARD,-122.07440948486328,37.617900848388672
91969144,2022,2023-01-16,9370,2022-12-31,1950,022983,,6,2,7,0109,0,1,1,,2,177,"I-880 S/B","JACKSON ST",659.00,N,N,A,-,Y,ALA,,880,,,31.360,H,,L,Y,4,0,1,2,A,-,07,21658,A,F,B,2,A,B,H,-,C,D,0,,,,,Y,,A,01,0,0,1,0,0,0,0,0,0,"- ","- ",37.797080993652344,-122.27095794677734,ALAMEDA,OAKLAND,-122.27108001708984,37.796897888183594
91969329,2022,2023-01-17,9370,2022-12-19,1620,022863,,1,2,6,0103,0,1,1,,2,081,"I-80 E/B","UNIVERSITY AVE PEDESTRIAN OVERCROSSING",1225.00,W,N,A,-,Y,ALA,,80,,,5.439,H,,R,N,2,0,1,2,A,-,07,21658,A,F,B,C,A,A,H,-,A,D,0,,,Y,,Y,,-,99,1,0,0,0,0,0,0,0,1,"- ","- ",37.861171722412109,-122.30216217041016,ALAMEDA,BERKELEY,-122.30205535888672,37.861186981201172
91969461,2023,2023-01-17,9370,2023-01-05,"900 ",023189,,4,1,7,0109,0,1,1,,2,176,"I-880 N/B","HEGENBERGER RD",750.00,S,N,B,-,Y,ALA,,880," "," ",25.376,H,,R,N,4,0,1,2,A,-,03,22350,,N,C,C,A,B,H,-,A,D,0,,,,,Y,,A,01,0,0,1,0,0,0,0,0,0,"- ","- ",37.739269256591797,-122.19497680664062,ALAMEDA,OAKLAND,-122.19500732421875,37.739253997802734
91969649,2022,2023-01-17,9330,2022-12-30,2305,022849,,5,3,6,0106,0,1,3,,1,037,"SR-92 W/B","SAN MATEO BRIDGE TOLL PLAZA",450.00,W,N,C,-,Y,ALA,,92,,R,2.504,H,,L,Y,4,0,1,1,A,-,08,22107,,N,E,I,A,B,H,-,C,D,0,,,,,Y,Y,D,22,0,0,1,0,0,0,0,0,0,"- ","- ",37.617359161376953,-122.15409851074219,ALAMEDA,HAYWARD,-122.15419006347656,37.61749267578125
91970200,2023,2023-01-17,9345,2023-01-13,"830 ",018844,,5,1,9,0100,0,1,S,,2,581,"I-580 W/B","E. CASTRO VALLEY BLVD.",30.00,E,N,B,C,Y,ALA,,580," ",R,26.945,H,,L,Y,2,0,1,1,A,-,08,22107,,N,E,I,A,A,H,-,A,D,0,,,,,Y,,A,07,1,0,0,0,0,0,0,0,0,"- ","- ",37.702178955078125,-122.03443908691406,ALAMEDA,UNINCORPORATED,-122.03440856933594,37.70196533203125
91970218,2023,2023-01-17,9345,2023-01-13,"845 ",023046,,5,1,6,0106,0,1,1,,2,073,"I-880 S/B","WINTON AVENUE",300.00,S,N,B,-,Y,ALA,,880," "," ",17.515,H,,L,N,4,0,1,3,A,-,03,22350,,N,C,C,A,B,H,-,A,D,0,,,,,Y,,E,22,0,0,1,0,0,0,0,0,0,"- ","- ",37.655220031738281,-122.10098266601562,ALAMEDA,HAYWARD,-122.10090637207031,37.655250549316406
91970247,2023,2023-01-17,9345,2023-01-12,"910 ",020414,,4,1,6,0105,0,1,1,,2,071,"I-880 N/B","THORNTON AVE",2640.00,S,N,A,-,Y,ALA,,880," "," ",7.945,H,,R,Y,4,0,1,3,A,-,03,22350,,N,C,C,A,A,H,-,A,D,0,,,,,Y,,A,07,0,0,1,0,0,0,0,0,0,"- ","- ",37.536079406738281,-122.01357269287109,ALAMEDA,FREMONT,-122.01351928710938,37.536128997802734
91970548,2023,2023-01-18,9370,2023-01-05,1008,023189,,4,1,7,0109,0,1,1,,2,178,"I-880 N/B TO I-80 W/B","OF 7TH ST",3274.00,N,N,C,-,Y,ALA,,880," ",R,34.154,H,,R,N,4,0,2,1,A,-,03,22350,,N,E,I,A,B,H,-,A,D,0,,,,,Y,,A,07,0,0,2,0,0,0,0,0,0,"- ","- ",37.815269470214844,-122.29901885986328,ALAMEDA,OAKLAND,-122.29902648925781,37.815277099609375
91970677,2022,2023-01-18,9375,2022-12-30,2140,022470,,5,2,9,0100,0,3,5,,2,002,"LIBERTY STREET","ORIOLE AVENUE",0.00,,Y,B,C,N,,,,,,,,,,N,4,0,1,2,A,-,10,21950,A,F,G,B,B,B,H,-,C,A,0,Y,,,,Y,,-,99,0,0,1,0,1,0,0,0,0,"- ","- ",37.707008361816406,-122.12191009521484,ALAMEDA,UNINCORPORATED,-122.12188720703125,37.707057952880859
91970726,2023,2023-01-18,9345,2023-01-13,1645,022811,,5,2,9,0100,0,1,1,,2,074,"I-880 S/B","HACIENDA AVENUE",100.00,N,N,B,-,Y,ALA,,880," "," ",19.294,H,,L,Y,4,0,1,2,A,-,03,22350,,N,C,C,A,B,H,-,C,D,0,,,,,Y,,A,01,0,0,1,0,0,0,0,0,0,"- ","- ",37.676788330078125,-122.11788177490234,ALAMEDA,UNINCORPORATED,-122.11788177490234,37.676784515380859
91970737,2023,2023-01-18,9345,2023-01-14,"710 ",023046,,6,1,9,0100,0,1,1,,2,074,"I-880 N/B","HACIENDA AVENUE",500.00,S,N,C,-,Y,ALA,,880," "," ",19.078,H,,R,N,4,0,1,1,A,-,08,22107,,N,A,I,A,B,H,-,A,D,0,,,,,Y,,A,07,0,0,1,0,0,0,0,0,0,"- ","- ",37.674701690673828,-122.11475372314453,ALAMEDA,UNINCORPORATED,-122.11468505859375,37.674751281738281
91970930,2023,2023-01-18,9390,2023-01-09,"150 ",022867,,1,3,9,0100,0,2,4,,2,227,"STANLEY BOULEVARD","ISABEL AVENUE",5280.00,W,N,B,C,N,,,,,,,,,,Y,2,0,2,3,C,-,18,,,N,D,B,E,B,H,-,D,D,0,Y,,,,Y,,-,"- ",1,1,0,0,1,0,0,0,0,"- ","- ",37.674198150634766,-121.82354736328125,ALAMEDA,UNINCORPORATED,-121.82352447509766,37.674186706542969
91970941,2023,2023-01-18,9370,2023-01-05,1415,022487,,4,2,2,0104,0,1,1,,2,080,"I-80 E/B","POWELL STREET",2370.00,W,N,C,-,Y,ALA,,80," "," ",3.363,H,,R,N,3,0,1,2,A,-,07,21658,A,N,B,C,A,B,H,-,A,D,0,,,,,Y,,A,07,0,1,0,0,0,0,0,0,0,"- ","- ",37.831798553466797,-122.29338073730469,ALAMEDA,EMERYVILLE,-122.29335021972656,37.831802368164062
91971679,2023,2023-01-19,9370,2023-01-01,1755,022845,,7,2,6,0103,0,1,1,,2,081,"I-80 W/B","GILMAN ST",77.00,E,N,A,-,Y,ALA,,80," "," ",6.667,H,,L,Y,3,0,1,2,A,-,01,23152,A,N,E,C,A,A,H,-,D,D,0,,,,,Y,Y,A,01,0,1,0,0,0,0,0,0,0,"- ","- ",37.878398895263672,-122.30757141113281,ALAMEDA,BERKELEY,-122.30750274658203,37.878410339355469
91971754,2023,2023-01-19,9390,2023-01-10,"751 ",019612,,2,1,6,0105,0,1,1,,2,064,"I-680 SOUTHBOUND","SCOTT CREEK RD.",800.00,N,N,B,C,Y,ALA,,680," ",M,0.379,H,,L,Y,3,0,1,1,A,-,03,22350,,N,E,I,A,B,H,-,A,D,0,,,,,Y,,A,07,0,1,0,0,0,0,0,0,0,"- ","- ",37.469371795654297,-121.90805053710938,ALAMEDA,FREMONT,-121.90816497802734,37.469310760498047
91971842,2023,2023-01-19,9390,2023-01-10,1410,020657,,2,2,9,0100,0,1,1,,2,050,"INTERSTATE 580","EDEN CANYON ROAD",1420.00,E,N,B,C,Y,ALA,,580," ",R,25.964,H,,L,N,3,0,1,2,A,-,07,21658,A,N,B,C,A,D,H,-,A,A,0,,,,Y,Y,,G,25,0,1,0,0,0,0,0,0,0,"- ","- ",37.702571868896484,-122.01638031005859,ALAMEDA,UNINCORPORATED,-122.01639556884766,37.702632904052734
91972046,2022,2023-01-19,9370,2022-11-10,2120,023081,,4,2,7,0109,0,1,1,,2,052,"I-580 W/B","KUHNLE AVE",810.00,W,N,A,-,Y,ALA,,580,,R,39.102,H,,L,Y,3,0,2,3,A,-,01,23152,A,N,C,C,A,A,H,-,D,D,0,,,,,Y,Y,A,01,0,1,1,0,0,0,0,0,0,"- ","- ",37.782619476318359,-122.17600250244141,ALAMEDA,OAKLAND,-122.17616271972656,37.782470703125
91972054,2023,2023-01-19,9370,2023-01-11,1616,023135,,3,2,7,0109,0,1,1,,2,055,"I-580 E/B","HOLLIS ST",906.00,W,N,C,-,Y,ALA,,580," "," ",46.251,H,,R,Y,3,0,1,2,A,-,07,21658,A,N,C,C,A,B,H,-,A,D,0,,,,,Y,,D,22,0,1,0,0,0,0,0,0,0,"- ","- ",37.826488494873047,-122.28752136230469,ALAMEDA,OAKLAND,-122.28755187988281,37.826595306396484
91972082,2023,2023-01-19,9345,2023-01-17,1650,021961,,2,2,6,0105,0,1,1,,2,071,"I-880 N/B (NIMITZ FREEWAY)","MOWRY AVENUE",1214.00,N,N,A,-,Y,ALA,,880," "," ",7.433,H,,R,Y,4,0,1,2,A,-,08,22107,,N,B,2,A,A,H,-,B,D,0,,,,,Y,,A,01,0,0,1,0,0,0,0,0,0,"- ","- ",37.531818389892578,-122.00578308105469,ALAMEDA,FREMONT,-122.0057373046875,37.531864166259766
91972140,2023,2023-01-19,9390,2023-01-14,"830 ",022302,,6,1,9,0100,0,1,1,,2,053,"I-580 W/B","N FLYNN ROAD",1000.00,W,N,B,C,Y,ALA,,580," ",R,6.573,H,,L,N,4,0,2,1,A,-,03,22350,,N,E,I,A,B,H,-,A,D,0,,,,,Y,,A,07,0,0,2,0,0,0,0,0,0,"- ","- ",37.718830108642578,-121.6708984375,ALAMEDA,UNINCORPORATED,-121.67094421386719,37.718761444091797
91972637,2023,2023-01-20,9370,2023-01-01,1505,022487,,7,2,7,0109,0,1,1,,2,052,"I-580 W/B","KUHNLE AVENUE",415.00,E,N,A,-,Y,ALA,,580," ",R,38.850,H,,L,N,3,0,1,2,A,-,07,21658,A,F,B,2,A,A,H,-,A,D,0,,,,,Y,,-,99,0,1,0,0,0,0,0,0,0,"- ","- ",37.780460357666016,-122.17225646972656,ALAMEDA,OAKLAND,-122.17240142822266,37.780292510986328
91972668,2023,2023-01-20,9345,2023-01-18,1335,022511,,3,1,9,0100,0,1,1,,2,074,"I-880 N/B","A"" ST""",528.00,N,N,A,-,Y,ALA,,880," "," ",18.512,H,,R,Y,3,0,2,1,A,-,01,23152,A,N,E,I,A,A,H,-,A,D,0,,,,,Y,Y,A,07,0,2,0,0,0,0,0,0,0,"- ","- ",37.668190002441406,-122.10877990722656,ALAMEDA,UNINCORPORATED,-122.10865020751953,37.668239593505859
91972890,2023,2023-01-20,9390,2023-01-14,1500,020657,,6,2,9,0100,0,1,1,,2,050,"INTERSTATE 580 WESTBOUND","EDEN CANYON ROAD",4700.00,E,N,B,C,Y,ALA,,580," ",R,25.340,H,,R,N,3,0,2,1,A,-,03,22350,,N,E,I,A,B,H,-,A,D,0,,,,,Y,,D,22,0,2,0,0,0,0,0,0,0,"- ","- ",37.703628540039062,-122.00505828857422,ALAMEDA,UNINCORPORATED,-122.00505828857422,37.703601837158203
91972896,2023,2023-01-20,9390,2023-01-13,"635 ",020395,,5,1,9,0100,0,1,1,,2,054,"INTERSTATE 580 (WESTBOUND)","GRANT LINE ROAD",1320.00,E,N,B,-,Y,ALA,,580," ",R,1.358,H,,R,N,4,0,1,2,A,-,03,22350,,N,C,C,A,A,H,-,D,D,0,,,,,Y,Y,A,01,0,0,1,0,0,0,0,0,0,"- ","- ",37.741039276123047,-121.58334350585938,ALAMEDA,UNINCORPORATED,-121.58332061767578,37.740959167480469
91972948,2023,2023-01-20,9345,2023-01-17,1800,021316,,2,2,6,0105,0,1,1,,2,070,"I-880 N/B","DIXON LANDING RD",1584.00,N,N,A,-,Y,ALA,,880," ",R,0.481,H,,R,Y,4,0,1,2,A,-,03,22350,,N,C,C,A,B,H,-,D,D,0,,,,,Y,,A,07,0,0,1,0,0,0,0,0,0,"- ","- ",37.462009429931641,-121.92536163330078,ALAMEDA,FREMONT,-121.9254150390625,37.461994171142578
91972970,2023,2023-01-20,9345,2023-01-17,1805,021961,,2,2,6,0105,0,1,1,,2,071,"I-880 S/B (NIMITZ FREEWAY)","DECOTO ROAD",795.00,N,N,A,-,Y,ALA,,880," "," ",10.459,H,,L,Y,3,0,1,2,A,-,08,22107,,N,B,C,A,A,H,-,D,D,0,,,,,Y,,A,01,0,1,0,0,0,0,0,0,0,"- ","- ",37.565288543701172,-122.04048919677734,ALAMEDA,FREMONT,-122.04052734375,37.565265655517578
91973163,2023,2023-01-20,9345,2023-01-18,"805 ",016802,,3,1,9,0100,0,2,S,,2,003,"ALMOND RD","LAMSON RD",100.00,S,N,A,-,N,,,,,,,,,,N,3,0,2,2,A,-,09,21804,A,N,D,C,A,A,H,-,A,D,0,,,,,Y,,A,01,0,1,1,0,0,0,0,0,0,"- ","- ",37.714889526367188,-122.08287811279297,ALAMEDA,UNINCORPORATED,-122.082763671875,37.7149658203125
91973164,2023,2023-01-20,9345,2023-01-13,1550,022870,,5,2,6,0106,0,2,S,,2,022,"MEEKLAND AVE","PASEO GRANDE",140.00,N,N,B,-,N,,,,,,,,,,N,4,0,1,3,A,-,03,22350,,M,C,C,A,B,H,-,A,D,0,,,,,Y,,A,01,0,0,1,0,0,0,0,0,0,"- ","- ",37.684719085693359,-122.11676788330078,ALAMEDA,HAYWARD,-122.11676025390625,37.684673309326172
91973171,2023,2023-01-20,9390,2023-01-14,"725 ",020395,,6,1,5,0107,0,1,1,,2,052,"INTERSTATE 580 (EASTBOUND)","FIRST STREET",1056.00,W,N,B,C,Y,ALA,,580," "," ",10.793,H,,L,Y,3,0,1,2,A,-,03,22350,,N,C,2,A,B,H,-,B,D,0,,,,,Y,,A,07,0,1,0,0,0,0,0,0,0,"- ","- ",37.702178955078125,-121.74221038818359,ALAMEDA,LIVERMORE,-121.74222564697266,37.702297210693359
91973284,2023,2023-01-20,9345,2023-01-17,1215,020911,,2,1,9,0100,0,1,1,,2,238,"I-238 N/B","SR-185 (E 14TH STREET)",300.00,N,N,A,-,Y,ALA,,238," ",R,14.851,H,,R,N,4,0,1,3,A,-,03,22350,,N,C,C,A,A,H,-,A,D,0,,,,,Y,,A,07,0,0,1,0,0,0,0,0,0,"- ","- ",37.689491271972656,-122.1043701171875,ALAMEDA,UNINCORPORATED,-122.10436248779297,37.689460754394531
91973394,2022,2023-01-23,9375,2022-12-30,1218,023040,,5,1,9,0100,0,3,5,,2,003,"CAROLYN ST","FOOTHILL BLVD",14.00,E,N,B,C,N,,,,,,,,,,N,4,0,1,2,A,-,08,22107,,M,D,C,A,B,H,-,A,A,0,,,,,Y,,-,"- ",0,0,1,0,0,0,0,0,0,"- ","- ",37.702461242675781,-122.11045074462891,ALAMEDA,UNINCORPORATED,-122.11045837402344,37.702388763427734
91973680,2023,2023-01-23,9345,2023-01-18,1110,018844,,3,1,9,0100,0,2,S,,2,042,"REDWOOD ROAD","GROVE WAY",250.00,N,N,A,-,N,,,,,,,,,,N,3,0,2,2,A,-,09,21804,A,N,D,C,A,A,H,-,A,D,0,,,,,Y,,A,01,0,1,1,0,0,0,0,0,0,"- ","- ",37.684841156005859,-122.07362365722656,ALAMEDA,UNINCORPORATED,-122.07353973388672,37.684906005859375
91973687,2023,2023-01-23,9335,2023-01-14,"440 ",022525,,6,3,7,0109,0,1,1,,2,084,"I-80 EB","SAN FRANCISCO/OAKLAND BAY BRIDGE TOLL PLAZA",400.00,W,N,B,C,Y,ALA,,80," "," ",1.907,H,,R,N,3,0,2,1,A,-,08,22107,,N,E,I,A,B,H,-,C,D,0,,,,,Y,,A,01,0,1,1,0,0,0,0,0,0,"- ","- ",37.823638916015625,-122.31510925292969,ALAMEDA,OAKLAND,-122.31510162353516,37.823612213134766
91973692,2023,2023-01-23,9345,2023-01-14,"645 ",023046,,6,1,9,0100,0,1,1,,2,074,"I-880 N/B","HACIENDA AVENUE",200.00,S,N,C,-,Y,ALA,,880," "," ",19.141,H,,R,N,4,0,1,1,A,-,08,22107,,N,E,I,A,B,H,-,A,D,0,,,,,Y,,D,22,0,0,1,0,0,0,0,0,0,"- ","- ",37.675338745117188,-122.11559295654297,ALAMEDA,UNINCORPORATED,-122.11551666259766,37.675395965576172
91974301,2023,2023-01-23,9390,2023-01-11,"430 ",022273,,3,3,5,0107,0,1,1,,2,052,"WESTBOUND I-580","AIRWAY BOULEVARD",3000.00,W,N,B,-,Y,ALA,,580," "," ",15.557,H,,R,Y,4,0,1,2,A,-,07,21658,A,N,B,C,A,B,H,-,D,D,0,,,,,Y,,D,22,0,0,1,0,0,0,0,0,0,"- ","- ",37.701171875,-121.82846069335938,ALAMEDA,LIVERMORE,-121.82846069335938,37.701183319091797
91974381,2023,2023-01-23,9390,2023-01-11,1815,022149,,3,2,5,0107,0,1,1,,2,053,"I-580 E/B","FIRST ST.",800.00,E,N,B,C,Y,ALA,,580," "," ",10.494,H,,R,N,4,0,1,2,A,-,03,22350,,M,C,C,A,B,H,-,C,D,0,,,,,Y,,-,99,0,0,1,0,0,0,0,0,0,"- ","- ",37.703418731689453,-121.73673248291016,ALAMEDA,LIVERMORE,-121.73686981201172,37.703662872314453
91974786,2023,2023-01-23,9345,2023-01-20,2310,022871,,5,3,6,0105,0,1,1,,2,071,"I-880 NORTHBOUND (NIMITZ FREEWAY)","PASEO PADRE PKY",0.00,S,N,A,-,Y,ALA,,880," "," ",10.920,H,,R,Y,2,0,3,1,A,-,01,23152,A,N,E,I,A,A,H,-,C,D,0,,,,,Y,Y,A,01,1,0,2,0,0,0,0,0,0,"- ","- ",37.57073974609375,-122.04532623291016,ALAMEDA,FREMONT,-122.04521179199219,37.570781707763672
91975458,2022,2023-01-24,9390,2022-11-24,1248,022149,,4,1,9,0100,0,2,4,,2,557,"ALTAMONT PASS ROAD (8600 BLOCK)","MM 1.0",172.00,E,N,A,-,N,,,,,,,,,,Y,1,1,3,2,A,-,05,21460,A,N,A,C,A,A,H,-,A,D,0,,,,,Y,,A,01,2,1,0,0,0,0,0,0,0,"- ","- ",37.722709655761719,-121.68788909912109,ALAMEDA,UNINCORPORATED,,
91975552,2023,2023-01-24,9390,2023-01-14,2210,022303,,6,3,9,0100,0,2,4,,2,226,"COLLIER CANYON ROAD (1400 BLOCK)","DOOLAN RD",3643.00,W,N,B,C,N,,,,,,,,,,Y,4,0,1,1,A,-,01,23152,A,N,E,I,A,B,H,-,D,D,0,,,,,Y,Y,A,01,0,0,1,0,0,0,0,0,0,"- ","- ",37.701519012451172,-121.8360595703125,ALAMEDA,UNINCORPORATED,-121.83585357666016,37.701469421386719
91975567,2023,2023-01-24,9390,2023-01-15,"350 ",022867,,7,3,9,0100,0,1,1,,2,054,"I-580 E/B","GRANT LINE RD",2798.00,W,N,B,C,Y,ALA,,580," ",R,2.183,H,,L,N,3,0,2,1,A,-,01,23152,A,N,E,I,A,B,H,-,D,D,0,,,,,Y,Y,A,01,0,1,1,0,0,0,0,0,0,"- ","- ",37.737949371337891,-121.59797668457031,ALAMEDA,UNINCORPORATED,-121.59799957275391,37.738025665283203
91975582,2023,2023-01-24,9370,2023-01-12,"540 ",022798,,4,3,7,0109,0,1,3,,2,025,"SR-24 W/B TO I-580","40TH ST",45.00,E,N,A,-,Y,ALA,,24," ",R,2.231,H,,L,Y,4,0,4,2,A,-,03,22350,,N,C,C,A,A,H,-,A,D,0,,,,,Y,,A,01,0,0,4,0,0,0,0,0,0,"- ","- ",37.829830169677734,-122.26744842529297,ALAMEDA,OAKLAND,-122.26722717285156,37.829803466796875
91976703,2023,2023-01-25,9390,2023-01-14,"835 ",021624,,6,1,9,0100,0,1,1,,2,065,"I-680 N/B","ANDRADE ROAD",1670.00,S,N,B,C,Y,ALA,,680," ",R,9.389,H,,R,Y,3,0,2,3,A,-,03,22350,,N,D,C,A,B,H,-,A,D,0,,,,Y,Y,,A,07,0,1,1,0,0,0,0,0,0,"- ","- ",37.571441650390625,-121.88977813720703,ALAMEDA,UNINCORPORATED,-121.88979339599609,37.571453094482422
91976883,2023,2023-01-25,9390,2023-01-16,"100 ",022204,,1,3,9,0100,0,1,1,,2,050,I-580,"EDEN CANYON ROAD",4224.00,E,N,B,C,Y,ALA,,580," ",R,25.268,H,,R,Y,3,0,1,3,A,-,03,22350,,N,C,C,A,B,H,-,D,D,0,,,,Y,Y,,A,01,0,1,0,0,0,0,0,0,0,"- ","- ",37.703639984130859,-122.00375366210938,ALAMEDA,UNINCORPORATED,-122.00375366210938,37.703666687011719
91977009,2023,2023-01-25,9370,2023-01-15,1952,022964,,7,2,7,0109,0,1,1,,2,178,"I-880 N/B","5TH STREET",1830.00,N,N,C,-,Y,ALA,,880," ",R,32.826,H,,R,N,4,0,2,1,A,-,03,22350,,N,B,I,A,B,H,-,C,A,0,,,,,Y,,A,01,0,0,2,0,0,0,0,0,0,"- ","- ",37.802310943603516,-122.2960205078125,ALAMEDA,OAKLAND,-122.29601287841797,37.802139282226562
91977079,2023,2023-01-25,9390,2023-01-16,1220,023163,,1,1,5,0111,0,1,1,,2,051,"E/B 580","FOOTHILL RD",4171.00,W,N,A,-,Y,ALA,,580," ",R,22.228,H,,L,N,4,0,1,3,A,-,07,21658,A,N,C,C,A,A,H,-,A,D,0,,,,,Y,,D,22,0,0,1,0,0,0,0,0,0,"- ","- ",37.698158264160156,-121.94969177246094,ALAMEDA,PLEASANTON,-121.94969177246094,37.698253631591797
91977164,2023,2023-01-25,9370,2023-01-18,1810,022845,,3,2,6,0103,0,1,1,,2,081,"I-80 E/B","GILMAN ST",1421.00,W,N,B,-,Y,ALA,,80," "," ",6.371,H,,R,N,3,0,1,3,A,-,03,22350,,N,C,C,A,A,H,-,D,D,0,,,,,Y,,A,07,0,1,0,0,0,0,0,0,0,"- ","- ",37.874309539794922,-122.30593872070312,ALAMEDA,BERKELEY,-122.30601501464844,37.874294281005859
91977907,2023,2023-01-26,9370,2023-01-06,1815,022800,,5,2,7,0109,0,1,1,,2,054,"I-580 W/B","LAKE PARK AVE",553.00,W,N,B,-,Y,ALA,,580," "," ",43.351,H,,L,N,4,0,1,3,A,-,07,21658,A,F,B,C,A,A,H,-,C,D,0,,,,,Y,,-,99,0,0,1,0,0,0,0,0,0,"- ","- ",37.809131622314453,-122.24385070800781,ALAMEDA,OAKLAND,-122.24394226074219,37.808917999267578
91977931,2023,2023-01-26,9370,2023-01-13,"925 ",022816,,5,1,7,0109,0,1,1,,2,176,"I-880 S/B","66TH AVE",1250.00,S,N,C,-,Y,ALA,,880," "," ",26.370,H,,L,N,3,0,1,3,A,-,03,22350,,N,C,C,A,B,H,-,A,D,0,,,,,Y,,A,01,0,1,0,0,0,0,0,0,0,"- ","- ",37.751041412353516,-122.20575714111328,ALAMEDA,OAKLAND,-122.20571899414062,37.751064300537109
91978326,2023,2023-01-26,9370,2023-01-24,"822 ",023196,,2,1,7,0109,0,1,1,,2,052,"I-580 W/B","EDWARDS AVE",240.00,E,N,A,-,Y,ALA,,580," ",R,38.270,H,,L,Y,4,0,1,2,A,-,03,22350,,N,C,C,A,A,H,-,A,D,0,,,,,Y,,A,07,0,0,1,0,0,0,0,0,0,"- ","- ",37.77587890625,-122.16342926025391,ALAMEDA,OAKLAND,-122.16339874267578,37.775920867919922
91978441,2023,2023-01-26,9390,2023-01-17,1930,023198,,2,2,4,0198,0,1,1,,2,051,"I-580 W/B TO HACIENDA DRIVE","HACIENDA DRIVE",18.00,E,N,A,-,Y,,,,,,,,,,N,4,0,2,2,A,-,03,22350,,N,C,C,A,A,H,-,C,A,0,,,,,Y,,A,01,0,0,2,0,0,0,0,0,0,"- ","- ",37.702991485595703,-121.88784027099609,ALAMEDA,DUBLIN,-121.88784027099609,37.702991485595703
91978639,2023,2023-02-03,9390,2023-01-18,1320,023198,,3,1,9,0100,0,1,1,,2,054,"I-580 E/B","W GRANT LINE ROAD",1950.00,E,N,A,-,Y,ALA,,580," ",R,1.125,H,,R,N,3,0,1,2,A,-,08,22107,,N,B,C,A,A,H,-,A,D,0,,,Y,,Y,,A,01,0,1,0,0,0,0,0,0,1,"- ","- ",37.741329193115234,-121.57913970947266,ALAMEDA,UNINCORPORATED,-121.57917785644531,37.741584777832031
91980141,2023,2023-01-27,9345,2023-01-17,1750,022199,,2,2,9,0100,0,2,S,,2,042,"REDWOOD RD","GROVE WAY",155.00,N,N,A,-,N,,,,,,,,,,N,3,0,2,2,A,-,09,21804,A,N,D,C,A,A,H,-,C,D,0,,,,,Y,,D,22,0,1,1,0,0,0,0,0,0,"- ","- ",37.684841156005859,-122.07363891601562,ALAMEDA,UNINCORPORATED,-122.07353210449219,37.684646606445312