CASE_ID,ACCIDENT_YEAR,PROC_DATE,JURIS,COLLISION_DATE,COLLISION_TIME,OFFICER_ID,REPORTING_DISTRICT,DAY_OF_WEEK,CHP_SHIFT,POPULATION,CNTY_CITY_LOC,SPECIAL_COND,BEAT_TYPE,CHP_BEAT_TYPE,CITY_DIVISION_LAPD,CHP_BEAT_CLASS,BEAT_NUMBER,PRIMARY_RD,SECONDARY_RD,DISTANCE,DIRECTION,INTERSECTION,WEATHER_1,WEATHER_2,STATE_HWY_IND,CALTRANS_COUNTY,CALTRANS_DISTRICT,STATE_ROUTE,ROUTE_SUFFIX,POSTMILE_PREFIX,POSTMILE,LOCATION_TYPE,RAMP_INTERSECTION,SIDE_OF_HWY,TOW_AWAY,COLLISION_SEVERITY,NUMBER_KILLED,NUMBER_INJURED,PARTY_COUNT,PRIMARY_COLL_FACTOR,PCF_CODE_OF_VIOL,PCF_VIOL_CATEGORY,PCF_VIOLATION,PCF_VIOL_SUBSECTION,HIT_AND_RUN,TYPE_OF_COLLISION,MVIW,PED_ACTION,ROAD_SURFACE,ROAD_COND_1,ROAD_COND_2,LIGHTING,CONTROL_DEVICE,CHP_ROAD_TYPE,PEDESTRIAN_ACCIDENT,BICYCLE_ACCIDENT,MOTORCYCLE_ACCIDENT,TRUCK_ACCIDENT,NOT_PRIVATE_PROPERTY,ALCOHOL_INVOLVED,STWD_VEHTYPE_AT_FAULT,CHP_VEHTYPE_AT_FAULT,COUNT_SEVERE_INJ,COUNT_VISIBLE_INJ,COUNT_COMPLAINT_PAIN,COUNT_PED_KILLED,COUNT_PED_INJURED,COUNT_BICYCLIST_KILLED,COUNT_BICYCLIST_INJURED,COUNT_MC_KILLED,COUNT_MC_INJURED,PRIMARY_RAMP,SECONDARY_RAMP,LATITUDE,LONGITUDE,COUNTY,CITY,POINT_X,POINT_Y
92222501,2023,2023-10-30,9370,2023-10-07,2313,022841,,6,3,7,0109,0,1,3,,2,024,"SR-24 W/B","GOLDEN GATE AVE",702.00,E,N,A,-,Y,ALA,,24," ",R,4.600,H,,L,N,2,0,1,3,A,-,07,21658,A,F,B,C,A,A,H,-,D,D,0,,,Y,,Y,,-,"- ",1,0,0,0,0,0,0,0,1,"- ","- ",37.849800109863281,-122.23741149902344,ALAMEDA,OAKLAND,-122.23741912841797,37.849781036376953
92222828,2023,2023-10-30,9345,2023-09-11,"800 ",020554,,1,1,6,0106,0,1,1,,2,073,"I-880 N/B FROM WINTON AVE. E/B","WINTON AVE.",120.00,S,N,A,-,Y,ALA,,880," "," ",17.572,H,,R,N,4,0,1,2,A,-,03,22350,,N,C,C,A,A,H,-,A,D,0,,,,,Y,,A,07,0,0,1,0,0,0,0,0,0,"- ","- ",37.656131744384766,-122.10093688964844,ALAMEDA,HAYWARD,-122.10108947753906,37.656070709228516
92222911,2023,2023-10-30,9390,2023-10-21,1915,023404,,6,2,5,0111,0,1,1,,2,050,"I-580 EASTBOUND","FOOTHILL ROAD",2525.00,W,N,A,-,Y,ALA,,580," ",R,21.915,H,,L,N,3,0,1,3,A,-,03,22350,,N,C,C,A,A,H,-,C,D,0,,,,,Y,,A,01,0,1,0,0,0,0,0,0,0,"- ","- ",37.698188781738281,-121.94394683837891,ALAMEDA,PLEASANTON,-121.94394683837891,37.698204040527344
92222998,2023,2023-10-31,9390,2023-10-20,2245,022579,,5,3,9,0100,0,3,5,,2,300,"CALAVERAS RD.","MPM 6.05",50.00,N,N,A,-,N,,,,,,,,,,Y,4,0,1,1,A,-,08,22107,,N,E,I,A,A,H,-,D,D,0,,,,,Y,,A,01,0,0,1,0,0,0,0,0,0,"- ","- ",37.512718200683594,-121.83502197265625,ALAMEDA,UNINCORPORATED,,
92223045,2023,2023-10-31,9370,2023-10-19,2131,022306,,4,2,7,0109,0,1,3,,2,025,"SR-24 WESTBOUND","TELEGRAPH AVENUE",528.00,E,N,A,-,Y,ALA,,24," ",R,3.758,H,,L,Y,4,0,1,2,A,-,03,22350,,N,C,C,A,A,H,-,C,D,0,,,,,Y,,A,01,0,0,1,0,0,0,0,0,0,"- ","- ",37.845001220703125,-122.25102996826172,ALAMEDA,OAKLAND,-122.25106811523438,37.845054626464844
92223066,2023,2023-10-31,9370,2023-10-19,2356,022773,,4,3,7,0109,0,1,1,,2,177,"I-880 S/B","66TH AVE",1620.00,N,N,A,-,Y,ALA,,880," "," ",26.901,H,,L,Y,3,0,1,2,A,-,07,21658,A,N,C,C,A,A,H,-,D,B,0,,,,,Y,,A,01,0,1,0,0,0,0,0,0,0,"- ","- ",37.757419586181641,-122.21125793457031,ALAMEDA,OAKLAND,-122.21129608154297,37.757400512695312
92223100,2023,2023-10-31,9390,2023-10-21,2030,023404,,6,2,9,0100,0,1,1,,2,025,"I-205 EASTBOUND","I-580 EASTBOUND",285.00,E,N,A,-,Y,ALA,,580," ",L,0.954,H,,L,Y,4,0,1,2,A,-,03,22350,,N,C,C,A,A,H,-,C,D,0,,,,,Y,,A,01,0,0,1,0,0,0,0,0,0,"- ","- ",37.741878509521484,-121.57282257080078,ALAMEDA,UNINCORPORATED,-121.57280731201172,37.741744995117188
92223113,2023,2023-10-31,9345,2023-10-25,"835 ",023460,,3,1,9,0100,0,2,S,,2,040,"E CASTRO VALLEY BLVD","VILLAREAL DR",100.00,W,N,A,-,N,,,,,,,,,,N,3,0,1,2,A,-,03,22350,,N,C,C,A,A,H,-,A,A,0,,,,,Y,,A,01,0,1,0,0,0,0,0,0,0,"- ","- ",37.702091217041016,-122.03678131103516,ALAMEDA,UNINCORPORATED,-122.0367431640625,37.702133178710938
92223144,2023,2023-10-31,9370,2023-10-19,2357,022773,,4,3,7,0109,0,1,1,,2,177,"I-880 S/B","66TH AVENUE",1621.00,N,N,A,-,Y,ALA,,880," "," ",26.913,H,,L,Y,3,0,1,2,A,-,03,22350,,N,A,E,A,A,H,-,D,D,0,,,,,Y,,A,01,0,1,0,0,0,0,0,0,0,"- ","- ",37.757579803466797,-122.21134948730469,ALAMEDA,OAKLAND,-122.21141815185547,37.757541656494141
92223162,2023,2023-10-31,9345,2023-10-17,1955,023487,,2,2,4,0108,0,1,3,,1,184,"SR-84 NORTHBOUND","LAKE BOULEVARD",2175.00,N,N,A,-,Y,ALA,,84," ",R,5.783,H,,R,Y,4,0,1,5,A,-,03,22350,,M,C,C,A,A,H,-,C,D,0,,,,,Y,,-,99,0,0,1,0,0,0,0,0,0,"- ","- ",37.560619354248047,-122.04067993164062,ALAMEDA,NEWARK,-122.04072570800781,37.560642242431641
92223206,2023,2024-01-30,9370,2023-10-20,"40  ",022885,,5,3,7,0109,0,1,1,,2,176,"I-880 S/B","ZHONE WAY",1580.00,N,N,A,-,Y,ALA,,880," "," ",26.914,H,,L,Y,3,0,2,2,A,-,01,23152,A,N,C,E,A,A,H,-,C,A,0,,,,,Y,Y,A,01,0,1,1,0,0,0,0,0,0,"- ","- ",37.757579803466797,-122.21138000488281,ALAMEDA,OAKLAND,-122.21143341064453,37.757553100585938
92223207,2023,2023-10-31,9345,2023-10-20,1603,023012,,5,2,9,0100,0,2,S,,2,031,"SAN MIGUEL AVE","CASTRO VALLEY BLVD",10.00,N,N,A,-,N,,,,,,,,,,N,4,0,1,2,A,-,09,21802,B,N,D,G,A,A,H,-,A,A,0,,Y,,,Y,,L,04,0,0,1,0,0,0,1,0,0,"- ","- ",37.695671081542969,-122.08100128173828,ALAMEDA,UNINCORPORATED,-122.08120727539062,37.695549011230469
92223220,2023,2023-10-31,9345,2023-10-23,"710 ",019329,,1,1,5,0112,0,1,S,,2,580,"I-580 E/B","GRAND AVE",2500.00,W,N,A,-,Y,ALA,,580," ",R,33.450,H,,R,Y,3,0,1,2,A,-,07,21658,A,N,D,C,A,A,H,-,A,D,0,,,,,Y,,A,01,0,1,0,0,0,0,0,0,0,"- ","- ",37.715831756591797,-122.13213348388672,ALAMEDA,"SAN LEANDRO",-122.13181304931641,37.715923309326172
92223249,2023,2023-10-31,9345,2023-10-23,1045,021936,,1,1,9,0100,0,1,1,,2,074,"I-238 N/B","CASTRO VALLEY BOULEVARD",1255.00,N,N,A,-,Y,ALA,,580," ",R,30.837,H,,L,Y,3,0,3,4,A,-,03,22350,,N,C,C,A,A,H,-,A,D,0,,,,Y,Y,,G,25,0,2,1,0,0,0,0,0,0,"- ","- ",37.690269470214844,-122.09783172607422,ALAMEDA,UNINCORPORATED,-122.09786224365234,37.690193176269531
92223262,2023,2024-01-08,9370,2023-10-21,1809,023139,,6,2,7,0109,0,1,3,,2,025,"I-580 E/B TO SR-24 E/B","WEST MACARTHUR BLVD",485.00,E,N,A,-,Y,ALA,,24," ",R,2.132,H,,R,N,3,0,1,3,A,-,07,21658,A,N,C,C,A,A,H,-,A,D,0,,,,,Y,,A,01,0,1,0,0,0,0,0,0,0,"- ","- ",37.828250885009766,-122.26670074462891,ALAMEDA,OAKLAND,-122.26694488525391,37.828281402587891
92223285,2023,2023-10-31,9390,2023-10-24,"830 ",020760,,2,1,9,0100,0,1,1,,2,054,"I-580 WESTBOUND","GRANT LINE ROAD",20.00,E,N,A,-,Y,ALA,,580," ",R,1.471,H,,L,N,3,0,1,2,A,-,03,22350,,N,C,C,A,A,H,-,A,D,0,,,,,Y,,A,07,0,1,0,0,0,0,0,0,0,"- ","- ",37.740619659423828,-121.58538055419922,ALAMEDA,UNINCORPORATED,-121.58531951904297,37.740413665771484
92223293,2023,2023-10-31,9390,2023-10-24,1020,020760,,2,1,5,0107,0,1,1,,2,053,"I-580 WESTBOUND","GREENVILLE ROAD",600.00,W,N,A,-,Y,ALA,,580," ",R,8.810,H,,L,Y,4,0,1,3,A,-,03,22350,,N,C,C,A,A,H,-,A,D,0,,,,,Y,,A,01,0,0,1,0,0,0,0,0,0,"- ","- ",37.715248107910156,-121.70948028564453,ALAMEDA,LIVERMORE,-121.70935821533203,37.715072631835938
92223326,2023,2023-10-31,9390,2023-10-26,"715 ",016633,,4,1,9,0100,0,1,1,,2,050,"I-580 EASTBOUND","EDEN CANYON RD.",3140.00,E,N,A,-,Y,ALA,,580," ",R,25.636,H,,L,N,4,0,1,2,A,-,08,22107,,N,B,2,A,A,H,-,A,D,0,,,,Y,Y,,F,27,0,0,1,0,0,0,0,0,0,"- ","- ",37.702930450439453,-122.01045227050781,ALAMEDA,UNINCORPORATED,-122.01045227050781,37.702995300292969
92223424,2023,2023-10-31,9370,2023-10-22,1905,022988,,7,2,2,0104,0,1,1,,2,080,"I-80 W/B","POWELL ST",870.00,E,N,C,-,Y,ALA,,80," "," ",3.984,H,,L,N,3,0,1,3,A,-,03,22350,,N,C,C,A,B,H,-,C,D,0,,,,,Y,,A,08,0,1,0,0,0,0,0,0,0,"- ","- ",37.840618133544922,-122.29718780517578,ALAMEDA,EMERYVILLE,-122.29720306396484,37.840618133544922
92223431,2023,2024-03-18,9370,2023-10-18,1830,023475,,3,2,2,0104,0,1,1,,2,080,"I-80 E/B","POWELL ST",700.00,E,N,A,-,Y,ALA,,80," "," ",4.250,H,,R,Y,4,0,1,3,A,-,06,21755,,N,B,C,A,A,H,-,B,D,0,,,,,Y,,A,01,0,0,1,0,0,0,0,0,0,"- ","- ",37.844371795654297,-122.29763031005859,ALAMEDA,EMERYVILLE,-122.29775238037109,37.844352722167969
92223444,2023,2023-10-31,9370,2023-10-23,1655,022124,,1,2,7,0109,0,1,1,,2,054,"I-580 W/B","CHETWOOD ST",50.00,W,N,A,-,Y,ALA,,580," "," ",44.078,H,,L,Y,4,0,3,4,A,-,07,21658,A,N,B,C,A,A,H,-,A,D,0,,,,,Y,,A,01,0,0,3,0,0,0,0,0,0,"- ","- ",37.816490173339844,-122.25155639648438,ALAMEDA,OAKLAND,-122.25182342529297,37.816402435302734
92223489,2023,2023-10-31,9345,2023-10-04,1430,022259,,3,2,9,0100,0,1,1,,2,238,"I-238 NORTHBOUND","EAST 14TH STREET",1584.00,N,N,A,-,Y,ALA,,238," "," ",15.248,H,,R,N,4,0,1,2,A,-,07,21658,A,M,E,I,A,A,H,-,A,D,0,,,,,Y,,-,99,0,0,1,0,0,0,0,0,0,"- ","- ",37.688621520996094,-122.11170959472656,ALAMEDA,UNINCORPORATED,-122.11170959472656,37.688690185546875
92223492,2023,2024-06-18,9345,2023-10-19,1115,020554,,4,1,9,0100,0,2,S,,2,020,"LEWELLING BLVD. W/B","VIA GRANADA",330.00,W,N,A,-,N,,,,,,,,,,N,4,0,1,2,A,-,09,21804,A,N,D,G,A,A,H,-,A,D,0,,Y,,,Y,,A,01,0,0,1,0,0,0,1,0,0,"- ","- ",37.686790466308594,-122.12621307373047,ALAMEDA,UNINCORPORATED,-122.12609100341797,37.686630249023438
92223889,2023,2023-10-31,9370,2023-10-14,"123 ",022848,,6,3,7,0109,0,1,1,,2,176,"I-880 S/B","HEGENBERGER RD",850.00,N,N,A,-,Y,ALA,,880," "," ",26.331,H,,L,N,3,0,1,3,A,-,01,23152,A,M,B,C,A,A,H,-,C,D,0,,,,Y,Y,Y,A,07,0,1,0,0,0,0,0,0,0,"- ","- ",37.750568389892578,-122.20536804199219,ALAMEDA,OAKLAND,-122.20530700683594,37.750602722167969
92224053,2023,2023-10-31,9345,2023-10-21,"945 ",023233,,6,1,9,0100,0,2,S,,2,002,"VIA TOLEDO","PASEO GRANDE",0.00,,Y,A,-,N,,,,,,,,,,N,4,0,1,2,A,-,09,21804,A,N,D,C,A,A,H,-,A,A,0,,,,,Y,,A,07,0,0,1,0,0,0,0,0,0,"- ","- ",37.682571411132812,-122.12146759033203,ALAMEDA,UNINCORPORATED,,
92224317,2023,2023-10-31,9390,2023-10-24,"120 ",023292,,2,3,5,0111,0,1,1,,2,051,"I-580 EASTBOUND","HACIENDA DRIVE",2700.00,W,N,A,-,Y,ALA,,580," "," ",19.347,H,,L,Y,3,0,2,2,A,-,03,22350,,N,C,C,A,A,H,-,C,D,0,,,,,Y,,A,01,0,1,1,0,0,0,0,0,0,"- ","- ",37.701469421386719,-121.89759063720703,ALAMEDA,PLEASANTON,-121.89759063720703,37.701442718505859
92224459,2023,2023-10-31,9370,2023-10-19,"730 ",023135,,4,1,7,0109,0,1,1,,2,008,"I-80 W/B","WEST GRAND AVENUE",2602.00,E,N,A,-,Y,ALA,,80," "," ",2.785,H,,L,N,2,0,1,2,A,-,07,21658,A,N,B,C,A,A,H,-,A,D,0,,,Y,,Y,,C,02,1,0,0,0,0,0,0,0,1,"- ","- ",37.826709747314453,-122.29969787597656,ALAMEDA,OAKLAND,-122.29967498779297,37.826648712158203
92224547,2023,2023-10-31,9345,2023-10-27,"920 ",022891,,5,1,6,0105,0,1,1,,2,071,"I-880 SB","MOWRY AVE",2429.00,N,N,A,-,Y,ALA,,880," "," ",7.658,H,,L,N,4,0,1,2,A,-,08,22107,,N,B,C,A,A,H,-,A,D,0,,,,,Y,,A,01,0,0,1,0,0,0,0,0,0,"- ","- ",37.533618927001953,-122.00949096679688,ALAMEDA,FREMONT,-122.00951385498047,37.533588409423828
92224713,2023,2023-10-31,9345,2023-10-21,"20  ",022977,,6,3,6,0106,0,1,1,,2,074,"I-880 SOUTHBOUND","PASEO GRANDE",0.10,N,N,A,-,Y,ALA,,880," "," ",19.851,H,,L,N,4,0,1,3,C,-,18,,,N,A,C,A,A,H,-,C,D,0,,,,,Y,,-,"- ",0,0,1,0,0,0,0,0,0,"- ","- ",37.682029724121094,-122.12564086914062,ALAMEDA,HAYWARD,-122.12567138671875,37.681999206542969
92224792,2023,2023-11-01,9370,2023-10-26,1655,022350,,4,2,6,0103,0,1,1,,2,081,"I-80 W/B","ASHBY AVE",1665.00,E,N,A,-,Y,ALA,,80," "," ",4.899,H,,L,N,4,0,1,2,A,-,03,22350,,N,C,C,A,A,H,-,A,D,0,,,,,Y,,D,22,0,0,1,0,0,0,0,0,0,"- ","- ",37.853538513183594,-122.30013275146484,ALAMEDA,BERKELEY,-122.30017852783203,37.853534698486328
92225227,2023,2023-11-01,9370,2023-10-24,"825 ",018499,,2,1,7,0109,0,1,1,,2,176,"I-880 N/B","98TH AVE",1400.00,S,N,B,-,Y,ALA,,880," "," ",24.467,H,,R,Y,4,0,3,3,A,-,03,22350,,N,C,C,A,A,H,-,A,D,0,,,,,Y,,A,07,0,0,3,0,0,0,0,0,0,"- ","- ",37.728481292724609,-122.18569946289062,ALAMEDA,OAKLAND,-122.18562316894531,37.728519439697266
92225515,2023,2023-11-01,9390,2023-10-28,"930 ",022478,,6,1,9,0100,0,1,1,,2,054,"I-580 EASTBOUND","FLYNN ROAD",5808.00,E,N,A,-,Y,ALA,,580," ",R,4.822,H,,L,Y,4,0,2,3,A,-,07,21658,A,N,B,C,A,A,H,-,A,D,0,,,,,Y,,D,22,0,0,2,0,0,0,0,0,0,"- ","- ",37.725189208984375,-121.64160919189453,ALAMEDA,UNINCORPORATED,-121.64163970947266,37.725242614746094
92225523,2023,2023-11-01,9390,2023-10-31,"840 ",017095,,2,1,4,0198,0,1,1,,2,067,"I-680 S/B","AMADOR VALLEY BOULEVARD",150.00,N,N,A,-,Y,ALA,,680," ",R,20.815,H,,L,Y,4,0,1,1,A,-,08,22107,,N,F,A,A,A,H,-,A,D,0,,,Y,,Y,,C,02,0,0,1,0,0,0,0,0,1,"- ","- ",37.710479736328125,-121.92952728271484,ALAMEDA,DUBLIN,-121.92961883544922,37.710433959960938
92225580,2023,2023-11-01,9345,2023-10-21,1445,023036,,6,2,6,0106,0,1,1,,2,071,"I-880 S/B","WINTON AVE",1848.00,S,N,A,-,Y,ALA,,880," "," ",17.243,H,,L,N,4,0,1,2,A,-,03,22350,,N,C,C,A,A,H,-,A,D,0,,,,,Y,,D,22,0,0,1,0,0,0,0,0,0,"- ","- ",37.651699066162109,-122.09866333007812,ALAMEDA,HAYWARD,-122.09871673583984,37.651676177978516
92225861,2023,2023-11-01,9370,2023-11-01,1035,023344,,3,1,6,0103,0,1,1,,2,081,"INTERSTATE 80 WESTBOUND","GILMAN STREET",830.00,W,N,A,-,Y,ALA,,80," "," ",6.332,H,,L,Y,3,0,1,2,A,-,03,22350,,N,C,C,A,A,H,-,A,A,0,,,,,Y,,A,01,0,1,0,0,0,0,0,0,0,"- ","- ",37.873741149902344,-122.30600738525391,ALAMEDA,BERKELEY,-122.30606842041016,37.873729705810547
92225946,2023,2023-11-01,9370,2023-10-20,1925,023139,,5,2,6,0103,0,1,1,,2,081,"I-80 E/B","GILMAN ST",2025.00,W,N,A,-,Y,ALA,,80," "," ",6.258,H,,R,N,4,0,1,2,A,-,03,22350,,N,C,C,A,A,H,-,D,D,0,,,,,Y,,A,01,0,0,1,0,0,0,0,0,0,"- ","- ",37.872711181640625,-122.30552673339844,ALAMEDA,BERKELEY,-122.30547332763672,37.872718811035156
92226249,2023,2023-11-02,9370,2023-10-26,1720,023377,,4,2,2,0104,0,1,1,,2,080,"INTERSTATE 80 WESTBOUND","POWELL STREET",1003.00,W,N,A,-,Y,ALA,,80," "," ",3.603,H,,L,Y,3,0,1,1,A,-,01,23152,A,N,E,I,A,A,H,-,A,D,0,,,,,Y,Y,A,01,0,1,0,0,0,0,0,0,0,"- ","- ",37.835250854492188,-122.29541778564453,ALAMEDA,EMERYVILLE,-122.29555511474609,37.835205078125
92226532,2023,2023-11-02,9345,2023-10-21,"320 ",022935,,6,3,9,0100,0,2,S,,2,030,"FAIRMONT DR",I-580,2640.00,E,N,A,-,N,,,,,,,,,,Y,2,0,1,1,A,-,01,23152,A,N,E,I,A,A,H,-,C,D,0,,,,,Y,Y,D,22,1,0,0,0,0,0,0,0,0,"- ","- ",37.717540740966797,-122.12110900878906,ALAMEDA,UNINCORPORATED,-122.12189483642578,37.715019226074219
92226637,2023,2023-11-02,9345,2023-10-22,"340 ",023040,,7,3,6,0106,0,1,1,,2,073,"I-880 N/B","INDUSTRIAL PARKWAY",800.00,S,N,B,C,Y,ALA,,880," "," ",14.438,H,,R,Y,4,0,2,2,A,-,07,21658,A,N,B,C,A,B,H,-,C,D,0,,,,,Y,Y,A,01,0,0,2,0,0,0,0,0,0,"- ","- ",37.616260528564453,-122.07334136962891,ALAMEDA,HAYWARD,-122.07325744628906,37.616294860839844
92226885,2023,2023-11-03,9345,2023-10-27,1045,023013,,5,1,6,0106,0,1,1,,2,073,"I-880 N/B","TENNYSON RD",158.00,N,N,A,-,Y,ALA,,880," "," ",15.983,H,,R,N,3,0,2,2,A,-,03,22350,,N,C,C,A,A,H,-,A,D,0,,,,,Y,,A,01,0,2,0,0,0,0,0,0,0,"- ","- ",37.634998321533203,-122.08673858642578,ALAMEDA,HAYWARD,-122.08672332763672,37.635005950927734
92227481,2023,2023-11-03,9370,2023-09-19,1058,022798,,2,1,7,0109,0,1,1,,2,053,"I-580 E/B","BOSTON AVENUE",626.00,W,N,A,-,Y,ALA,,580," ",R,41.446,H,,R,Y,1,1,1,3,A,-,08,22107,,N,D,C,A,A,H,-,A,D,0,,,,,Y,,A,01,0,1,0,0,0,0,0,0,0,"- ","- ",37.797870635986328,-122.21566009521484,ALAMEDA,OAKLAND,-122.21558380126953,37.798057556152344
92227628,2023,2023-11-03,9345,2023-10-26,"720 ",023452,,4,1,6,0106,0,1,1,,2,072,"I-880 S/B","WHIPPLE ROAD",1056.00,N,N,A,-,Y,ALA,,880," "," ",13.879,H,,L,Y,4,0,1,2,A,-,03,22350,,N,C,C,A,A,H,-,A,D,0,,,,Y,Y,,F,26,0,0,1,0,0,0,0,0,0,"- ","- ",37.609138488769531,-122.06849670410156,ALAMEDA,HAYWARD,-122.06852722167969,37.609127044677734
92227726,2023,2023-11-03,9345,2023-10-30,"850 ",023013,,1,1,6,0105,0,1,1,,2,071,"I-880 S/B","MOWRY AVE",2640.00,N,N,A,-,Y,ALA,,880," "," ",7.270,H,,L,N,4,0,1,2,A,-,03,22350,,N,C,C,A,A,H,-,A,D,0,,,,,Y,,D,22,0,0,1,0,0,0,0,0,0,"- ","- ",37.530490875244141,-122.00360870361328,ALAMEDA,FREMONT,-122.003662109375,37.530426025390625
92227793,2023,2023-11-03,9335,2023-03-15,2320,021754,,3,3,7,0109,0,1,1,,1,082,"I-80 W/B","YERBA BUENA ISLAND TUNNEL EAST EDGE",6336.00,E,N,A,-,Y,ALA,,80," ",R,0.176,H,,L,Y,1,2,0,2,A,-,01,23152,A,N,C,C,A,A,H,-,C,D,0,,,,Y,Y,Y,A,01,0,0,0,0,0,0,0,0,0,"- ","- ",37.819679260253906,-122.34651947021484,ALAMEDA,OAKLAND,-122.34653472900391,37.819725036621094
92227870,2023,2023-11-03,9345,2023-10-25,1330,022944,,3,1,9,0100,0,1,1,,2,074,"I-880 SB","LEWELLING BLVD.",528.00,N,N,B,-,Y,ALA,,880," "," ",20.475,H,,L,Y,4,0,2,3,A,-,03,22350,,N,C,2,A,A,H,-,A,D,0,,,,,Y,,A,08,0,0,2,0,0,0,0,0,0,"- ","- ",37.688018798828125,-122.13423919677734,ALAMEDA,UNINCORPORATED,-122.13427734375,37.687984466552734
92228577,2023,2023-11-06,9370,2023-10-02,2135,023488,,1,2,7,0109,0,1,3,,2,175,"42ND AVE","COLISEUM WAY",0.00,,Y,A,-,N,,,,,,,,,,Y,3,0,1,2,A,-,09,21800,D,N,D,C,A,A,H,-,E,B,0,,,,,Y,,A,01,0,1,0,0,0,0,0,0,0,"- ","- ",37.769828796386719,-122.22077178955078,ALAMEDA,OAKLAND,,
92228654,2023,2023-11-06,9370,2023-08-19,1255,023275,,6,1,7,0109,0,1,3,,2,025,"SR-24 W/B TO I-580 W/B","WEST MACARTHUR BOULEVARD",185.00,E,N,A,-,Y,,,,,,,,,,N,4,0,2,2,A,-,03,22350,,N,C,C,A,A,H,-,A,D,0,,,,,Y,,A,07,0,0,2,0,0,0,0,0,0,"- ","- ",37.827529907226562,-122.26811218261719,ALAMEDA,OAKLAND,-122.26811218261719,37.827529907226562
92228723,2023,2023-11-06,9345,2023-10-30,1545,022944,,1,2,6,0105,0,1,1,,2,071,"I-880 SB","THORNTON AVENUE",50.00,S,N,A,-,Y,ALA,,880," "," ",8.828,H,,L,Y,4,0,1,2,A,-,03,22350,,N,C,C,A,A,H,-,A,D,0,,,,,Y,,A,01,0,0,1,0,0,0,0,0,0,"- ","- ",37.546348571777344,-122.02275848388672,ALAMEDA,FREMONT,-122.02280426025391,37.546329498291016
92228849,2023,2023-11-06,9390,2023-10-27,"720 ",021581,,5,1,5,0111,0,1,1,,2,066,"I-68 S/B","KOOPMAN RD",5069.00,N,N,A,-,Y,ALA,,680," ",R,13.444,H,,L,N,3,0,2,3,A,-,03,22350,,N,C,C,A,A,H,-,A,D,0,,,,,Y,,A,07,0,1,1,0,0,0,0,0,0,"- ","- ",37.614589691162109,-121.87653350830078,ALAMEDA,PLEASANTON,-121.87657165527344,37.614578247070312
92228961,2023,2023-11-06,9345,2023-10-22,"310 ",023233,,7,3,6,0105,0,1,1,,2,071,"I-880 NORTHBOUND","MOWRY AVENUE",528.00,N,N,A,-,Y,ALA,,880," "," ",8.133,H,,R,Y,4,0,1,2,A,-,01,23152,A,N,B,C,A,A,H,-,C,D,0,,,,,Y,Y,A,01,0,0,1,0,0,0,0,0,0,"- ","- ",37.537990570068359,-122.01611328125,ALAMEDA,FREMONT,-122.01601409912109,37.538047790527344
92228990,2023,2023-11-06,9345,2023-10-26,1307,023452,,4,1,6,0106,0,1,1,,2,072,"I-880 N/B","WHIPPLE ROAD",10.00,N,N,A,-,Y,ALA,,880," "," ",13.688,H,,R,N,4,0,1,2,A,-,03,22350,,N,C,C,A,A,H,-,A,D,0,,,,,Y,,A,07,0,0,1,0,0,0,0,0,0,"- ","- ",37.606880187988281,-122.06665802001953,ALAMEDA,HAYWARD,-122.06657409667969,37.606918334960938
92229155,2023,2023-11-06,9390,2023-10-29,1515,021649,,7,2,9,0100,0,3,5,,2,300,"CALAVERAS ROAD",I-680,10560.00,S,N,A,-,N,,,,,,,,,,N,3,0,1,1,A,-,08,22107,,N,F,I,A,A,H,-,A,D,0,,,Y,,Y,,C,02,0,1,0,0,0,0,0,0,1,"- ","- ",37.562068939208984,-121.8614501953125,ALAMEDA,UNINCORPORATED,-121.86103057861328,37.561237335205078
92229368,2023,2023-11-06,9345,2023-10-30,1530,023015,,1,2,5,0113,0,1,1,,2,072,"I-880 N/B","ALVARADO NILES RD",300.00,S,N,A,-,Y,ALA,,880," "," ",12.644,H,,R,N,4,0,1,2,A,-,03,22350,,N,C,C,A,A,H,-,A,D,0,,,,,Y,,A,08,0,0,1,0,0,0,0,0,0,"- ","- ",37.593738555908203,-122.05719757080078,ALAMEDA,"UNION CITY",-122.05723571777344,37.593723297119141
92229722,2023,2023-11-07,9370,2023-09-24,"207 ",023199,,7,3,7,0109,0,1,1,,2,177,"I-880 N/B","7TH STREET",2100.00,S,N,A,-,Y,ALA,,880," ",R,33.041,H,,R,N,4,0,1,1,A,-,08,22107,,N,C,I,A,A,H,-,D,D,0,,,,,Y,,A,01,0,0,1,0,0,0,0,0,0,"- ","- ",37.802780151367188,-122.29966735839844,ALAMEDA,OAKLAND,-122.29971313476562,37.802707672119141