CASE_ID,ACCIDENT_YEAR,PROC_DATE,JURIS,COLLISION_DATE,COLLISION_TIME,OFFICER_ID,REPORTING_DISTRICT,DAY_OF_WEEK,CHP_SHIFT,POPULATION,CNTY_CITY_LOC,SPECIAL_COND,BEAT_TYPE,CHP_BEAT_TYPE,CITY_DIVISION_LAPD,CHP_BEAT_CLASS,BEAT_NUMBER,PRIMARY_RD,SECONDARY_RD,DISTANCE,DIRECTION,INTERSECTION,WEATHER_1,WEATHER_2,STATE_HWY_IND,CALTRANS_COUNTY,CALTRANS_DISTRICT,STATE_ROUTE,ROUTE_SUFFIX,POSTMILE_PREFIX,POSTMILE,LOCATION_TYPE,RAMP_INTERSECTION,SIDE_OF_HWY,TOW_AWAY,COLLISION_SEVERITY,NUMBER_KILLED,NUMBER_INJURED,PARTY_COUNT,PRIMARY_COLL_FACTOR,PCF_CODE_OF_VIOL,PCF_VIOL_CATEGORY,PCF_VIOLATION,PCF_VIOL_SUBSECTION,HIT_AND_RUN,TYPE_OF_COLLISION,MVIW,PED_ACTION,ROAD_SURFACE,ROAD_COND_1,ROAD_COND_2,LIGHTING,CONTROL_DEVICE,CHP_ROAD_TYPE,PEDESTRIAN_ACCIDENT,BICYCLE_ACCIDENT,MOTORCYCLE_ACCIDENT,TRUCK_ACCIDENT,NOT_PRIVATE_PROPERTY,ALCOHOL_INVOLVED,STWD_VEHTYPE_AT_FAULT,CHP_VEHTYPE_AT_FAULT,COUNT_SEVERE_INJ,COUNT_VISIBLE_INJ,COUNT_COMPLAINT_PAIN,COUNT_PED_KILLED,COUNT_PED_INJURED,COUNT_BICYCLIST_KILLED,COUNT_BICYCLIST_INJURED,COUNT_MC_KILLED,COUNT_MC_INJURED,PRIMARY_RAMP,SECONDARY_RAMP,LATITUDE,LONGITUDE,COUNTY,CITY,POINT_X,POINT_Y
92229891,2023,2023-11-07,9390,2023-10-31,1030,018351,,2,1,5,0111,0,1,1,,2,051,"I-580 WESTBOUND","SANTA RITA ROAD",300.00,E,N,A,-,Y,ALA,,580," "," ",17.880,H,,L,N,4,0,1,2,A,-,03,22350,,N,C,C,A,A,H,-,A,D,0,,,,,Y,,A,01,0,0,1,0,0,0,0,0,0,"- ","- ",37.701530456542969,-121.87087249755859,ALAMEDA,PLEASANTON,-121.87087249755859,37.701366424560547
92229930,2023,2023-11-07,9390,2023-11-01,1350,023305,,3,1,9,0100,0,1,1,,2,065,"I-680 NORTHBOUND","ANDRADE ROAD",950.00,N,N,B,-,Y,ALA,,680," ",R,9.898,H,,R,N,4,0,4,3,A,-,03,22350,,N,C,C,A,A,H,-,A,D,0,,,,,Y,,A,08,0,0,4,0,0,0,0,0,0,"- ","- ",37.575469970703125,-121.88214874267578,ALAMEDA,UNINCORPORATED,-121.88214111328125,37.575450897216797
92229945,2023,2023-11-07,9370,2023-10-28,"220 ",022848,,6,3,7,0109,0,1,1,,2,176,"I-880 N/B","HIGH ST",900.00,S,N,A,-,Y,ALA,,880," "," ",27.662,H,,R,N,3,0,1,3,A,-,03,22350,,N,C,C,A,A,H,-,C,D,0,,,,,Y,,A,01,0,1,0,0,0,0,0,0,0,"- ","- ",37.766529083251953,-122.21881866455078,ALAMEDA,OAKLAND,-122.21875,37.766559600830078
92230107,2023,2023-11-07,9345,2023-10-28,1931,022904,,6,2,6,0105,0,1,1,,2,070,"I-880 S/B (NIMITZ FREEWAY)","AUTO MALL PKY",3000.00,N,N,A,-,Y,ALA,,880," "," ",5.309,H,,L,Y,3,0,1,3,A,-,07,21658,A,N,B,C,A,A,H,-,C,D,0,,,Y,,Y,,A,01,0,1,0,0,0,0,0,0,1,"- ","- ",37.51348876953125,-121.97516632080078,ALAMEDA,FREMONT,-121.97524261474609,37.513435363769531
92230211,2023,2023-11-07,9390,2023-11-03,1046,016178,,5,1,9,0100,0,1,1,,2,065,"I680 SOUTHBOUND","ANDRADE ROAD",4910.00,S,N,A,-,Y,ALA,,680," ",R,8.778,H,,L,Y,4,0,1,2,A,-,03,22350,,N,C,C,A,A,H,-,A,D,0,,,,,Y,,A,01,0,0,1,0,0,0,0,0,0,"- ","- ",37.566661834716797,-121.89913177490234,ALAMEDA,UNINCORPORATED,-121.89914703369141,37.566680908203125
92230247,2023,2023-11-07,9390,2023-11-05,"210 ",022579,,7,3,9,0100,0,1,1,,2,054,"I-580 E/B","I-205 E/B",925.00,W,N,A,-,Y,ALA,,580," ",R,0.943,H,,L,N,4,0,1,2,A,-,08,22107,,M,B,C,A,A,H,-,C,D,0,,,,,Y,,-,99,0,0,1,0,0,0,0,0,0,"- ","- ",37.741550445556641,-121.57586669921875,ALAMEDA,UNINCORPORATED,-121.57588195800781,37.741626739501953
92230323,2023,2023-11-07,9345,2023-10-31,1055,015147,,2,1,9,0100,0,2,S,,2,003,"FOOTHILL BLVD.","FAIRMONT DR.",8.00,E,N,A,-,N,,,,,,,,,,Y,3,0,1,1,A,-,08,22107,,N,F,I,A,A,H,-,A,A,0,,,,,Y,,A,07,0,1,0,0,0,0,0,0,0,"- ","- ",37.709430694580078,-122.12236022949219,ALAMEDA,UNINCORPORATED,-122.12218475341797,37.709487915039062
92230521,2023,2023-11-07,9345,2023-10-31,1505,022944,,2,2,5,0113,0,1,1,,2,072,"I-880 SB","WHIPPLE ROAD",528.00,S,N,A,-,Y,ALA,,880," "," ",13.571,H,,L,N,4,0,1,4,A,-,03,22350,,N,C,2,A,A,H,-,A,D,0,,,,,Y,,D,22,0,0,1,0,0,0,0,0,0,"- ","- ",37.605339050292969,-122.06580352783203,ALAMEDA,"UNION CITY",-122.06581115722656,37.605335235595703
92231024,2023,2023-11-08,9345,2023-11-01,1010,020270,,3,1,9,0100,0,1,1,,2,074,"I-880 S/B (NIMITZ FREEWAY)","A ST.",1847.00,N,N,A,-,Y,ALA,,880," "," ",18.668,H,,L,N,4,0,1,3,A,-,03,22350,,N,C,C,A,A,H,-,A,D,0,,,,,Y,,D,22,0,0,1,0,0,0,0,0,0,"- ","- ",37.670200347900391,-122.1102294921875,ALAMEDA,UNINCORPORATED,-122.11019134521484,37.670215606689453
92231503,2023,2023-11-08,9345,2023-11-03,1610,022549,,5,2,6,0105,0,1,1,,2,070,"I-880 S/B","STEVENSON BLVD.",1584.00,N,N,A,-,Y,ALA,,880," "," ",6.559,H,,L,N,4,0,1,2,A,-,03,22350,,N,C,C,A,A,H,-,A,D,0,,,,,Y,,A,07,0,0,1,0,0,0,0,0,0,"- ","- ",37.52484130859375,-121.99266815185547,ALAMEDA,FREMONT,-121.99270629882812,37.524799346923828
92231906,2023,2023-11-09,9370,2023-10-13,"425 ",022826,,5,3,7,0109,0,1,1,,2,176,"I-880 S/B","HEGENBERGER RD",2800.00,N,N,A,-,Y,ALA,,880," "," ",26.049,H,,L,N,3,0,1,2,A,-,08,22107,,N,B,2,A,A,H,-,C,D,0,,,,,Y,,A,07,0,1,0,0,0,0,0,0,0,"- ","- ",37.747299194335938,-122.20227813720703,ALAMEDA,OAKLAND,-122.20235443115234,37.747261047363281
92231933,2023,2023-11-09,9370,2023-10-22,"140 ",022826,,7,3,7,0109,0,1,1,,2,178,"I-80 E/B TO I-880 S/B","MARITIME STREET",764.00,N,N,B,-,Y,ALA,,880,S," ",0.783,H,,L,N,3,0,1,1,A,-,01,23152,A,N,E,I,A,A,H,-,D,D,0,,,,,Y,Y,A,01,0,1,0,0,0,0,0,0,0,"- ","- ",37.823699951171875,-122.302978515625,ALAMEDA,OAKLAND,-122.30294799804688,37.823745727539062
92231973,2023,2023-11-09,9370,2023-10-31,2313,022124,,2,3,6,0103,0,1,1,,2,081,"I-80 W/B","UNIVERSITY AVE",1500.00,W,N,A,-,Y,ALA,,80," "," ",5.514,H,,L,Y,4,0,1,2,A,-,03,22350,,N,C,C,A,A,H,-,C,D,0,,,,,Y,,A,07,0,0,1,0,0,0,0,0,0,"- ","- ",37.862239837646484,-122.30254364013672,ALAMEDA,BERKELEY,-122.30259704589844,37.862228393554688
92232071,2023,2023-11-09,9370,2023-10-31,2355,022800,,2,3,7,0109,0,1,1,,2,176,"I-880 N/B","66TH AVE",2679.00,S,N,A,-,Y,ALA,,880," "," ",26.102,H,,R,Y,4,0,1,2,A,-,01,23152,A,N,C,C,A,A,H,-,C,D,0,,,,,Y,Y,A,01,0,0,1,0,0,0,0,0,0,"- ","- ",37.747959136962891,-122.20246887207031,ALAMEDA,OAKLAND,-122.20265197753906,37.747859954833984
92232117,2023,2023-11-09,9390,2023-11-02,1150,018351,,4,1,9,0100,0,2,4,,2,556,"MOUNTAIN HOUSE ROAD","3252 MOUNTAIN HOUSE ROAD",75.00,S,N,A,-,N,,,,,,,,,,N,4,0,1,1,A,-,03,22350,,N,F,A,A,A,H,-,A,D,0,,,Y,,Y,,C,02,0,0,1,0,0,0,0,0,1,"- ","- ",37.779998779296875,-121.57742309570312,ALAMEDA,UNINCORPORATED,,
92232165,2023,2023-11-09,9345,2023-11-01,1918,023363,,3,2,6,0105,0,1,1,,2,072,"I-880 N/B","ALVARADO BLVD",741.00,S,N,A,-,Y,ALA,,880," "," ",11.267,H,,R,Y,4,0,1,2,A,-,04,21703,,N,C,C,A,A,H,-,D,D,0,,,,,Y,,A,01,0,0,1,0,0,0,0,0,0,"- ","- ",37.576358795166016,-122.04741668701172,ALAMEDA,FREMONT,-122.04734802246094,37.576374053955078
92232571,2023,2023-11-09,9345,2023-10-29,1410,022944,,7,2,6,0105,0,1,3,,1,184,"SR 84 NB","KGO TOWERS",7920.00,S,N,A,-,Y,SM,,84," ",R,30.112,H,,R,Y,4,0,5,2,A,-,03,22350,,N,C,C,A,A,H,-,A,D,0,,,,,Y,,A,07,0,0,5,0,0,0,0,0,0,"- ","- ",37.506378173828125,-122.11769866943359,ALAMEDA,FREMONT,-122.11779022216797,37.506462097167969
92232596,2023,2023-11-09,9345,2023-10-30,1830,022752,,1,2,9,0100,0,2,S,,2,002,"HATHAWAY AVE","LANSING WAY",0.00,,Y,A,-,N,,,,,,,,,,Y,4,0,4,3,A,-,03,22350,,N,C,C,A,A,H,-,C,D,0,,,,,Y,,A,01,0,0,4,0,0,0,0,0,0,"- ","- ",37.669200897216797,-122.10637664794922,ALAMEDA,UNINCORPORATED,,
92233155,2023,2023-11-13,9345,2023-11-02,"555 ",020414,,4,3,9,0100,0,1,S,,2,581,"I-580 W/B","GROVE WAY",2112.00,E,N,A,-,Y,ALA,,580," ",R,27.969,H,,R,Y,3,0,1,2,A,-,08,22107,,N,B,C,A,A,H,-,C,D,0,,,,,Y,,A,01,0,1,0,0,0,0,0,0,0,"- ","- ",37.69403076171875,-122.04873657226562,ALAMEDA,UNINCORPORATED,-122.04873657226562,37.694011688232422
92233194,2023,2023-11-13,9345,2023-10-31,"525 ",023197,,2,3,6,0105,0,1,1,,2,070,"I-880 N/B","STEVENSON BLVD",1885.00,S,N,A,-,Y,ALA,,880," "," ",5.869,H,,R,N,4,0,1,2,A,-,08,22107,,N,D,2,A,A,H,-,C,A,0,,,,,Y,,A,01,0,0,1,0,0,0,0,0,0,"- ","- ",37.519378662109375,-121.98219299316406,ALAMEDA,FREMONT,-121.98211669921875,37.519435882568359
92233925,2023,2023-11-13,9370,2023-10-27,"820 ",022863,,5,1,7,0109,0,1,1,,2,176,"I-880 S/B","23RD AVE",1370.00,N,N,A,-,Y,ALA,,880," "," ",29.244,H,,L,N,3,0,1,2,A,-,07,21658,A,N,B,C,A,A,H,-,A,D,0,,,,,Y,,A,01,0,1,0,0,0,0,0,0,0,"- ","- ",37.781410217285156,-122.23885345458984,ALAMEDA,OAKLAND,-122.23884582519531,37.781410217285156
92234577,2023,2023-11-13,9345,2023-11-07,1557,023487,,2,2,6,0106,0,1,1,,2,074,"I-880 S/B","HACIENDA AVENUE",500.00,S,N,A,-,Y,ALA,,880," "," ",19.134,H,,L,Y,4,0,1,2,A,-,07,21658,A,N,C,C,A,A,H,-,A,D,0,,,Y,,Y,,A,07,0,0,1,0,0,0,0,0,1,"- ","- ",37.675258636474609,-122.11569976806641,ALAMEDA,HAYWARD,-122.11574554443359,37.675220489501953
92234831,2023,2023-11-13,9345,2023-11-05,1415,022470,,7,2,9,0100,0,2,S,,2,031,"CASTRO VALLEY BOULEVARD","STROBRIDGE AVENUE",0.00,,Y,B,-,N,,,,,,,,,,N,4,0,1,2,A,-,03,22350,,N,C,C,A,A,H,-,A,D,0,,,,,Y,,A,01,0,0,1,0,0,0,0,0,0,"- ","- ",37.692329406738281,-122.09053802490234,ALAMEDA,UNINCORPORATED,,
92235376,2023,2023-11-14,9370,2023-11-02,2030,023290,,4,2,7,0109,0,1,1,,2,177,"I-880 S/B","5TH AVE",1042.00,N,N,A,-,Y,ALA,,880," "," ",30.794,H,,L,Y,3,0,1,3,A,-,03,22350,,F,C,C,A,A,H,-,D,D,0,,,,,Y,,-,99,0,1,0,0,0,0,0,0,0,"- ","- ",37.792369842529297,-122.26268005371094,ALAMEDA,OAKLAND,-122.26264953613281,37.792392730712891
92235401,2023,2023-11-14,9390,2023-11-02,1358,021649,,4,1,9,0100,0,1,1,,2,065,"I-680 N/B","ANDRADE ROAD",897.00,S,N,A,-,Y,ALA,,680," ",R,9.538,H,,R,N,4,0,1,3,A,-,03,22350,,N,C,C,A,A,H,-,A,D,0,,,,,Y,,A,01,0,0,1,0,0,0,0,0,0,"- ","- ",37.572841644287109,-121.88771820068359,ALAMEDA,UNINCORPORATED,-121.88770294189453,37.572822570800781
92235493,2023,2023-11-14,9390,2023-11-04,1800,023325,,6,2,9,0100,0,2,4,,2,220,"DUBLIN CANYON ROAD","SCHAEFER RANCH ROAD",3062.00,W,N,A,-,N,,,,,,,,,,N,4,0,1,2,A,-,03,22350,,N,C,C,A,A,H,-,D,D,0,,,,,Y,,A,07,0,0,1,0,0,0,0,0,0,"- ","- ",37.700050354003906,-121.9901123046875,ALAMEDA,UNINCORPORATED,-121.98990631103516,37.699958801269531
92235535,2023,2023-11-14,9390,2023-11-05,"720 ",023404,,7,1,9,0100,0,1,1,,2,054,"I-580 WESTBOUND","GRANT LINE ROAD",12038.00,W,N,A,-,Y,ALA,,580," ",R,3.746,H,,R,Y,4,0,1,1,A,-,08,22107,,N,F,I,A,A,H,-,B,D,0,,,,,Y,,A,08,0,0,1,0,0,0,0,0,0,"- ","- ",37.734909057617188,-121.6265869140625,ALAMEDA,UNINCORPORATED,-121.6265869140625,37.734897613525391
92235669,2023,2023-11-14,9370,2023-11-05,1553,023139,,7,2,7,0109,0,1,1,,2,055,"I-580 W/B",SR-24,555.00,E,N,A,-,Y,ALA,,580," "," ",45.051,H,,L,N,3,0,2,2,A,-,03,22350,,N,C,2,A,A,A,H,A,D,0,,,,,Y,,A,07,0,1,1,0,0,0,0,0,0,"- ","- ",37.823879241943359,-122.26603698730469,ALAMEDA,OAKLAND,-122.26611328125,37.823696136474609
92235766,2023,2023-11-14,9370,2023-11-06,1135,018499,,1,1,7,0109,0,1,1,,2,008,"I-80 E/B","I-880 N/B TO I-80 W/B CONNECTOR",200.00,W,N,A,-,Y,ALA,,80," "," ",2.459,H,,R,Y,4,0,2,2,A,-,08,22107,,N,B,C,A,A,H,-,A,D,0,,,,,Y,,A,01,0,0,2,0,0,0,0,0,0,"- ","- ",37.824989318847656,-122.30558776855469,ALAMEDA,OAKLAND,-122.30559539794922,37.825008392333984
92235873,2023,2023-11-14,9345,2023-11-08,"815 ",019841,,3,1,6,0106,0,1,1,,2,072,"I-880 N/B","WHIPPLE RD",1000.00,S,N,A,-,Y,ALA,,880," "," ",13.545,H,,R,N,4,0,1,4,A,-,03,22350,,N,C,C,A,A,H,-,A,D,0,,,,,Y,,D,22,0,0,1,0,0,0,0,0,0,"- ","- ",37.605068206787109,-122.06536865234375,ALAMEDA,HAYWARD,-122.06529998779297,37.6051025390625
92236108,2023,2023-11-14,9390,2023-11-06,1335,022273,,1,1,9,0100,0,1,1,,2,050,"I-580 WESTBOUND","FOOTHILL ROAD",5280.00,W,N,A,-,Y,ALA,,580," ",R,22.439,H,,R,Y,3,0,1,2,A,-,03,22350,,N,C,C,A,A,H,-,A,D,0,,,,Y,Y,,A,01,0,1,0,0,0,0,0,0,0,"- ","- ",37.69866943359375,-121.95355224609375,ALAMEDA,UNINCORPORATED,-121.95355224609375,37.6986083984375
92236629,2023,2023-11-15,9370,2023-11-05,1550,023196,,7,2,7,0109,0,1,1,,2,081,"I-80 W/B","CENTRAL AVE",588.00,W,N,A,-,Y,CC,,80," "," ",0.111,H,,L,Y,4,0,1,3,A,-,07,21658,A,M,B,2,A,A,H,-,A,D,0,,,,,Y,,-,99,0,0,1,0,0,0,0,0,0,"- ","- ",37.899360656738281,-122.30998992919922,ALAMEDA,OAKLAND,-122.30998229980469,37.899364471435547
92236666,2023,2023-11-15,9345,2023-11-07,"800 ",015147,,2,1,9,0100,0,2,S,,2,004,"FIVE CANYONS PKWY.","BOULDER CANYON DR.",750.00,S,N,A,-,N,,,,,,,,,,N,4,0,1,2,A,-,03,22350,,N,C,C,A,A,H,-,A,D,0,,,,,Y,,A,01,0,0,1,0,0,0,0,0,0,"- ","- ",37.689090728759766,-122.03903198242188,ALAMEDA,UNINCORPORATED,-122.03899383544922,37.689239501953125
92236839,2023,2023-11-15,9345,2023-11-07,1945,020999,,2,2,6,0105,0,1,1,,2,070,"I-880 S/B","STEVENSON BLVD",7800.00,S,N,A,-,Y,ALA,,880," "," ",5.524,H,,L,N,3,0,1,2,A,-,04,21703,,N,C,C,A,A,H,-,D,D,0,,,,,Y,,A,01,0,1,0,0,0,0,0,0,0,"- ","- ",37.515659332275391,-121.97795104980469,ALAMEDA,FREMONT,-121.97795867919922,37.515651702880859
92236879,2023,2023-11-15,9370,2023-11-08,1335,023368,,3,1,7,0109,0,1,1,,2,176,"INTERSTATE 880 NORTHBOUND",98TH,2091.00,S,N,A,-,Y,ALA,,880," "," ",24.331,H,,R,N,3,0,1,3,A,-,03,22350,,M,C,C,A,A,H,-,A,D,0,,,,,Y,,-,99,0,1,0,0,0,0,0,0,0,"- ","- ",37.726940155029297,-122.18421173095703,ALAMEDA,OAKLAND,-122.18425750732422,37.726913452148438
92236893,2023,2023-11-15,9390,2023-11-07,1615,022273,,2,2,9,0100,0,2,4,,2,227,"EASTBOUND STANLEY BOULEVARD","SHADOW CLIFFS",1000.00,W,N,A,-,N,,,,,,,,,,Y,4,0,3,3,A,-,03,22350,,N,C,C,A,A,H,-,A,D,0,,,,,Y,,A,07,0,0,3,0,0,0,0,0,0,"- ","- ",37.671371459960938,-121.84871673583984,ALAMEDA,UNINCORPORATED,-121.84852600097656,37.671482086181641
92236925,2023,2023-11-15,9370,2023-10-15,2230,022981,,7,3,7,0109,0,1,3,,2,013,"SR-13 S/B","CALAVERAS AVE",2800.00,N,N,A,-,Y,ALA,,13," "," ",4.868,H,,L,N,3,0,1,3,A,-,03,22350,,N,C,E,A,A,H,-,C,D,0,,,,,Y,Y,A,01,0,1,0,0,0,0,0,0,0,"- ","- ",37.79180908203125,-122.18115997314453,ALAMEDA,OAKLAND,-122.18112182617188,37.791812896728516
92236970,2023,2023-11-15,9345,2023-11-05,1045,023013,,7,1,9,0100,0,1,1,,2,238,"I-238 N/B",I-580,1056.00,N,N,B,-,Y,ALA,,238," ",R,14.713,H,,R,N,3,0,1,2,A,-,03,22350,,N,B,C,A,A,H,-,A,D,0,,,Y,,Y,,C,02,0,1,0,0,0,0,0,0,1,"- ","- ",37.689739227294922,-122.10188293457031,ALAMEDA,UNINCORPORATED,-122.10188293457031,37.68975830078125
92237298,2023,2023-11-15,9390,2023-11-08,1750,023454,,3,2,5,0111,0,1,1,,2,051,"I-580 EB FROM SANTA RITA ROAD SB","SANTA RITA ROAD",37.00,W,N,A,-,Y,ALA,,580," "," ",17.965,H,,L,Y,4,0,1,3,A,-,03,22350,,N,C,C,A,A,H,-,B,A,0,,,,,Y,,A,01,0,0,1,0,0,0,0,0,0,"- ","- ",37.701141357421875,-121.87242126464844,ALAMEDA,PLEASANTON,-121.87242126464844,37.701385498046875
92237722,2023,2023-11-16,9390,2023-11-07,2222,022482,,2,3,5,0111,0,1,1,,2,051,"I-580 WESTBOUND","TASSAJARA ROAD",1584.00,E,N,A,-,Y,ALA,,580," "," ",17.685,H,,L,Y,3,0,1,2,A,-,03,22350,,N,C,2,A,A,H,-,C,D,0,,,,Y,Y,,A,01,0,1,0,0,0,0,0,0,0,"- ","- ",37.70159912109375,-121.8673095703125,ALAMEDA,PLEASANTON,-121.8673095703125,37.701335906982422
92238035,2023,2023-11-16,9390,2023-11-09,"946 ",019612,,4,1,9,0100,0,1,1,,2,054,"I-580 WESTBOUND","GRANT LINE ROAD",1000.00,E,N,A,-,Y,ALA,,580," ",R,1.005,H,,R,Y,4,0,1,1,A,-,08,22107,,N,E,I,A,A,H,-,A,D,0,,,,,Y,,A,01,0,0,1,0,0,0,0,0,0,"- ","- ",37.741851806640625,-121.5770263671875,ALAMEDA,UNINCORPORATED,-121.57701873779297,37.741775512695312
92238130,2023,2023-11-16,9390,2023-10-20,1605,023454,,5,2,9,0100,0,1,1,,2,064,"I680 NB","AUTO MALL PKWY",2339.00,N,N,A,-,Y,ALA,,680," ",M,4.415,H,,R,Y,4,0,1,2,A,-,01,23152,A,M,C,C,A,A,H,-,A,D,0,,,,,Y,Y,D,22,0,0,1,0,0,0,0,0,0,"- ","- ",37.520591735839844,-121.94319915771484,ALAMEDA,UNINCORPORATED,-121.94321441650391,37.520584106445312
92238144,2023,2023-11-16,9345,2023-11-10,1155,022891,,5,1,5,0113,0,1,1,,2,072,"I-880 NB","ALVARADO-NILES RD",1056.00,N,N,A,-,Y,ALA,,880," "," ",13.260,H,,R,Y,4,0,1,2,A,-,03,22350,,N,C,C,A,A,H,-,A,D,0,,,,,Y,,A,01,0,0,1,0,0,0,0,0,0,"- ","- ",37.601428985595703,-122.06278228759766,ALAMEDA,"UNION CITY",-122.06272125244141,37.601455688476562
92238206,2023,2023-11-16,9345,2023-11-08,1800,022934,,3,2,5,0112,0,1,1,,2,075,"I-880 N/B (NIMITZ FREEWAY)","DAVIS ST",528.00,N,N,A,-,Y,ALA,,880," "," ",23.811,H,,R,Y,4,0,1,5,A,-,03,22350,,N,C,C,A,A,H,-,D,D,0,,,,,Y,,A,08,0,0,1,0,0,0,0,0,0,"- ","- ",37.720958709716797,-122.17836761474609,ALAMEDA,"SAN LEANDRO",-122.17842864990234,37.720920562744141
92238343,2023,2023-11-16,9370,2023-10-26,"25  ",023488,,4,3,7,0109,0,1,1,,2,008,"I-80 W/B TO I-580 E/B","POWELL STREET",3550.00,W,N,A,-,Y,ALA,,880," ",R,35.223,H,,L,Y,3,0,1,1,A,-,08,22107,,N,E,I,A,A,H,-,D,D,0,,,,,Y,,A,01,0,1,0,0,0,0,0,0,0,"- ","- ",37.828498840332031,-122.29355621337891,ALAMEDA,OAKLAND,-122.29366302490234,37.828468322753906
92238743,2023,2023-11-17,9370,2023-11-04,"340 ",023125,,6,3,2,0104,0,1,1,,2,080,"I-80 E/B","ASHBY AVE O/C",100.00,W,N,A,-,Y,ALA,,80," "," ",4.434,H,,R,N,4,0,1,1,A,-,01,23152,A,N,E,J,A,A,H,-,A,D,0,,,,,Y,Y,A,01,0,0,1,0,0,0,0,0,0,"- ","- ",37.846939086914062,-122.29820251464844,ALAMEDA,EMERYVILLE,-122.29836273193359,37.846916198730469
92238814,2023,2023-11-17,9370,2023-11-08,2315,022124,,3,3,7,0109,0,1,1,,2,055,"I-580 E/B","ADELINE ST",20.00,W,N,A,-,Y,ALA,,580," "," ",45.758,H,,R,Y,4,0,1,2,A,-,01,23152,A,N,C,C,A,A,D,-,C,D,0,,,,,Y,Y,A,01,0,0,1,0,0,0,0,0,0,"- ","- ",37.826980590820312,-122.28002166748047,ALAMEDA,OAKLAND,-122.27995300292969,37.8271484375
92239013,2023,2023-11-17,9370,2023-11-11,1600,023282,,6,2,7,0109,0,1,1,,2,052,"I-580 W/B TO SR-13 N/B","MOUNTAIN BLVD TO I-580 E/B",500.00,E,N,A,-,Y,ALA,,580," ",R,39.088,H,,R,Y,3,0,1,1,A,-,08,22107,,N,E,8,A,A,H,-,A,D,0,,,,,Y,,A,01,0,1,0,0,0,0,0,0,0,"- ","- ",37.782791137695312,-122.17578887939453,ALAMEDA,OAKLAND,-122.17597961425781,37.782608032226562
92239110,2023,2023-11-17,9345,2023-11-16,"940 ",020414,,4,1,9,0100,0,1,S,,2,581,"I-580 W/B","REDWOOD ROAD",2112.00,E,N,A,-,Y,ALA,,580," ",R,28.992,H,,R,Y,3,0,1,4,A,-,03,22350,,N,C,C,A,A,H,-,A,D,0,,,,,Y,,A,01,0,1,0,0,0,0,0,0,0,"- ","- ",37.691680908203125,-122.06671905517578,ALAMEDA,UNINCORPORATED,-122.06674957275391,37.691768646240234
92239136,2023,2023-11-22,9390,2023-11-09,1535,023454,,4,2,9,0100,0,1,1,,2,050,"I-580 EASTBOUND","SCHAEFER RANCH ROAD",3610.00,E,N,A,-,Y,ALA,,580," ",R,23.190,H,,L,Y,4,0,1,2,A,-,03,22350,,N,B,C,A,A,H,-,A,D,0,,,Y,,Y,,C,02,0,0,1,0,0,0,0,0,1,"- ","- ",37.697101593017578,-121.96713256835938,ALAMEDA,UNINCORPORATED,-121.96713256835938,37.697113037109375
92239337,2023,2023-11-17,9390,2023-11-10,1410,023305,,5,2,9,0100,0,2,4,,2,441,"TESLA RD. (10000 BLOCK)","CLIFFORD DR.",20.00,E,N,A,-,N,,,,,,,,,,Y,4,0,1,2,A,-,05,21460,A,N,D,C,A,A,H,-,A,D,0,,,,,Y,,D,22,0,0,1,0,0,0,0,0,0,"- ","- ",37.650470733642578,-121.66069030761719,ALAMEDA,UNINCORPORATED,-121.66059875488281,37.650455474853516
92239347,2023,2023-11-17,9390,2023-11-11,"225 ",022867,,6,3,5,0107,0,1,1,,2,052,"I-580 WESTBOUND","AIRWAY BLVD",1320.00,E,N,A,-,Y,ALA,,580," "," ",14.720,H,,L,N,3,0,1,1,C,-,18,,,N,E,J,A,A,H,-,D,D,0,,,Y,,Y,,-,"- ",0,1,0,0,0,0,0,0,1,"- ","- ",37.701000213623047,-121.81266021728516,ALAMEDA,LIVERMORE,-121.81266021728516,37.700820922851562
92239377,2023,2023-11-17,9370,2023-11-10,"120 ",022124,,5,3,7,0109,0,1,3,,2,024,"SR-24 W/B TO I-580 E/B","W MACARTHUR BLVD.",580.00,W,N,A,-,Y,ALA,,24," ",R,1.912,H,,L,Y,4,0,4,1,C,-,18,,,N,E,J,A,A,C,-,D,D,0,,,,,Y,,-,"- ",0,0,4,0,0,0,0,0,0,"- ","- ",37.825298309326172,-122.26844787597656,ALAMEDA,OAKLAND,-122.26831817626953,37.825279235839844