CASE_ID,ACCIDENT_YEAR,PROC_DATE,JURIS,COLLISION_DATE,COLLISION_TIME,OFFICER_ID,REPORTING_DISTRICT,DAY_OF_WEEK,CHP_SHIFT,POPULATION,CNTY_CITY_LOC,SPECIAL_COND,BEAT_TYPE,CHP_BEAT_TYPE,CITY_DIVISION_LAPD,CHP_BEAT_CLASS,BEAT_NUMBER,PRIMARY_RD,SECONDARY_RD,DISTANCE,DIRECTION,INTERSECTION,WEATHER_1,WEATHER_2,STATE_HWY_IND,CALTRANS_COUNTY,CALTRANS_DISTRICT,STATE_ROUTE,ROUTE_SUFFIX,POSTMILE_PREFIX,POSTMILE,LOCATION_TYPE,RAMP_INTERSECTION,SIDE_OF_HWY,TOW_AWAY,COLLISION_SEVERITY,NUMBER_KILLED,NUMBER_INJURED,PARTY_COUNT,PRIMARY_COLL_FACTOR,PCF_CODE_OF_VIOL,PCF_VIOL_CATEGORY,PCF_VIOLATION,PCF_VIOL_SUBSECTION,HIT_AND_RUN,TYPE_OF_COLLISION,MVIW,PED_ACTION,ROAD_SURFACE,ROAD_COND_1,ROAD_COND_2,LIGHTING,CONTROL_DEVICE,CHP_ROAD_TYPE,PEDESTRIAN_ACCIDENT,BICYCLE_ACCIDENT,MOTORCYCLE_ACCIDENT,TRUCK_ACCIDENT,NOT_PRIVATE_PROPERTY,ALCOHOL_INVOLVED,STWD_VEHTYPE_AT_FAULT,CHP_VEHTYPE_AT_FAULT,COUNT_SEVERE_INJ,COUNT_VISIBLE_INJ,COUNT_COMPLAINT_PAIN,COUNT_PED_KILLED,COUNT_PED_INJURED,COUNT_BICYCLIST_KILLED,COUNT_BICYCLIST_INJURED,COUNT_MC_KILLED,COUNT_MC_INJURED,PRIMARY_RAMP,SECONDARY_RAMP,LATITUDE,LONGITUDE,COUNTY,CITY,POINT_X,POINT_Y
9456674,2022,2022-07-20,0103,2022-05-07,1731,S19,,6,5,6,0103,0,0,0,,0,011,ASHBY,"MABEL ST",174.00,W,N,A,-,Y,ALA,4,13,-,-,13.050,H,-,S,Y,3,0,1,3,A,-,09,21804,A,N,D,C,A,A,H,-,A,D,0,,,Y,,Y,,A,01,0,1,0,0,0,0,0,0,1,"- ","- ",37.852458953857422,-122.28424835205078,ALAMEDA,BERKELEY,-122.28427886962891,37.852649688720703
9456678,2022,2022-07-20,0103,2022-05-14,1317,108,,6,5,6,0103,0,0,0,,0,014,UNIVERSITY,"SAN PABLO",0.00,,Y,A,-,Y,ALA,4,123,-,-,3.150,I,5,S,N,3,0,1,2,A,-,05,21650,,F,D,G,A,A,H,-,-,A,0,,Y,,,Y,,L,04,0,1,0,0,0,0,1,0,0,"- ","- ",37.869098663330078,-122.29212188720703,ALAMEDA,BERKELEY,-122.29224395751953,37.869098663330078
9456682,2022,2022-07-14,0103,2022-05-26,1506,144,,4,5,6,0103,0,0,0,,0,013,"RT 80","W FRONTAGE",10.00,E,N,B,-,Y,ALA,4,80,-,-,4.761,R,1,W,N,4,0,1,2,A,-,03,22350,,N,C,C,A,A,H,-,A,D,0,,,,,Y,,A,01,0,0,1,0,0,0,0,0,0,"- ","- ",,,ALAMEDA,BERKELEY,-122.29966735839844,37.851573944091797
9456858,2022,2022-06-24,0109,2022-02-14,2230,9727,2,1,5,7,0109,0,0,0,,0,35X,"90TH AV","BANCROFT AV",0.00,,Y,A,-,N,,,,,,,,,,N,3,0,1,2,A,-,10,21950,A,F,G,B,B,A,H,-,C,A,0,Y,,,,Y,,A,01,0,1,0,0,1,0,0,0,0,"- ","- ",,,ALAMEDA,OAKLAND,-122.16580963134766,37.753559112548828
9456862,2022,2022-06-24,0109,2022-02-14,0812,9522,2,1,5,7,0109,0,0,0,,0,33X,"85TH AV","AMELIA ST",0.00,,Y,A,-,N,,,,,,,,,,N,4,0,1,2,A,-,09,21802,A,N,D,C,A,A,H,-,A,A,0,,,,,Y,,A,01,0,0,1,0,0,0,0,0,0,"- ","- ",,,ALAMEDA,OAKLAND,-122.18637847900391,37.748645782470703
9457644,2022,2022-07-05,0109,2022-03-17,1441,8585,2,4,5,7,0109,0,0,0,,0,27X,"FOOTHILL BL","HIGH ST",0.00,,Y,A,-,N,,,,,,,,,,N,4,0,1,2,A,-,09,21801,A,N,D,C,A,A,H,-,A,A,0,,,,,Y,,A,01,0,0,1,0,0,0,0,0,0,"- ","- ",,,ALAMEDA,OAKLAND,-122.21180725097656,37.774692535400391
9457683,2022,2022-08-22,0109,2022-01-26,1503,9294,1,3,5,7,0109,0,0,0,,0,19X,"FOOTHILL BL","21ST AV",0.00,,Y,A,-,N,,,,,,,,,,N,4,0,1,2,A,-,12,22450,A,N,D,C,A,A,H,-,A,A,0,,,,,Y,,A,07,0,0,1,0,0,0,0,0,0,"- ","- ",,,ALAMEDA,OAKLAND,-122.23733520507812,37.786861419677734
9457687,2022,2022-06-09,0109,2022-01-19,1445,8609,2,3,5,7,0109,0,0,0,,0,23X,"INTERNATIONAL BL","34TH AV",50.00,E,N,B,-,N,,,,,,,,,,N,4,0,1,2,A,-,03,22350,,N,C,C,A,-,H,-,A,A,0,,,,,Y,,A,07,0,0,1,0,0,0,0,0,0,"- ","- ",,,ALAMEDA,OAKLAND,-122.22368621826172,37.776580810546875
9457689,2022,2022-06-09,0109,2022-01-14,0814,9400,2,5,5,7,0109,0,0,0,,0,31X,"98TH AV","DENSLOWE ST",0.00,,Y,A,-,N,,,,,,,,,,N,4,0,2,4,A,-,03,22350,,N,C,C,A,A,H,-,A,D,0,,,,,Y,,A,01,0,0,2,0,0,0,0,0,0,"- ","- ",,,ALAMEDA,OAKLAND,-122.18580627441406,37.733741760253906
9457694,2022,2022-06-09,0109,2022-01-15,1404,9559,2,6,5,7,0109,0,0,0,,0,23X,"N HIGH ONRP ST","47TH AV",0.00,,Y,A,-,N,,,,,,,,,,N,4,0,1,2,A,-,12,21453,A,N,D,C,A,A,H,-,A,A,0,,,,,Y,,-,"- ",0,0,1,0,0,0,0,0,0,"- ","- ",,,ALAMEDA,OAKLAND,,
9457695,2022,2022-06-08,0109,2022-01-20,2109,9552,2,4,5,7,0109,0,0,0,,0,24X,"36TH AV","FOOTHILL BL",30.00,S,N,A,-,N,,,,,,,,,,N,4,0,1,2,A,-,08,22107,,N,A,C,A,A,H,-,C,A,0,,,,,Y,,A,01,0,0,1,0,0,0,0,0,0,"- ","- ",,,ALAMEDA,OAKLAND,-122.21865844726562,37.780799865722656
9457696,2022,2022-06-09,0109,2022-01-03,1523,8811,1,1,5,7,0109,0,0,0,,0,07X,"UNION ST","30TH ST",0.00,,Y,B,-,N,,,,,,,,,,N,4,0,1,2,A,-,09,21802,A,N,D,C,A,A,H,-,A,A,0,,,,,Y,,A,01,0,0,1,0,0,0,0,0,0,"- ","- ",,,ALAMEDA,OAKLAND,-122.28379821777344,37.822509765625
9457698,2022,2022-06-08,0109,2022-01-18,2352,8549,1,2,5,7,0109,0,0,0,,0,08X,"TELEGRAPH AV","30TH ST",0.00,,Y,A,-,N,,,,,,,,,,N,4,0,1,2,A,-,03,22350,,N,C,C,A,A,H,-,C,D,0,,,,,Y,,A,01,0,0,1,0,0,0,0,0,0,"- ","- ",,,ALAMEDA,OAKLAND,-122.26716613769531,37.819026947021484
9457700,2022,2022-06-08,0109,2022-01-18,1615,9275,2,2,5,7,0109,0,0,0,,0,35X,"90TH AV","MACARTHUR BL",15.00,S,N,A,-,N,,,,,,,,,,N,4,0,1,3,A,-,09,21801,A,N,A,C,A,A,H,-,A,A,0,,,,,Y,,A,01,0,0,1,0,0,0,0,0,0,"- ","- ",,,ALAMEDA,OAKLAND,-122.16141510009766,37.755577087402344
9457727,2022,2022-06-28,0109,2022-02-14,2115,9893,2,1,5,7,0109,0,0,0,,0,26X,"HIGH ST","SAN LEANDRO ST",0.00,,Y,A,-,N,,,,,,,,,,N,4,0,4,2,A,-,09,21801,,M,D,C,A,A,H,-,C,A,0,,,,,Y,,A,01,0,0,4,0,0,0,0,0,0,"- ","- ",,,ALAMEDA,OAKLAND,-122.21713256835938,37.770622253417969
9457731,2022,2022-06-09,0109,2022-02-07,1446,9914,2,1,5,7,0109,0,0,0,,0,31X,"HEGENBERGER RD","EDES AV",0.00,,Y,A,-,N,,,,,,,,,,Y,3,0,1,2,A,-,12,21453,A,F,D,C,A,-,H,-,A,A,0,,,,,Y,,A,01,0,1,0,0,0,0,0,0,0,"- ","- ",,,ALAMEDA,OAKLAND,-122.19596099853516,37.744739532470703
9457733,2022,2022-06-09,0109,2022-02-06,0355,9661,1,7,5,7,0109,0,0,0,,0,19X,"INTERNATIONAL BL","22ND AV",0.00,,Y,A,-,N,,,,,,,,,,N,4,0,1,2,A,-,09,21801,A,N,A,C,A,A,H,-,C,A,0,,,,,Y,,A,01,0,0,1,0,0,0,0,0,0,"- ","- ",,,ALAMEDA,OAKLAND,-122.23787689208984,37.784591674804688
9458253,2022,2022-06-14,0109,2022-05-18,0855,8681,2,3,5,7,0109,0,0,0,,0,34X,"INTERNATIONAL BL","96TH AV",10.00,E,N,A,-,N,,,,,,,,,,N,3,0,1,3,A,-,08,22107,,M,B,C,A,A,H,-,A,A,0,,,Y,,Y,,C,03,0,1,0,0,0,0,0,0,1,"- ","- ",,,ALAMEDA,OAKLAND,-122.17159271240234,37.745716094970703
9458257,2022,2022-06-14,0109,2022-05-16,1456,9881,1,1,5,7,0109,0,0,0,,0,09X,"OAKLAND AV","SANTA CLARA AV",0.00,,Y,A,-,N,,,,,,,,,,Y,4,0,1,2,A,-,12,21453,A,N,A,C,A,A,-,-,A,A,0,,,,,Y,,A,01,0,0,1,0,0,0,0,0,0,"- ","- ",,,ALAMEDA,OAKLAND,-122.25344848632812,37.819141387939453
9458765,2022,2022-06-16,0111,2022-05-21,1300,348,,6,5,5,0111,0,0,0,,0,002,"N SANTA RITA RD",PIMLICO,50.00,S,N,A,-,N,,,,,,,,,,N,3,0,1,2,A,-,03,22350,,N,C,C,A,A,H,-,A,A,0,,,,,Y,,A,01,0,1,0,0,0,0,0,0,0,"- ","- ",,,ALAMEDA,PLEASANTON,-121.87216186523438,37.700191497802734
9458767,2022,2022-06-16,0111,2022-05-23,1425,308,,1,5,5,0111,0,0,0,,0,005,"GRAVINA PL","POMEZIA CT",0.00,,Y,A,-,N,,,,,,,,,,N,3,0,1,2,A,-,08,22107,,N,G,B,E,A,D,-,A,D,0,Y,,,,Y,,A,01,0,1,0,0,1,0,0,0,0,"- ","- ",,,ALAMEDA,PLEASANTON,-121.81906127929688,37.639423370361328
9458769,2022,2022-06-15,0111,2022-05-25,0843,292,,3,5,5,0111,0,0,0,,0,004,"BLACK AV","CEDARWOOD LN",14.00,W,N,A,-,N,,,,,,,,,,N,3,0,1,2,A,-,09,21804,A,N,D,G,A,A,H,-,A,D,0,,Y,,,Y,,L,04,0,1,0,0,0,0,1,0,0,"- ","- ",,,ALAMEDA,PLEASANTON,-121.87497711181641,37.672191619873047
9458770,2022,2022-06-16,0111,2022-05-27,1853,332,,5,5,5,0111,0,0,0,,0,003,"BERNAL AV","PLEASANTON AV",1755.00,W,N,A,-,N,,,,,,,,,,Y,3,0,1,2,A,-,03,22350,,N,C,C,A,A,H,-,A,A,0,,,,,Y,,A,01,0,1,0,0,0,0,0,0,0,"- ","- ",,,ALAMEDA,PLEASANTON,-121.89057922363281,37.65838623046875
9458772,2022,2022-06-15,0111,2022-05-28,1609,341,,6,5,5,0111,0,0,0,,0,004,"SANTA RITA RD","VALLEY AV",0.00,,Y,A,-,N,,,,,,,,,,Y,3,0,2,2,A,-,09,21453,C,N,D,C,A,A,H,-,A,A,0,,,,,Y,,A,01,0,2,0,0,0,0,0,0,0,"- ","- ",,,ALAMEDA,PLEASANTON,-121.8740234375,37.676719665527344
9458909,2022,2022-06-20,0106,2022-04-03,1035,412,,7,5,6,0106,0,0,0,,0,00B,"C ST","2ND ST",0.00,,Y,A,-,N,,,,,,,,,,N,4,0,1,2,A,-,12,21453,A,N,D,C,A,A,H,-,A,A,0,,,,,Y,,D,23,0,0,1,0,0,0,0,0,0,"- ","- ",37.674171447753906,-122.07840728759766,ALAMEDA,HAYWARD,-122.07841491699219,37.674171447753906
9458998,2022,2022-06-21,0111,2022-06-01,1613,266,,3,5,5,0111,0,0,0,,0,002,"STONERIDGE DR","WILLOW RD",260.00,W,N,A,-,N,,,,,,,,,,N,3,0,1,2,A,-,08,22107,,N,H,G,A,A,H,-,A,A,0,,Y,,,Y,,A,01,0,1,0,0,0,0,1,0,0,"- ","- ",,,ALAMEDA,PLEASANTON,-121.89921569824219,37.691360473632812
9459030,2022,2022-06-16,0109,2022-02-06,1610,9855,2,7,5,7,0109,0,0,0,,0,22X,"SKYLINE BL","MELVILLE DR",6201.00,,N,A,-,N,,,,,,,,,,N,3,0,1,1,A,-,08,22107,,N,A,I,A,A,H,-,A,D,0,,,,,Y,,A,01,0,1,0,0,0,0,0,0,0,"- ","- ",,,ALAMEDA,OAKLAND,-122.18836212158203,37.819908142089844
9459111,2022,2022-06-09,0108,2022-05-11,0814,11544,,3,5,4,0108,0,0,0,,0,002,"STEVENSON BL","PARADA ST",554.00,E,N,A,-,N,,,,,,,,,,Y,3,0,3,3,A,-,03,22350,,N,C,C,A,A,H,-,A,A,0,,,,,Y,,A,01,0,2,1,0,0,0,0,0,0,"- ","- ",37.515308380126953,-121.99356842041016,ALAMEDA,NEWARK,-121.99267578125,37.516616821289062
9459112,2022,2022-06-09,0108,2022-05-11,0016,11423,29,3,5,4,0108,0,0,0,,0,002,"CEDAR BL","CENTRAL AV",335.00,S,N,A,-,N,,,,,,,,,,Y,3,0,1,2,A,-,03,22350,,N,E,I,A,A,H,-,C,D,0,,,,,Y,,A,01,0,1,0,0,0,0,0,0,0,"- ","- ",37.53704833984375,-122.01908111572266,ALAMEDA,NEWARK,-122.01824951171875,37.536514282226562
9459229,2022,2022-06-13,0108,2022-05-13,0652,11544,37,5,5,4,0108,0,0,0,,0,002,"CHERRY ST","JASMINE AV",126.00,N,N,A,-,N,,,,,,,,,,Y,3,0,2,2,A,-,09,21453,C,N,D,C,A,A,H,-,A,A,0,,,,,Y,,A,07,0,2,0,0,0,0,0,0,0,"- ","- ",37.521381378173828,-122.0115966796875,ALAMEDA,NEWARK,-122.01195526123047,37.521648406982422
9459707,2022,2023-06-05,0112,2022-05-30,1958,403,,1,5,5,0112,0,0,0,,0,005,"TERRA AV","TERRA AV 1273",0.00,,-,A,-,N,,,,,,,,,,N,3,0,1,3,A,-,21,22106,,F,G,B,F,A,H,-,B,D,0,Y,,,,Y,,A,01,0,1,0,0,1,0,0,0,0,"- ","- ",37.708469390869141,-122.13693237304688,ALAMEDA,"SAN LEANDRO",-122.137117,37.708559000000001
9459992,2022,2022-06-23,0106,2022-04-11,1759,356,,1,5,6,0106,0,0,0,,0,00A,"ORCHARD AV","ONEIL AV",0.00,,Y,A,G,N,,,,,,,,,,N,4,0,1,2,A,-,09,21802,A,N,D,C,A,A,H,-,A,A,0,,,,,Y,,A,01,0,0,1,0,0,0,0,0,0,"- ","- ",37.659511566162109,-122.07557678222656,ALAMEDA,HAYWARD,-122.07556915283203,37.659526824951172
9459995,2022,2022-06-23,0106,2022-04-04,1130,471,,1,5,6,0106,0,0,0,,0,00B,"B ST","VERMONT ST",0.00,,Y,A,-,N,,,,,,,,,,Y,4,0,1,2,A,-,09,21801,A,N,D,C,A,A,H,-,A,A,0,,,,,Y,,A,01,0,0,1,0,0,0,0,0,0,"- ","- ",37.683170318603516,-122.06484222412109,ALAMEDA,HAYWARD,-122.06485748291016,37.683151245117188
9459999,2022,2022-06-23,0106,2022-04-28,2020,373,,4,5,6,0106,0,0,0,,0,00B,"FOOTHILL BL","GROVE WY",0.00,,Y,A,-,N,,,,,,,,,,Y,3,0,2,2,A,-,09,21453,C,N,D,C,A,A,H,-,C,A,0,,,Y,,Y,,C,02,0,1,1,0,0,0,0,0,1,"- ","- ",37.683238983154297,-122.09011840820312,ALAMEDA,HAYWARD,-122.09011077880859,37.683719635009766
9460087,2022,2022-06-24,0109,2022-01-07,1240,9525,1,5,5,7,0109,0,0,0,,0,17X,"FOOTHILL BL","4TH AV",0.00,,Y,B,-,N,,,,,,,,,,N,4,0,2,2,A,-,12,22450,A,M,D,C,A,B,H,-,A,A,0,,,,,Y,,A,01,0,0,2,0,0,0,0,0,0,"- ","- ",,,ALAMEDA,OAKLAND,-122.25279998779297,37.797805786132812
9460132,2022,2022-06-23,0106,2022-02-23,1556,358,,3,5,6,0106,0,0,0,,0,00E,"S HESPERIA BL","W INDUSTRIAL BL",0.00,,Y,A,-,N,,,,,,,,,,Y,4,0,1,2,A,-,05,21651,A,N,A,C,A,A,H,-,A,A,0,,,,,Y,,A,01,0,0,1,0,0,0,0,0,0,"- ","- ",37.617271423339844,-122.08837127685547,ALAMEDA,HAYWARD,-122.08843994140625,37.617298126220703
9460386,2022,2022-06-29,0111,2022-06-09,0725,347,,4,5,5,0111,0,0,0,,0,001,"HOPYARD RD","WEST LAS POSITAS BL",0.00,,Y,A,-,N,,,,,,,,,,Y,3,0,1,3,A,-,12,21453,A,N,D,C,A,A,H,-,A,A,0,,,,,Y,,A,01,0,1,0,0,0,0,0,0,0,"- ","- ",,,ALAMEDA,PLEASANTON,-121.90406036376953,37.681747436523438
9460390,2022,2022-06-28,0111,2022-06-09,1144,266,,4,5,5,0111,0,0,0,,0,002,"STONERIDGE DR","CHABOT DR",0.00,,Y,A,-,N,,,,,,,,,,Y,3,0,2,2,A,-,12,21453,A,N,D,C,A,A,H,-,A,A,0,,,,,Y,,A,01,0,2,0,0,0,0,0,0,0,"- ","- ",,,ALAMEDA,PLEASANTON,-121.90132141113281,37.691379547119141
9460568,2022,2022-06-23,0105,2022-05-31,1058,15892,616,2,5,6,0105,0,0,0,,0,001,"ADLER CT","RIDLEY DR",353.00,E,N,A,-,N,,,,,,,,,,N,3,0,1,2,B,-,22,,,N,G,B,F,A,H,-,A,D,0,Y,,,,Y,,A,01,0,1,0,0,1,0,0,0,0,"- ","- ",,,ALAMEDA,FREMONT,-121.97861480712891,37.565078735351562
9461683,2022,2022-07-06,0108,2022-05-29,1251,12615,,7,5,4,0108,0,0,0,,0,002,"MOWRY AV","PRO ALPENROSE CT",952.00,E,N,A,-,N,,,,,,,,,,N,3,0,1,2,A,-,09,21453,B,N,B,C,A,A,H,-,A,A,0,,,,,Y,,A,01,0,1,0,0,0,0,0,0,0,"- ","- ",37.529399871826172,-122.00257873535156,ALAMEDA,NEWARK,-122.00431060791016,37.528656005859375
9461998,2022,2022-07-14,0112,2022-06-21,1801,380,,2,5,5,0112,0,0,0,,0,004,"MERCED ST","MARINA BL",100.00,S,N,A,-,N,,,,,,,,,,N,4,0,2,2,A,-,03,22350,,N,C,C,A,A,H,-,A,D,0,,,,,Y,,-,,0,0,2,0,0,0,0,0,0,"- ","- ",,,ALAMEDA,"SAN LEANDRO",-122.17078399658203,37.708477020263672
9462094,2022,2022-07-05,0109,2022-04-13,1127,9401,1,3,5,7,0109,0,0,0,,0,08X,BROADWAY,"28TH ST",0.00,,Y,A,-,N,,,,,,,,,,N,4,0,1,2,A,-,03,22350,,N,C,C,A,A,H,-,A,A,0,,,,,Y,,A,01,0,0,1,0,0,0,0,0,0,"- ","- ",,,ALAMEDA,OAKLAND,-122.26375579833984,37.816387176513672
9462095,2022,2022-07-05,0109,2022-04-19,0558,9961,1,2,5,7,0109,0,0,0,,0,19X,"INTERNATIONAL BL","21ST AV",0.00,,Y,B,-,N,,,,,,,,,,N,4,0,1,2,A,-,12,21453,A,M,D,C,A,B,H,-,B,A,0,,,,,Y,,A,08,0,0,1,0,0,0,0,0,0,"- ","- ",,,ALAMEDA,OAKLAND,-122.23890686035156,37.785186767578125
9462935,2022,2022-08-09,0103,2022-06-03,2227,55,,5,5,6,0103,0,0,0,,0,006,"RT 123","GILMAN ST",0.00,,Y,A,-,Y,ALA,4,123,-,-,3.980,I,5,S,Y,3,0,1,2,A,-,01,23152,F,N,D,C,A,A,H,-,C,A,0,,,,,Y,,A,01,0,1,0,0,0,0,0,0,0,"- ","- ",37.880470275878906,-122.29579925537109,ALAMEDA,BERKELEY,-122.2958984375,37.880466461181641
9462943,2022,2022-08-09,0103,2022-06-17,2023,51,40,5,5,6,0103,0,0,0,,0,011,"ASHBY AV","MABEL AV",242.00,E,N,A,-,Y,ALA,4,13,-,-,12.970,H,-,S,Y,2,0,1,2,A,-,09,21801,A,N,F,I,A,A,H,-,A,D,0,,,Y,,Y,,A,01,1,0,0,0,0,0,0,0,1,"- ","- ",37.852821350097656,-122.28315734863281,ALAMEDA,BERKELEY,-122.28282165527344,37.852935791015625
9462948,2022,2022-08-11,0112,2022-07-12,1909,379,,2,5,5,0112,0,0,0,,0,001,"RT 185","BRISTOL BL",0.00,,Y,A,-,Y,ALA,4,185,-,-,6.680,I,5,S,Y,4,0,3,2,A,-,12,21453,A,F,D,C,A,A,H,-,A,A,0,,,,,Y,,-,,0,0,3,0,0,0,0,0,0,"- ","- ",,,ALAMEDA,"SAN LEANDRO",-122.16545867919922,37.737522125244141
9463007,2022,2022-07-19,0108,2022-06-28,0800,12166,20,2,5,4,0108,0,0,0,,0,002,"THORNTON AV","SYCAMORE ST",23.00,W,N,A,-,N,,,,,,,,,,N,3,0,1,2,A,-,03,22350,,N,C,D,A,A,H,-,A,A,0,,,,,Y,,A,07,0,1,0,0,0,0,0,0,0,"- ","- ",37.530048370361328,-122.03830718994141,ALAMEDA,NEWARK,-122.03838348388672,37.529994964599609
9463217,2022,2022-07-20,0112,2022-07-04,2330,391,,1,5,5,0112,0,0,0,,0,005,"HESPERIAN BL","RUTH CT",0.00,,Y,A,-,N,,,,,,,,,,N,4,0,1,2,A,-,11,21950,B,N,G,B,D,A,H,-,C,A,0,Y,,,,Y,,N,60,0,0,1,0,1,0,0,0,0,"- ","- ",,,ALAMEDA,"SAN LEANDRO",-122.13005065917969,37.700359344482422
9463378,2022,2022-07-21,0104,2022-06-22,1718,330,E1,3,5,2,0104,0,0,0,,0,001,"POWELL ST","VALLEJO ST",0.00,,Y,A,-,N,,,,,,,,,,Y,4,0,1,2,A,-,09,21802,A,N,D,C,A,A,H,-,A,A,0,,,,,Y,,A,01,0,0,1,0,0,0,0,0,0,"- ","- ",,,ALAMEDA,EMERYVILLE,-122.28565979003906,37.840213775634766
9463442,2022,2022-06-30,0109,2022-05-08,0423,9644,1,7,5,7,0109,0,0,0,,0,18X,"FOOTHILL BL","16TH AV",0.00,,Y,A,-,N,,,,,,,,,,Y,3,0,3,2,A,-,01,23152,A,N,A,C,A,A,H,-,C,A,0,,,,,Y,Y,A,01,0,1,2,0,0,0,0,0,0,"- ","- ",,,ALAMEDA,OAKLAND,-122.24259185791016,37.789993286132812
9463589,2022,2022-08-17,0112,2022-07-16,2205,404,,6,5,5,0112,0,0,0,,0,002,"E 14TH ST","JUANA AV",0.00,,Y,A,-,Y,ALA,4,185,-,-,5.500,I,5,N,N,4,0,1,2,A,-,09,21801,A,N,D,C,A,A,H,-,C,A,0,,,,,Y,Y,-,,0,0,1,0,0,0,0,0,0,"- ","- ",37.72357177734375,-122.15383911132812,ALAMEDA,"SAN LEANDRO",-122.15389251708984,37.723564147949219
9463604,2022,2022-09-30,0111,2022-08-24,1542,324,,3,5,5,0111,0,0,0,,0,002,"DOUGHERTY RD","DUBLIN BL",696.00,S,N,A,-,Y,ALA,4,580,-,-,19.621,R,4,W,N,4,0,1,2,A,-,10,21950,A,N,G,B,B,A,H,-,A,A,0,Y,,,,Y,,A,01,0,0,1,0,1,0,0,0,0,"- ","- ",,,ALAMEDA,PLEASANTON,-121.90253448486328,37.701496124267578
9463643,2022,2022-09-28,0108,2022-06-23,1453,11366,36,4,5,4,0108,0,0,0,,0,002,"BIRCH ST","MOORES AV",0.00,,Y,A,-,N,,,,,,,,,,N,3,0,1,2,A,-,09,21802,A,N,D,C,A,A,H,-,A,D,0,,,,,Y,,A,01,0,1,0,0,0,0,0,0,0,"- ","- ",37.527988433837891,-122.01103210449219,ALAMEDA,NEWARK,-122.01103973388672,37.527965545654297
9463809,2022,2022-10-03,0112,2022-08-27,1608,406,,6,5,5,0112,0,0,0,,0,004,"RT 112","WARDEN AV",0.00,,Y,A,-,Y,ALA,4,112,-,R,0.450,I,5,W,Y,4,0,1,2,A,-,12,21453,A,N,D,C,A,A,H,-,A,A,0,,,,,Y,,-,,0,0,1,0,0,0,0,0,0,"- ","- ",,,ALAMEDA,"SAN LEANDRO",-122.17932891845703,37.718578338623047
9463813,2022,2022-09-27,0112,2022-08-25,1404,317,,4,5,5,0112,0,0,0,,0,003,"RT 185","136TH AV",0.00,,Y,A,-,Y,ALA,4,185,-,-,4.650,I,5,S,N,4,0,1,2,A,-,10,21950,A,N,G,B,B,A,H,-,A,A,0,Y,,,,Y,,-,,0,0,1,0,1,0,0,0,0,"- ","- ",,,ALAMEDA,"SAN LEANDRO",-122.14240264892578,37.714969635009766
9463829,2022,2022-09-22,0112,2022-09-08,0210,306,,4,5,5,0112,0,0,0,,0,004,"DOOLITTLE DR","BERMUDA AV",500.00,S,N,A,-,N,,,,,,,,,,Y,4,0,1,1,A,-,01,23152,A,N,E,I,A,A,H,-,C,D,0,,,,,Y,Y,-,,0,0,1,0,0,0,0,0,0,"- ","- ",37.695831298828125,-122.17424011230469,ALAMEDA,"SAN LEANDRO",-122.17428588867188,37.695808410644531
9463833,2022,2022-09-27,0112,2022-09-06,1146,289,,2,5,5,0112,0,0,0,,0,002,"E 14TH ST","SYBIL AV",0.00,,Y,A,-,Y,ALA,4,185,-,-,5.190,I,5,N,Y,4,0,2,2,A,-,09,21801,A,N,A,C,A,A,H,-,A,A,0,,,,,Y,,-,,0,0,2,0,0,0,0,0,0,"- ","- ",,,ALAMEDA,"SAN LEANDRO",-122.14992523193359,37.7205810546875
9463902,2022,2022-09-15,0112,2022-08-14,2044,404,,7,5,5,0112,0,0,0,,0,004,"MARINA BL","DOOLITTLE DR",0.00,,N,A,-,N,,,,,,,,,,N,3,0,1,2,A,-,11,21950,B,N,G,B,D,A,H,-,C,A,0,Y,,,,Y,Y,N,60,0,1,0,0,1,0,0,0,0,"- ","- ",37.704708099365234,-122.18049621582031,ALAMEDA,"SAN LEANDRO",-122.18019104003906,37.704853057861328
9463906,2022,2022-11-10,0112,2022-08-18,0656,408,,4,5,5,0112,0,0,0,,0,,"DAVIS ST",ALVARADO,10.00,W,N,A,-,Y,ALA,4,112,-,-,1.350,H,-,E,Y,4,0,1,2,A,-,03,22350,,N,C,C,A,A,H,-,A,A,0,,,,,Y,,A,07,0,0,1,0,0,0,0,0,0,"- ","- ",,,ALAMEDA,"SAN LEANDRO",-122.16388702392578,37.722816467285156
9463910,2022,2022-09-15,0112,2022-08-18,1253,397,,4,5,5,0112,0,0,0,,0,005,"E 14TH ST","152ND AV",0.00,,Y,A,-,Y,ALA,4,185,-,-,3.540,I,5,S,Y,4,0,1,2,A,-,08,22107,,N,B,C,A,A,H,-,A,D,0,,,,,Y,Y,A,01,0,0,1,0,0,0,0,0,0,"- ","- ",,,ALAMEDA,"SAN LEANDRO",-122.12722015380859,37.704246520996094
9464072,2022,2022-09-07,0109,2022-06-13,0246,9644,1,1,5,7,0109,0,0,0,,0,19X,"E 10TH ST","6TH AV",0.00,,Y,A,-,N,,,,,,,,,,Y,4,0,2,2,A,-,12,22450,A,M,D,C,A,A,H,-,C,A,0,,,,,Y,,A,01,0,0,2,0,0,0,0,0,0,"- ","- ",,,ALAMEDA,OAKLAND,-122.25583648681641,37.792980194091797
9464179,2023,2023-03-20,0109,2023-02-19,"708 ",8483,2,7,5,7,0109,0,0,0,,0,04X,"HARRISON ST","19TH ST",3.00,N,N,A,-,N,,,,,,,,,,N,1,1,0,2,A,-,11,21453,D,F,G,B,B,A,H,-,A,A,0,Y,,,,Y,,N,60,0,0,0,1,0,0,0,0,0,"- ","- ",,,ALAMEDA,OAKLAND,-122.26543426513672,37.806377410888672
9464294,2022,2023-04-27,0105,2022-06-29,1725,14591,801,3,5,6,0105,0,0,0,,0,001,"DRISCOLL RD","CARMEN ST",0.00,,Y,A,-,N,,,,,,,,,,Y,1,1,0,2,A,-,17,21209,A,N,G,B,E,A,H,-,A,A,0,Y,,,,Y,,A,07,0,0,0,1,0,0,0,0,0,"- ","- ",,,ALAMEDA,FREMONT,-121.95167541503906,37.537315368652344