CASE_ID,ACCIDENT_YEAR,PROC_DATE,JURIS,COLLISION_DATE,COLLISION_TIME,OFFICER_ID,REPORTING_DISTRICT,DAY_OF_WEEK,CHP_SHIFT,POPULATION,CNTY_CITY_LOC,SPECIAL_COND,BEAT_TYPE,CHP_BEAT_TYPE,CITY_DIVISION_LAPD,CHP_BEAT_CLASS,BEAT_NUMBER,PRIMARY_RD,SECONDARY_RD,DISTANCE,DIRECTION,INTERSECTION,WEATHER_1,WEATHER_2,STATE_HWY_IND,CALTRANS_COUNTY,CALTRANS_DISTRICT,STATE_ROUTE,ROUTE_SUFFIX,POSTMILE_PREFIX,POSTMILE,LOCATION_TYPE,RAMP_INTERSECTION,SIDE_OF_HWY,TOW_AWAY,COLLISION_SEVERITY,NUMBER_KILLED,NUMBER_INJURED,PARTY_COUNT,PRIMARY_COLL_FACTOR,PCF_CODE_OF_VIOL,PCF_VIOL_CATEGORY,PCF_VIOLATION,PCF_VIOL_SUBSECTION,HIT_AND_RUN,TYPE_OF_COLLISION,MVIW,PED_ACTION,ROAD_SURFACE,ROAD_COND_1,ROAD_COND_2,LIGHTING,CONTROL_DEVICE,CHP_ROAD_TYPE,PEDESTRIAN_ACCIDENT,BICYCLE_ACCIDENT,MOTORCYCLE_ACCIDENT,TRUCK_ACCIDENT,NOT_PRIVATE_PROPERTY,ALCOHOL_INVOLVED,STWD_VEHTYPE_AT_FAULT,CHP_VEHTYPE_AT_FAULT,COUNT_SEVERE_INJ,COUNT_VISIBLE_INJ,COUNT_COMPLAINT_PAIN,COUNT_PED_KILLED,COUNT_PED_INJURED,COUNT_BICYCLIST_KILLED,COUNT_BICYCLIST_INJURED,COUNT_MC_KILLED,COUNT_MC_INJURED,PRIMARY_RAMP,SECONDARY_RAMP,LATITUDE,LONGITUDE,COUNTY,CITY,POINT_X,POINT_Y
9464734,2022,2022-11-29,0106,2022-09-25,0858,459,,7,5,6,0106,0,0,0,,0,00D,"CLAWITER RD","DEPOT RD",140.00,N,N,A,-,N,,,,,,,,,,Y,4,0,1,1,A,-,03,22350,,N,E,I,A,A,H,-,A,A,0,,,,,Y,,A,08,0,0,1,0,0,0,0,0,0,"- ","- ",37.63861083984375,-122.11974334716797,ALAMEDA,HAYWARD,-122.11975860595703,37.638984680175781
9464735,2022,2023-01-25,0106,2022-09-15,1701,497,,4,5,6,0106,0,0,0,,0,00J,"A ST","HATHAWAY AV",0.00,,Y,A,-,N,,,,,,,,,,Y,3,0,3,2,A,-,01,23152,B,N,D,C,A,A,H,-,A,A,0,,,,,Y,Y,A,01,0,2,1,0,0,0,0,0,0,"- ","- ",37.666439056396484,-122.10340881347656,ALAMEDA,HAYWARD,-122.10346984863281,37.666530609130859
9464737,2022,2022-11-29,0106,2022-09-20,0545,368,,2,5,6,0106,0,0,0,,0,00J,"WEST WINTON AV","WRIGHT DR",144.00,W,N,A,-,N,,,,,,,,,,N,4,0,1,2,A,-,07,21658,A,N,B,C,A,A,H,-,C,A,0,,,Y,,Y,,C,02,0,0,1,0,0,0,0,0,1,"- ","- ",37.653079986572266,-122.11026000976562,ALAMEDA,HAYWARD,-122.10943603515625,37.653366088867188
9464738,2022,2022-12-06,0106,2022-09-25,1249,431,,7,5,6,0106,0,0,0,,0,00E,"HESPERIAN BL","TAHOE AV",6.00,S,N,A,-,N,,,,,,,,,,N,2,0,1,2,A,-,10,21950,A,N,G,B,A,A,A,H,A,A,0,,Y,,,Y,,A,01,1,0,0,0,0,0,1,0,0,"- ","- ",37.620090484619141,-122.09008026123047,ALAMEDA,HAYWARD,-122.09011077880859,37.620025634765625
9464739,2022,2022-11-29,0106,2022-09-25,0608,319,,7,5,6,0106,0,0,0,,0,00H,"HUNTWOOD AV","SILVERDELL WY",45.00,S,N,A,-,N,,,,,,,,,,Y,4,0,1,2,A,-,05,21651,B,M,B,C,A,A,H,-,C,D,0,,,,,Y,,A,01,0,0,1,0,0,0,0,0,0,"- ","- ",37.626941680908203,-122.06069946289062,ALAMEDA,HAYWARD,-122.06117248535156,37.627967834472656
9464783,2022,2022-12-01,0106,2022-10-04,1834,348,,2,5,6,0106,0,0,0,,0,00D,"HESPERIAN BL","SOUTHLAND DR",35.00,S,N,A,-,N,,,,,,,,,,Y,4,0,1,1,A,-,07,21658,A,N,E,I,A,A,H,-,C,A,0,,,,,Y,,A,01,0,0,1,0,0,0,0,0,0,"- ","- ",37.650550842285156,-122.10878753662109,ALAMEDA,HAYWARD,-122.10859680175781,37.650493621826172
9464784,2022,2022-12-12,0106,2022-10-25,1117,312,,2,5,6,0106,0,0,0,,0,00G,"BLAINE WY","BISHOP AV",0.00,,Y,A,-,N,,,,,,,,,,N,2,0,1,2,A,-,09,21800,B,N,D,G,A,A,H,-,A,D,0,,Y,,,Y,,L,04,1,0,0,0,0,0,1,0,0,"- ","- ",37.643779754638672,-122.08941650390625,ALAMEDA,HAYWARD,-122.08940124511719,37.643768310546875
9464786,2022,2022-12-01,0106,2022-10-04,2010,348,,2,5,6,0106,0,0,0,,0,00A,"WATKINS ST","JACKSON ST",0.00,,Y,A,-,N,,,,,,,,,,N,3,0,1,2,A,-,17,21451,A,F,H,G,A,A,H,-,C,A,0,,Y,,,Y,,-,99,0,1,0,0,0,0,1,0,0,"- ","- ",37.667709350585938,-122.08138275146484,ALAMEDA,HAYWARD,-122.08135986328125,37.667682647705078
9464790,2022,2022-12-01,0106,2022-10-12,1200,374,,3,5,6,0106,0,0,0,,0,00B,"W B ST","ZABALLOS CT",0.00,,Y,A,-,N,,,,,,,,,,N,4,0,1,2,A,-,05,21650,1,N,A,G,A,A,H,-,A,D,0,,Y,,,Y,,L,04,0,0,1,0,0,0,1,0,0,"- ","- ",,,ALAMEDA,HAYWARD,-122.06855010986328,37.68109130859375
9465098,2022,2023-02-01,0109,2022-11-22,1701,9832,1,2,5,7,0109,0,0,0,,0,17Y,"MACARTHUR BL","BEAUMONT AV",16.00,E,N,A,-,N,,,,,,,,,,N,4,0,1,2,A,-,08,22107,,N,C,C,A,A,H,-,C,A,0,,,,,Y,,A,01,0,0,1,0,0,0,0,0,0,"- ","- ",,,ALAMEDA,OAKLAND,-122.22889709472656,37.800518035888672
9465099,2022,2023-01-13,0109,2022-11-26,2248,9933,2,6,5,7,0109,0,0,0,,0,27Y,"INTERNATIONAL BL","54TH AV",85.00,W,N,A,-,N,,,,,,,,,,N,4,0,1,1,A,-,08,22107,,N,A,I,A,A,H,-,C,D,0,,,,,Y,,A,01,0,0,1,0,0,0,0,0,0,"- ","- ",,,ALAMEDA,OAKLAND,-122.20516204833984,37.767807006835938
9465100,2022,2023-01-27,0109,2022-11-27,1709,9717,1,7,5,7,0109,0,0,0,,0,19X,"14TH AV","E 15TH ST",0.00,,Y,A,-,N,,,,,,,,,,N,4,0,1,2,A,-,12,21453,A,N,A,C,A,A,H,-,C,A,0,,,,,Y,,A,01,0,0,1,0,0,0,0,0,0,"- ","- ",,,ALAMEDA,OAKLAND,-122.24562072753906,37.789909362792969
9465253,2022,2023-01-13,0109,2022-11-25,2030,9889,1,5,5,7,0109,0,0,0,,0,06X,"27TH ST","NORTHGATE AV",0.00,,Y,A,-,N,,,,,,,,,,N,4,0,1,2,A,-,12,21453,A,M,B,C,A,A,H,-,C,A,0,,,,,Y,,A,01,0,0,1,0,0,0,0,0,0,"- ","- ",,,ALAMEDA,OAKLAND,-122.26984405517578,37.816471099853516
9465286,2022,2023-01-04,0111,2022-11-11,1116,349,,5,5,5,0111,0,0,0,,0,001,"HOPY ARD RD","RT 580",0.00,,Y,A,-,Y,ALA,4,580,-,-,20.166,R,4,E,Y,3,0,1,3,A,-,12,21453,A,N,A,C,A,A,H,-,A,A,0,,,,,Y,,A,07,0,1,0,0,0,0,0,0,0,"- ",EF,,,ALAMEDA,PLEASANTON,-121.91262817382812,37.701999664306641
9465379,2022,2022-12-21,0109,2022-10-10,2212,10021,2,1,5,7,0109,0,0,0,,0,01X,"83RD AV","INTERNATIONAL BL",0.00,,Y,A,-,N,,,,,,,,,,N,4,0,4,5,A,-,08,22107,,N,A,E,A,A,H,-,A,A,0,,,,,Y,,A,01,0,0,4,0,0,0,0,0,0,"- ","- ",,,ALAMEDA,OAKLAND,-122.17832183837891,37.754810333251953
9465385,2022,2022-12-21,0106,2022-10-16,0758,392,,7,5,6,0106,0,0,0,,0,00A,"MISSION BL","JACKSON ST",0.00,,Y,A,-,N,,,,,,,,,,Y,2,0,2,2,A,-,12,21453,A,N,D,C,A,A,H,-,A,A,0,,,,,Y,,A,01,1,0,1,0,0,0,0,0,0,"- ","- ",37.668731689453125,-122.08081817626953,ALAMEDA,HAYWARD,-122.08091735839844,37.668807983398438
9465386,2022,2022-12-21,0106,2022-10-20,1516,369,,4,5,6,0106,0,0,0,,0,00B,"FOOTHILL BL","B ST",0.00,,Y,A,-,N,,,,,,,,,,Y,3,0,2,2,A,-,03,22350,,F,D,C,A,A,H,-,A,A,0,,,,,Y,,A,01,0,1,1,0,0,0,0,0,0,"- ","- ",37.674098968505859,-122.08094024658203,ALAMEDA,HAYWARD,-122.08091735839844,37.674079895019531
9465687,2022,2023-02-02,0111,2022-12-09,0614,330,,5,5,5,0111,0,0,0,,0,033,"HOPYARD RD","PASEO NAVARRO",100.00,S,N,B,-,N,,,,,,,,,,Y,2,0,1,1,A,-,01,23152,A,N,E,I,A,B,H,-,C,D,0,,,,,Y,Y,A,01,1,0,0,0,0,0,0,0,0,"- ","- ",,,ALAMEDA,PLEASANTON,-121.89224243164062,37.6727294921875
9465688,2022,2023-02-02,0111,2022-12-03,1447,308,,6,5,5,0111,0,0,0,,0,002,"SANTA RITA RD","OLD SANTA RITA RD",0.00,,Y,A,-,N,,,,,,,,,,Y,3,0,1,3,-,-,"- ",,A,N,D,C,A,B,H,-,A,A,0,,,,,Y,,-,"- ",0,1,0,0,0,0,0,0,0,"- ","- ",,,ALAMEDA,PLEASANTON,-121.87834167480469,37.694484710693359
9465714,2022,2023-01-04,0109,2022-11-24,2355,10020,2,4,5,7,0109,0,0,0,,0,32Y,"MACARTHUR BL","TRUMAN AV",0.00,,Y,A,-,N,,,,,,,,,,Y,4,0,2,2,A,-,03,22350,,M,B,E,A,A,H,-,C,D,0,,,,,Y,,A,07,0,0,2,0,0,0,0,0,0,"- ","- ",,,ALAMEDA,OAKLAND,-122.15674591064453,37.746685028076172
9465715,2022,2023-01-04,0109,2022-11-25,1534,9173,1,5,5,7,0109,0,0,0,,0,12Y,"60TH ST","COLBY ST",250.00,E,N,A,-,N,,,,,,,,,,Y,4,0,1,2,A,-,08,22107,,N,B,E,A,A,H,-,A,D,0,,,,,Y,,A,01,0,0,1,0,0,0,0,0,0,"- ","- ",,,ALAMEDA,OAKLAND,-122.25556182861328,37.846908569335938
9465717,2022,2023-01-04,0109,2022-11-10,1622,10042,1,4,5,7,0109,0,0,0,,0,27X,"47TH AV","BOND ST",0.00,,Y,A,-,N,,,,,,,,,,N,4,0,3,2,A,-,12,21453,A,N,D,C,A,A,H,-,A,A,0,,,,,Y,,-,"- ",0,0,3,0,0,0,0,0,0,"- ","- ",,,ALAMEDA,OAKLAND,-122.20924377441406,37.772514343261719
9465718,2022,2023-01-04,0109,2022-11-07,1540,9996,1,1,5,7,0109,0,0,0,,0,19X,"E 11TH ST","6TH AV",0.00,,Y,A,-,N,,,,,,,,,,N,4,0,2,2,A,-,09,21802,A,N,D,C,A,A,H,-,A,D,0,,,,,Y,,A,01,0,0,2,0,0,0,0,0,0,"- ","- ",,,ALAMEDA,OAKLAND,-122.25492095947266,37.793663024902344
9465719,2022,2023-01-04,0109,2022-11-11,1044,9738,1,5,5,7,0109,0,0,0,,0,05X,"16TH ST","FILBERT ST",15.00,N,N,A,-,N,,,,,,,,,,N,4,0,2,3,A,-,09,21802,A,N,D,C,A,A,H,-,A,A,0,,,,,Y,,A,01,0,0,2,0,0,0,0,0,0,"- ","- ",,,ALAMEDA,OAKLAND,-122.28244781494141,37.810329437255859
9465991,2022,2022-12-16,0109,2022-11-01,2234,10020,1,2,5,7,0109,0,0,0,,0,34X,"90TH AV","BANCROFT AV",0.00,,Y,B,-,N,,,,,,,,,,Y,4,0,1,2,A,-,03,22350,,M,C,C,A,A,H,-,C,A,0,,,,,Y,,A,07,0,0,1,0,0,0,0,0,0,"- ","- ",,,ALAMEDA,OAKLAND,-122.16580963134766,37.753559112548828
9466467,2022,2023-01-03,0106,2022-11-04,2148,476,,5,5,6,0106,0,0,0,,0,00E,"BAUMBERG AV","INDUSTRIAL BL",18.00,W,N,A,-,N,,,,,,,,,,Y,3,0,2,2,A,-,03,22350,,N,D,C,A,A,H,-,C,A,0,,,,,Y,,A,07,0,1,1,0,0,0,0,0,0,"- ","- ",37.620719909667969,-122.09951019287109,ALAMEDA,HAYWARD,-122.09957122802734,37.620697021484375
9466473,2022,2023-01-03,0106,2022-11-16,1829,350,,3,5,6,0106,0,0,0,,0,00C,"S SYCAMORE AV","JACKSON ST",47.00,S,N,A,-,N,,,,,,,,,,N,4,0,1,2,A,-,08,22107,,N,D,C,A,A,H,-,C,D,0,,Y,,,Y,,L,04,0,0,1,0,0,0,1,0,0,"- ","- ",37.661331176757812,-122.08483123779297,ALAMEDA,HAYWARD,-122.08463287353516,37.661327362060547
9466474,2022,2023-01-10,0106,2022-09-06,1003,419,,2,5,6,0106,0,0,0,,0,00G,"S HUNTWOOD AV","SHEPHERD AV",200.00,S,N,A,-,N,,,,,,,,,,N,3,0,1,2,A,-,09,21801,A,N,D,J,A,A,B,-,A,A,0,,,,,Y,,D,22,0,1,0,0,0,0,0,0,0,"- ","- ",37.638648986816406,-122.06887054443359,ALAMEDA,HAYWARD,-122.06907653808594,37.639080047607422
9466826,2022,2023-02-02,0109,2022-11-19,2021,10016,1,6,5,7,0109,0,0,0,,0,03X,"10TH ST","OAK ST",0.00,,Y,A,-,N,,,,,,,,,,N,3,0,3,3,A,-,12,21453,A,N,A,C,A,A,H,-,A,A,0,,,,,Y,,D,22,0,1,2,0,0,0,0,0,0,"- ","- ",,,ALAMEDA,OAKLAND,-122.26456451416016,37.798309326171875
9466847,2023,2023-03-02,0109,2023-01-08,2124,10042,2,7,5,7,0109,0,0,0,,0,27Y,"55TH AV","INTERNATIONAL BL",195.00,E,N,C,-,N,,,,,,,,,,N,4,0,2,2,A,-,08,22107,,F,C,E,A,B,H,-,C,D,0,,,,,Y,,D,22,0,0,2,0,0,0,0,0,0,"- ","- ",,,ALAMEDA,OAKLAND,-122.20318603515625,37.767440795898438
9466851,2023,2023-03-03,0109,2023-01-09,1927,9269,1,1,5,7,0109,0,0,0,,0,01X,"BROADWAY ST","3RD ST",0.00,,Y,A,-,N,,,,,,,,,,N,4,0,1,2,A,-,12,21453,A,N,D,C,A,A,H,-,C,A,0,,,,,Y,,A,07,0,0,1,0,0,0,0,0,0,"- ","- ",,,ALAMEDA,OAKLAND,,
9466982,2022,2023-02-02,0109,2022-12-14,0900,10052,1,3,5,7,0109,0,0,0,,0,16Y,"MACARTHUR BL","SHEFFIELD AV",10.00,W,N,A,-,N,,,,,,,,,,N,4,0,1,3,A,-,03,22350,,M,C,C,A,A,H,-,A,A,0,,,,,Y,,D,22,0,0,1,0,0,0,0,0,0,"- ","- ",,,ALAMEDA,OAKLAND,-122.22077178955078,37.800045013427734
9466983,2022,2023-02-13,0109,2022-12-16,0924,10042,2,5,5,7,0109,0,0,0,,0,23X,"ALAMEDA AV","FRUITVALE AV",0.00,E,N,A,-,N,,,,,,,,,,N,2,0,1,2,A,-,"- ",,,M,A,E,A,A,H,-,A,D,0,,,,,Y,,A,07,1,0,0,0,0,0,0,0,0,"- ","- ",,,ALAMEDA,OAKLAND,-122.22975921630859,37.769580841064453
9466987,2022,2023-01-18,0109,2022-05-21,2236,9887,2,6,5,7,0109,0,0,0,,0,23X,"SAN LEANDRO ST","40TH ST",17.00,W,N,A,-,N,,,,,,,,,,Y,2,0,1,2,A,-,01,23152,A,N,A,C,A,A,H,-,C,A,0,,,,,Y,Y,A,08,1,0,0,0,0,0,0,0,0,"- ","- ",,,ALAMEDA,OAKLAND,-122.21971130371094,37.771854400634766
9466997,2022,2023-02-02,0109,2022-12-03,0255,9961,1,6,5,7,0109,0,0,0,,0,15X,"E 10TH ST","5TH AV",0.00,,Y,C,-,N,,,,,,,,,,N,2,0,1,2,A,-,03,22350,,F,G,B,F,B,H,-,C,A,0,Y,,,,Y,Y,A,01,1,0,0,0,1,0,0,0,0,"- ","- ",,,ALAMEDA,OAKLAND,-122.25669097900391,37.793708801269531
9467050,2022,2023-02-04,0106,2022-12-15,0609,396,,4,5,6,0106,0,0,0,,0,00B,"A ST","FOOTHILL BL",36.00,W,N,A,-,N,,,,,,,,,,Y,3,0,2,3,A,-,12,21453,A,N,B,C,A,A,H,-,B,A,0,,,,,Y,,A,07,0,1,1,0,0,0,0,0,0,"- ","- ",37.675228118896484,-122.08191680908203,ALAMEDA,HAYWARD,-122.08202362060547,37.675155639648438
9467441,2022,2023-02-23,0109,2022-11-16,1707,9924,1,3,5,7,0109,0,0,0,,0,05X,"MARKET ST","18TH ST",0.00,,Y,A,-,N,,,,,,,,,,N,4,0,1,2,A,-,09,21801,A,M,A,C,A,A,H,-,A,A,0,,,,,Y,,A,01,0,0,1,0,0,0,0,0,0,"- ","- ",,,ALAMEDA,OAKLAND,-122.27989196777344,37.811141967773438
9467493,2023,2023-02-21,0109,2023-01-16,1921,10042,2,1,5,7,0109,0,0,0,,0,31X,"HEGENBERGER RD","HEGENBERGER LOOP",10.00,N,N,A,-,N,,,,,,,,,,N,4,0,3,5,A,-,03,22350,,N,C,E,E,A,H,-,C,D,0,Y,,,,Y,,A,01,0,0,3,0,1,0,0,0,0,"- ","- ",,,ALAMEDA,OAKLAND,-122.19790649414062,37.734424591064453
9467494,2023,2023-02-10,0109,2023-01-11,"922 ",9149,1,3,5,7,0109,0,0,0,,0,03X,"8TH ST","MADISON ST",0.00,,Y,C,-,N,,,,,,,,,,N,4,0,1,2,A,-,10,21950,A,N,B,B,B,B,-,-,A,A,0,Y,,,,Y,,A,01,0,0,1,0,1,0,0,0,0,"- ","- ",,,ALAMEDA,OAKLAND,,
9467495,2023,2023-02-09,0109,2023-01-16,"30  ",9675,1,1,5,7,0109,0,0,0,,0,14X,"GRAND AV","MACARTHUR BL",0.00,,Y,C,-,N,,,,,,,,,,Y,2,0,1,2,A,-,12,21453,A,F,C,C,A,B,H,-,C,A,0,,,Y,,Y,,A,01,1,0,0,0,0,0,0,0,1,"- ","- ",,,ALAMEDA,OAKLAND,,
9467574,2023,2023-02-15,0111,2023-01-10,1918,349,,2,5,5,0111,0,0,0,,0,001,"FOOTHILL RD","CANYON WY",0.00,,Y,A,-,N,,,,,,,,,,Y,3,0,3,2,A,-,12,21453,A,N,D,C,A,A,H,-,A,A,0,,,,,Y,,A,01,0,3,0,0,0,0,0,0,0,"- ","- ",,,ALAMEDA,PLEASANTON,,
9467575,2023,2023-02-15,0111,2023-01-07,1241,224,,6,5,5,0111,0,0,0,,0,003,"FOOTHILL RD","DEER OAKS CT",0.00,,Y,B,-,N,,,,,,,,,,N,3,0,1,1,A,-,03,22350,1,N,F,A,A,A,B,-,A,D,0,,Y,,,Y,,L,04,0,1,0,0,0,0,1,0,0,"- ","- ",,,ALAMEDA,PLEASANTON,,
9467602,2022,2022-11-23,0106,2022-09-02,1507,229,,5,5,6,0106,0,0,0,,0,00C,"A ST",FILBERT,280.00,E,N,A,-,N,,,,,,,,,,Y,4,0,1,2,A,-,04,21703,,N,C,C,A,A,H,-,A,D,0,,,,,Y,,J,48,0,0,1,0,0,0,0,0,0,"- ","- ",37.668941497802734,-122.09529113769531,ALAMEDA,HAYWARD,-122.09513092041016,37.668846130371094
9467811,2023,2024-03-01,0103,2023-11-24,1111,12,,5,5,6,0103,0,0,0,,0,011,"SAN PABLO","ADDISON ST",0.00,,Y,A,-,Y,ALA,4,123,-,-,3.090,H,-,S,N,3,0,1,3,A,-,08,22107,,N,C,D,A,A,H,-,A,A,0,,,,,Y,,A,01,0,1,0,0,0,0,0,0,0,"- ","- ",37.868148803710938,-122.29180908203125,ALAMEDA,BERKELEY,-122.29196166992188,37.868251800537109
9467932,2022,2023-01-06,0109,2022-11-02,1606,8257,1,3,5,7,0109,0,0,0,,0,19X,"E 12TH ST","6TH AV",0.00,,Y,A,-,N,,,,,,,,,,Y,4,0,3,2,A,-,01,23152,A,N,D,C,A,A,H,-,A,A,0,,,,,Y,Y,A,07,0,0,3,0,0,0,0,0,0,"- ","- ",,,ALAMEDA,OAKLAND,-122.25395965576172,37.794330596923828
9467937,2022,2023-01-06,0112,2022-09-11,0132,404,,7,5,5,0112,0,0,0,,0,005,"HESPERIAN BL","HALCYON DR",0.00,,Y,A,-,N,,,,,,,,,,N,4,0,1,1,A,-,03,22350,,N,E,I,A,A,H,-,C,A,0,,,Y,,Y,Y,C,02,0,0,1,0,0,0,0,0,1,"- ","- ",37.70233154296875,-122.12986755371094,ALAMEDA,"SAN LEANDRO",-122.13005828857422,37.701953887939453
9467962,2022,2023-01-13,0112,2022-12-17,2305,381,,6,5,5,0112,0,0,0,,0,002,"E 14TH ST","145TH AV",43.00,N,N,A,-,Y,ALA,4,185,-,-,4.170,H,-,N,Y,4,0,3,2,A,-,01,23153,A,N,D,C,A,A,H,-,C,D,0,,,,,Y,Y,A,01,0,0,3,0,0,0,0,0,0,"- ","- ",,,ALAMEDA,"SAN LEANDRO",-122.13600158691406,37.710525512695312
9467990,2022,2023-01-04,0108,2022-12-01,0817,11954,4,4,5,4,0108,0,0,0,,0,001,"MIRABEAU DR",CEDAR,0.00,,Y,B,C,N,,,,,,,,,,Y,4,0,1,2,A,-,12,22450,A,N,D,C,A,B,H,-,A,A,0,,,,,Y,,A,07,0,0,1,0,0,0,0,0,0,"- ","- ",37.543708801269531,-122.04731750488281,ALAMEDA,NEWARK,-122.04741668701172,37.543678283691406
9468056,2022,2023-01-10,0112,2022-12-10,1018,384,,6,5,5,0112,0,0,0,,0,007,"DAVIS ST","DOUGLAS DR",10.00,E,N,C,-,N,,,,,,,,,,Y,4,0,2,3,A,-,03,22350,,F,C,C,A,D,H,-,A,A,0,,,,,Y,,A,07,0,0,2,0,0,0,0,0,0,"- ","- ",,,ALAMEDA,"SAN LEANDRO",-122.17049407958984,37.721157073974609
9468106,2022,2023-02-22,0109,2022-09-07,0002,9872,2,3,5,7,0109,0,0,0,,0,26X,"75TH AV","HAMILTON ST",256.00,S,N,A,-,N,,,,,,,,,,N,4,0,1,3,A,-,03,22350,,M,B,C,A,A,H,-,C,D,0,,,,,Y,,A,01,0,0,1,0,0,0,0,0,0,"- ","- ",,,ALAMEDA,OAKLAND,-122.19040679931641,37.755386352539062
9468112,2022,2023-02-16,0109,2022-09-19,2348,8549,1,1,5,7,0109,0,0,0,,0,08X,"TELEGRAPH AV","30T ST",25.00,N,N,A,-,N,,,,,,,,,,Y,3,0,2,3,A,-,01,23152,A,N,D,C,E,A,H,-,C,A,0,Y,,,,Y,Y,A,01,0,1,1,0,1,0,0,0,0,"- ","- ",,,ALAMEDA,OAKLAND,-122.267082,37.819391000000003
9468191,2022,2023-01-18,0109,2022-12-22,1654,10051,2,4,5,7,0109,0,0,0,,0,30X,"73RD AV","BANCROFT AV",0.00,,Y,A,-,N,,,,,,,,,,N,4,0,1,2,A,-,12,21453,A,N,D,C,A,A,H,-,B,A,0,,,,,Y,,A,01,0,0,1,0,0,0,0,0,0,"- ","- ",,,ALAMEDA,OAKLAND,-122.17720794677734,37.765819549560547
9468259,2022,2023-01-25,0111,2022-12-30,1907,342,,5,5,5,0111,0,0,0,,0,002,"RT 580","FALLEN RD",0.00,,Y,B,C,Y,ALA,4,580,-,-,16.551,R,4,W,Y,4,0,1,2,A,-,12,21453,A,N,D,C,A,B,H,-,C,A,0,,,,,Y,,-,"- ",0,0,1,0,0,0,0,0,0,FR,"- ",,,ALAMEDA,PLEASANTON,-121.84665679931641,37.70111083984375
9468288,2022,2023-01-30,0108,2022-12-28,0022,11423,28,3,5,4,0108,0,0,0,,0,002,"MOWRY AV","ALPEN ROSE",949.00,E,N,A,-,Y,ALA,4,880,-,-,7.390,R,4,S,N,3,0,1,1,A,-,03,22350,,N,E,I,A,A,H,-,C,A,0,,,,,Y,,A,01,0,1,0,0,0,0,0,0,0,"- ","- ",37.565898895263672,-121.97540283203125,ALAMEDA,NEWARK,-122.00551605224609,37.531425476074219
9468722,2023,2023-09-15,0108,2023-08-15,1638,11906,4,2,5,4,0108,0,0,0,,0,001,"NEWARK BL","BELLHAVEN AV",287.00,S,N,A,-,N,,,,,,,,,,N,4,0,1,1,A,-,01,23152,A,M,E,I,A,A,H,-,A,D,0,,,,,Y,Y,A,01,0,0,1,0,0,0,0,0,0,"- ","- ",37.548881530761719,-122.05168151855469,ALAMEDA,NEWARK,-122.03443908691406,37.541145324707031
9469189,2023,2023-09-27,0109,2023-08-10,1430,9597,2,4,5,7,0109,0,0,0,,0,32X,"INTERNATIONAL BL","98TH AV",20.00,E,N,A,-,N,,,,,,,,,,N,4,0,1,2,A,-,03,22350,,N,C,C,A,A,H,-,A,D,0,,,,,Y,,-,99,0,0,1,0,0,0,0,0,0,"- ","- ",,,ALAMEDA,OAKLAND,-122.17054748535156,37.744281768798828
9469359,2023,2023-10-06,0109,2023-08-11,2251,10005,1,5,5,7,0109,0,0,0,,0,07X,"33RD ST","SAN PABLO AV",0.00,,Y,A,-,N,,,,,,,,,,N,3,0,1,1,A,-,07,21658,A,N,E,I,A,A,-,-,C,D,0,,,,,Y,,A,08,0,1,0,0,0,0,0,0,0,"- ","- ",,,ALAMEDA,OAKLAND,,
9469365,2023,2023-09-28,0109,2023-06-16,2026,10110,1,5,5,7,0109,0,0,0,,0,03Y,"12TH ST","CLAY ST",0.00,,Y,A,-,N,,,,,,,,,,Y,2,0,2,2,A,-,12,21453,A,N,D,C,A,A,H,-,B,A,0,,,,,Y,,A,01,1,0,1,0,0,0,0,0,0,"- ","- ",,,ALAMEDA,OAKLAND,,
9469369,2023,2023-09-28,0109,2023-06-17,1714,9821,1,6,5,7,0109,0,0,0,,0,05X,"MANDELA PKWY","16TH ST",0.00,,Y,A,-,N,,,,,,,,,,N,3,0,3,2,A,-,09,21802,A,N,D,C,A,A,H,-,A,A,0,,,,,Y,,A,07,0,2,1,0,0,0,0,0,0,"- ","- ",,,ALAMEDA,OAKLAND,,
9469405,2023,2023-09-25,0109,2023-07-01,1403,9909,1,6,5,7,0109,0,0,0,,0,06X,"APGAR ST","WEST ST",0.00,,Y,A,-,N,,,,,,,,,,N,4,0,1,2,A,-,03,22350,,M,D,C,A,A,H,-,A,D,0,,,,,Y,,A,01,0,0,1,0,0,0,0,0,0,"- ","- ",,,ALAMEDA,OAKLAND,,
9469418,2023,2023-09-25,0109,2023-07-21,2150,8347,1,5,5,7,0109,0,0,0,,0,08X,"23RD ST","TELEGRAPH AV",15.00,W,N,A,-,N,,,,,,,,,,N,3,0,1,2,A,-,10,21950,A,N,G,B,B,A,H,-,C,D,0,Y,,,,Y,,A,01,0,1,0,0,1,0,0,0,0,"- ","- ",,,ALAMEDA,OAKLAND,-122.26885986328125,37.812610626220703
9469436,2023,2023-10-03,0100,2023-09-12,"801 ",2254,,2,5,4,0198,0,0,0,,0,,"HORIZON PL","AMETHYST ST",0.00,,Y,A,-,N,,,,,,,,,,,3,0,1,2,A,-,17,21970,A,N,D,G,A,A,H,-,A,D,0,,Y,,,Y,,A,01,0,1,0,0,0,0,1,0,0,"- ","- ",,,ALAMEDA,DUBLIN,,
9469823,2023,2023-09-28,0109,2023-07-26,1244,9039,1,3,5,7,0109,0,0,0,,0,11X,"RACINE ST","63RD ST",50.00,N,N,A,-,N,,,,,,,,,,N,4,0,1,2,A,-,03,22350,,N,E,G,A,A,H,-,A,D,0,,Y,,,Y,,L,04,0,0,1,0,0,0,1,0,0,"- ","- ",,,ALAMEDA,OAKLAND,-122.26265716552734,37.849105834960938
9469824,2023,2023-10-03,0109,2023-07-29,1850,9966,2,6,5,7,0109,0,0,0,,0,30X,"81ST AV","OLIVE ST",0.00,,Y,A,-,N,,,,,,,,,,Y,2,0,1,3,A,-,09,21802,A,N,D,C,A,A,H,-,A,A,0,,,Y,,Y,Y,A,01,1,0,0,0,0,0,0,0,1,"- ","- ",,,ALAMEDA,OAKLAND,,
9470003,2023,2023-09-11,0109,2023-02-21,1209,9982,1,2,5,7,0109,0,0,0,,0,05X,"14TH ST","KIRKHAM ST",15.00,W,N,A,-,N,,,,,,,,,,N,4,0,1,2,A,-,17,22517,,N,H,G,A,A,H,-,A,D,0,,Y,,,Y,,A,01,0,0,1,0,0,0,1,0,0,"- ","- ",,,ALAMEDA,OAKLAND,-122.29031372070312,37.810520172119141