CASE_ID,ACCIDENT_YEAR,PROC_DATE,JURIS,COLLISION_DATE,COLLISION_TIME,OFFICER_ID,REPORTING_DISTRICT,DAY_OF_WEEK,CHP_SHIFT,POPULATION,CNTY_CITY_LOC,SPECIAL_COND,BEAT_TYPE,CHP_BEAT_TYPE,CITY_DIVISION_LAPD,CHP_BEAT_CLASS,BEAT_NUMBER,PRIMARY_RD,SECONDARY_RD,DISTANCE,DIRECTION,INTERSECTION,WEATHER_1,WEATHER_2,STATE_HWY_IND,CALTRANS_COUNTY,CALTRANS_DISTRICT,STATE_ROUTE,ROUTE_SUFFIX,POSTMILE_PREFIX,POSTMILE,LOCATION_TYPE,RAMP_INTERSECTION,SIDE_OF_HWY,TOW_AWAY,COLLISION_SEVERITY,NUMBER_KILLED,NUMBER_INJURED,PARTY_COUNT,PRIMARY_COLL_FACTOR,PCF_CODE_OF_VIOL,PCF_VIOL_CATEGORY,PCF_VIOLATION,PCF_VIOL_SUBSECTION,HIT_AND_RUN,TYPE_OF_COLLISION,MVIW,PED_ACTION,ROAD_SURFACE,ROAD_COND_1,ROAD_COND_2,LIGHTING,CONTROL_DEVICE,CHP_ROAD_TYPE,PEDESTRIAN_ACCIDENT,BICYCLE_ACCIDENT,MOTORCYCLE_ACCIDENT,TRUCK_ACCIDENT,NOT_PRIVATE_PROPERTY,ALCOHOL_INVOLVED,STWD_VEHTYPE_AT_FAULT,CHP_VEHTYPE_AT_FAULT,COUNT_SEVERE_INJ,COUNT_VISIBLE_INJ,COUNT_COMPLAINT_PAIN,COUNT_PED_KILLED,COUNT_PED_INJURED,COUNT_BICYCLIST_KILLED,COUNT_BICYCLIST_INJURED,COUNT_MC_KILLED,COUNT_MC_INJURED,PRIMARY_RAMP,SECONDARY_RAMP,LATITUDE,LONGITUDE,COUNTY,CITY,POINT_X,POINT_Y
9470004,2023,2023-09-11,0109,2023-01-13,"106 ",9220,1,5,5,7,0109,0,0,0,,0,09X,"WEST MACARTHUR BL","FAIRMOUNT AV",5.00,E,N,A,-,N,,,,,,,,,,N,4,0,1,3,A,-,01,23152,A,N,A,C,A,A,H,-,C,A,0,,,,,Y,Y,A,01,0,0,1,0,0,0,0,0,0,"- ","- ",,,ALAMEDA,OAKLAND,-122.25469970703125,37.821395874023438
9470009,2023,2023-09-11,0109,2023-01-14,1830,9996,1,6,5,7,0109,0,0,0,,0,18X,"E 21ST ST","21ST AV",20.00,W,N,C,-,N,,,,,,,,,,N,2,0,2,3,A,-,08,22107,,N,C,E,A,B,H,-,C,D,0,,,,,Y,,A,01,2,0,0,0,0,0,0,0,0,"- ","- ",,,ALAMEDA,OAKLAND,-122.23417663574219,37.790241241455078
9470021,2023,2023-09-12,0109,2023-03-11,"645 ",9994,1,6,5,7,0109,0,0,0,,0,05X,"18TH ST","ADELINE ST",0.00,,Y,A,-,N,,,,,,,,,,N,4,0,1,2,A,-,09,21801,A,N,A,C,A,A,H,-,C,A,0,,,,,Y,,A,01,0,0,1,0,0,0,0,0,0,"- ","- ",,,ALAMEDA,OAKLAND,,
9470027,2023,2023-09-12,0109,2023-04-13,1745,9516,1,4,5,7,0109,0,0,0,,0,07X,"28TH ST","POPLAR ST",0.00,,Y,A,-,N,,,,,,,,,,N,4,0,1,2,A,-,12,22450,A,N,B,C,A,A,H,-,A,A,0,,,Y,,Y,,C,02,0,0,1,0,0,0,0,0,0,"- ","- ",,,ALAMEDA,OAKLAND,,
9470223,2023,2023-09-18,0108,2023-08-27,1045,11827,20,7,5,4,0108,0,0,0,,0,001,"THORNTON AV","MULBERRY ST",27.00,W,N,A,-,N,,,,,,,,,,N,3,0,1,2,A,-,06,21751,,N,B,C,A,A,H,-,A,D,0,,,Y,,Y,,C,02,0,1,0,0,0,0,0,0,1,"- ","- ",37.531421661376953,-122.03559875488281,ALAMEDA,NEWARK,-122.03482055664062,37.531856536865234
9470224,2023,2023-09-18,0108,2023-08-29,1924,11544,11,2,5,4,0108,0,0,0,,0,002,"THORNTON AV","MARSHLANDS RD",124.00,N,N,A,-,N,,,,,,,,,,Y,3,0,1,1,A,-,03,22350,,N,E,I,A,A,H,-,A,D,0,,,,,Y,,A,01,0,1,0,0,0,0,0,0,0,"- ","- ",37.529949188232422,-122.06365203857422,ALAMEDA,NEWARK,-122.06378936767578,37.530193328857422
9470228,2023,2023-09-18,0108,2023-08-28,1610,12258,40,1,5,4,0108,0,0,0,,0,002,"BALENTINE DR","JOHN MUIR DR",0.00,,Y,A,-,N,,,,,,,,,,Y,4,0,1,2,A,-,09,21802,,N,D,C,A,A,H,-,A,D,0,,,,,Y,,A,01,0,0,1,0,0,0,0,0,0,"- ","- ",37.522441864013672,-121.99439239501953,ALAMEDA,NEWARK,,
9470331,2023,2023-09-26,0100,2023-08-28,"205 ",2164,DUBLI,1,5,4,0198,0,0,0,,0,071,"SAN RAMON RD","AMADOR VALLEY BL",0.00,,Y,A,-,N,,,,,,,,,,Y,3,0,2,2,A,-,12,21453,A,N,D,C,A,A,H,-,C,A,0,,,,,Y,,A,07,0,2,0,0,0,0,0,0,0,"- ","- ",,,ALAMEDA,DUBLIN,,
9470334,2023,2023-09-26,0100,2023-08-27,1814,2182,DUBLI,7,5,4,0198,0,0,0,,0,072,"DOUGHERTY RD","DUBLIN BL",0.00,,Y,A,-,N,,,,,,,,,,N,3,0,1,2,D,-,00,,,N,D,C,A,A,H,-,A,A,0,,,,,Y,,-,"- ",0,1,0,0,0,0,0,0,0,"- ","- ",37.704780578613281,-121.90963745117188,ALAMEDA,DUBLIN,,
9470546,2023,2023-10-10,0109,2023-06-25,1415,9903,1,7,5,7,0109,0,0,0,,0,03X,"HARRISON ST","6TH ST",20.00,N,N,A,-,N,,,,,,,,,,N,4,0,1,2,A,-,03,22350,,F,C,C,A,A,H,-,A,D,0,,,,,Y,,-,99,0,0,1,0,0,0,0,0,0,"- ","- ",,,ALAMEDA,OAKLAND,-122.27102661132812,37.797477722167969
9470549,2023,2023-10-10,0109,2023-06-13,1653,10088,1,2,5,7,0109,0,0,0,,0,05X,"BRUSH ST","18TH ST",0.00,,Y,A,-,N,,,,,,,,,,N,3,0,1,2,A,-,09,21801,A,F,D,B,B,A,H,-,A,A,0,Y,,,,Y,Y,A,01,0,1,0,0,1,0,0,0,0,"- ","- ",,,ALAMEDA,OAKLAND,,
9470550,2023,2023-10-10,0109,2023-06-14,1824,10088,1,3,5,7,0109,0,0,0,,0,04X,"GRAND AV","HARRISON ST",0.00,,Y,A,-,N,,,,,,,,,,N,2,0,1,2,A,-,12,21453,A,N,D,G,A,A,H,-,A,A,0,,Y,,,Y,,L,04,1,0,0,0,0,0,1,0,0,"- ","- ",,,ALAMEDA,OAKLAND,,
9470551,2023,2023-10-10,0109,2023-06-15,2029,10052,2,4,5,7,0109,0,0,0,,0,26Y,"75TH AV","RUDSDALE ST",50.00,N,N,A,-,N,,,,,,,,,,N,4,0,1,2,A,-,09,21804,A,N,H,C,A,A,H,-,B,D,0,,,,,Y,,L,04,0,0,1,0,0,0,0,0,0,"- ","- ",,,ALAMEDA,OAKLAND,-122.18779754638672,37.757057189941406
9470726,2023,2023-10-19,0109,2023-08-07,1642,9880,2,1,5,7,0109,0,0,0,,0,23X,"35TH AV","E 18TH ST",0.00,,Y,A,-,N,,,,,,,,,,Y,4,0,1,3,A,-,08,22107,,N,D,E,A,A,H,-,A,D,0,,,,,Y,,A,01,0,0,1,0,0,0,0,0,0,"- ","- ",,,ALAMEDA,OAKLAND,,
9470728,2023,2023-10-19,0109,2023-08-13,2039,10074,2,7,5,7,0109,0,0,0,,0,32X,"105TH AV","INTERNATIONAL BL",403.00,N,N,A,-,N,,,,,,,,,,N,4,0,1,2,A,-,09,21804,A,M,B,C,A,A,H,-,C,D,0,,,,,Y,,A,01,0,0,1,0,0,0,0,0,0,"- ","- ",,,ALAMEDA,OAKLAND,-122.16555023193359,37.739864349365234
9470729,2023,2023-10-20,0109,2023-08-13,1332,9999,1,7,5,7,0109,0,0,0,,0,03X,"5TH ST","BRUSH ST",0.00,,Y,A,-,N,,,,,,,,,,N,4,0,1,2,A,-,12,21453,A,N,D,C,A,A,H,-,A,A,0,,,,,Y,,A,01,0,0,1,0,0,0,0,0,0,"- ","- ",,,ALAMEDA,OAKLAND,,
9470730,2023,2023-10-20,0109,2023-08-16,1746,8959,1,3,5,7,0109,0,0,0,,0,19X,"23RD AV","E 12TH ST",0.00,,Y,A,-,N,,,,,,,,,,Y,4,0,3,2,A,-,09,21801,A,N,A,C,A,A,H,-,A,A,0,,,,,Y,,A,07,0,0,3,0,0,0,0,0,0,"- ","- ",,,ALAMEDA,OAKLAND,,
9470733,2023,2023-10-19,0103,2023-08-10,1554,S29,,4,5,6,0103,0,0,0,,0,005,PARKER,MATHEWS,0.00,,Y,-,-,N,,,,,,,,,,N,3,0,1,1,A,-,08,22107,,N,E,I,A,A,H,-,A,D,0,,,,,Y,Y,M,91,0,1,0,0,0,0,0,0,0,"- ","- ",,,ALAMEDA,BERKELEY,,
9471163,2023,2023-10-20,0109,2023-04-02,2055,10074,1,7,5,7,0109,0,0,0,,0,14X,"GRAND AV","PARK VIEW TER",5.00,E,N,A,-,N,,,,,,,,,,Y,4,0,2,2,A,-,01,23152,A,N,B,C,A,A,H,-,C,A,0,,,,,Y,Y,A,01,0,0,2,0,0,0,0,0,0,"- ","- ",,,ALAMEDA,OAKLAND,-122.25938415527344,37.809803009033203
9471173,2023,2023-10-25,0109,2023-07-14,1721,10076,2,5,5,7,0109,0,0,0,,0,30X,"73RD AV","MACARTHUR BL",30.00,S,N,A,-,N,,,,,,,,,,N,4,0,1,2,A,-,08,22107,,M,D,C,A,A,H,-,A,A,0,,,Y,,Y,,A,01,0,0,1,0,0,0,0,0,1,"- ","- ",,,ALAMEDA,OAKLAND,-122.17212677001953,37.769107818603516
9471196,2023,2023-10-20,0109,2023-08-14,1527,9889,2,1,5,7,0109,0,0,0,,0,30Y,"FONTAINE ST","KELLER AV",0.00,,Y,A,-,N,,,,,,,,,,N,4,0,1,2,A,-,05,21651,B,M,D,C,A,A,H,-,A,D,0,,,,,Y,,A,01,0,0,1,0,0,0,0,0,0,"- ","- ",,,ALAMEDA,OAKLAND,,
9472106,2022,2022-07-15,0109,2022-06-12,1745,8198,1,7,5,7,0109,0,0,0,,0,10Y,"ADELINE ST","61ST ST",0.00,,Y,B,-,N,,,,,,,,,,N,4,0,1,2,A,-,09,21802,A,M,D,G,A,A,H,-,A,A,0,,Y,,,Y,,A,01,0,0,1,0,0,0,1,0,0,"- ","- ",,,ALAMEDA,OAKLAND,-122.27265930175781,37.845783233642578
9472196,2022,2022-07-20,0102,2022-06-07,1155,SW0618,5,2,5,3,0102,0,0,0,,0,002,"MARIN AV","CORNELL AV",86.00,W,N,A,-,N,,,,,,,,,,N,3,0,1,2,A,-,03,22350,,N,C,C,A,A,H,-,A,D,0,,,,,Y,,A,01,0,1,0,0,0,0,0,0,0,"- ","- ",37.887058258056641,-122.29604339599609,ALAMEDA,ALBANY,-122.29547882080078,37.887176513671875
9472260,2022,2022-07-20,0109,2022-03-24,1117,9381,2,4,5,7,0109,0,0,0,,0,27X,"FOOTHILL BL","48TH AV",20.00,E,N,A,-,N,,,,,,,,,,N,4,0,1,2,A,-,03,22350,,N,C,C,A,A,H,-,A,A,0,,,,,Y,,A,01,0,0,1,0,0,0,0,0,0,"- ","- ",,,ALAMEDA,OAKLAND,-122.20758819580078,37.772705078125
9472261,2022,2022-10-27,0109,2022-03-09,1608,9679,2,3,5,7,0109,0,0,0,,0,,"73RD AV","INTERNATIONAL BL",100.00,N,N,A,-,N,,,,,,,,,,N,4,0,1,2,A,-,03,22350,,N,C,C,A,A,H,-,A,A,0,,,,,Y,,A,07,0,0,1,0,0,0,0,0,0,"- ","- ",,,ALAMEDA,OAKLAND,-122.18687438964844,37.759429931640625
9472262,2022,2022-07-20,0109,2022-03-07,2012,8522,1,1,5,7,0109,0,0,0,,0,02X,"7TH ST","WILLOW ST",0.00,,Y,A,-,N,,,,,,,,,,Y,4,0,1,2,A,-,09,21801,A,N,D,C,A,A,H,-,C,D,0,,,,,Y,Y,A,01,0,0,1,0,0,0,0,0,0,"- ","- ",,,ALAMEDA,OAKLAND,-122.30088043212891,37.806560516357422
9472562,2022,2022-07-22,0109,2022-02-21,1557,9874,2,1,5,7,0109,0,0,0,,0,24X,"35TH AV","DAVIS ST",0.00,,Y,A,-,N,,,,,,,,,,N,4,0,1,2,A,-,05,21460,A,M,D,C,A,A,H,-,A,A,0,,,,,Y,,A,01,0,0,1,0,0,0,0,0,0,"- ","- ",,,ALAMEDA,OAKLAND,-122.21401214599609,37.785869598388672
9472563,2022,2022-07-22,0109,2022-02-21,2227,9917,2,1,5,7,0109,0,0,0,,0,20X,"INTERNATIONAL BL","FRUITVALE AV",0.00,,Y,C,-,N,,,,,,,,,,N,4,0,1,1,A,-,08,22107,,F,A,I,A,B,H,-,C,A,0,,,,,Y,,A,01,0,0,1,0,0,0,0,0,0,"- ","- ",,,ALAMEDA,OAKLAND,-122.225830078125,37.777606964111328
9472564,2022,2022-07-21,0109,2022-02-24,1700,9053,1,4,5,7,0109,0,0,0,,0,12Y,"51ST ST","TELERGRAPH AV",0.00,,Y,A,-,N,,,,,,,,,,N,4,0,1,2,A,-,10,21950,A,N,G,B,B,A,H,-,A,A,0,Y,,,,Y,,A,01,0,0,1,0,1,0,0,0,0,"- ","- ",,,ALAMEDA,OAKLAND,-122.26235198974609,37.837207794189453
9472565,2022,2022-07-21,0109,2022-02-22,0935,8681,2,2,5,7,0109,0,0,0,,0,31X,"66TH AV","COLISEUM WY",55.00,N,N,A,-,N,,,,,,,,,,N,4,0,1,2,A,-,03,22350,,M,C,C,A,A,H,-,A,A,0,,,,,Y,,A,01,0,0,1,0,0,0,0,0,0,"- ","- ",,,ALAMEDA,OAKLAND,-122.20513916015625,37.755058288574219
9472567,2022,2022-07-21,0109,2022-02-28,0916,9597,2,1,5,7,0109,0,0,0,,0,23X,"35TH AV","INTERNATIONAL BL",70.00,N,N,A,-,N,,,,,,,,,,N,3,0,1,2,A,-,11,21954,A,N,G,B,D,A,H,-,A,D,0,Y,,,,Y,,N,60,0,1,0,0,1,0,0,0,0,"- ","- ",,,ALAMEDA,OAKLAND,-122.22264099121094,37.776317596435547
9472568,2022,2022-07-21,0109,2022-02-17,0935,9968,1,4,5,7,0109,0,0,0,,0,05X,"W GRAND AV","MARKET ST",265.00,E,N,A,-,N,,,,,,,,,,N,3,0,1,2,A,-,08,22107,,N,B,E,A,A,H,-,A,D,0,,,,,Y,,A,01,0,1,0,0,0,0,0,0,0,"- ","- ",,,ALAMEDA,OAKLAND,-122.27784729003906,37.814132690429688
9472569,2022,2022-07-21,0109,2022-02-16,0806,9968,1,3,5,7,0109,0,0,0,,0,19X,"6TH AV","INTERNATIONAL BL",0.00,,Y,A,-,N,,,,,,,,,,N,4,0,1,2,A,-,12,22450,A,N,D,C,A,A,H,-,A,D,0,,Y,,,Y,,A,01,0,0,1,0,0,0,1,0,0,"- ","- ",,,ALAMEDA,OAKLAND,-122.25301361083984,37.795024871826172
9472572,2022,2022-07-22,0109,2022-02-04,1804,9948,2,5,5,7,0109,0,0,0,,0,24Y,"35TH AV","PENNIMAN AV",100.00,S,N,B,-,N,,,,,,,,,,Y,4,0,1,3,A,-,09,21804,A,N,D,C,A,A,H,-,B,A,0,,,,,Y,,A,01,0,0,1,0,0,0,0,0,0,"- ","- ",,,ALAMEDA,OAKLAND,-122.20777130126953,37.789501190185547
9472626,2022,2022-11-28,0106,2022-06-18,1947,301,,6,5,6,0106,0,0,0,,0,00F,"CARROLL AV","LAFAYETTE AV",20.00,S,N,B,-,N,,,,,,,,,,N,4,0,1,2,-,-,"- ",,,N,H,E,A,A,G,-,A,D,0,,,,,Y,,-,"- ",0,0,1,0,0,0,0,0,0,"- ","- ",37.6102294921875,-122.03492736816406,ALAMEDA,HAYWARD,-122.03570556640625,37.610908508300781
9472628,2022,2022-08-22,0106,2022-06-07,0856,394,,2,5,6,0106,0,0,0,,0,00C,"N SOTO RD","TRAYNOR ST",220.00,S,N,A,-,N,,,,,,,,,,N,4,0,1,2,A,-,03,22350,,M,G,G,A,A,H,-,A,D,0,,Y,,,Y,,A,01,0,0,1,0,0,0,1,0,0,"- ","- ",,,ALAMEDA,HAYWARD,-122.08488464355469,37.657550811767578
9472834,2022,2022-08-03,0106,2022-06-11,0143,434,,6,5,6,0106,0,0,0,,0,00H,"WEST TENNYSON RD","S MISSION BL S",0.00,,Y,A,-,N,,,,,,,,,,Y,2,0,1,2,A,-,01,23153,A,F,A,C,A,A,H,-,C,A,0,,,,,Y,Y,A,01,1,0,0,0,0,0,0,0,0,"- ","- ",37.636341094970703,-122.05438995361328,ALAMEDA,HAYWARD,-122.05423736572266,37.636379241943359
9472838,2022,2022-08-02,0106,2022-06-21,2119,348,,2,5,6,0106,0,0,0,,0,00G,"WEST TENNYSON RD","RUUS RD",25.00,N,N,A,-,N,,,,,,,,,,Y,2,0,6,4,A,-,12,21453,A,N,D,C,A,A,H,-,C,A,0,,,,,Y,,D,22,2,3,1,0,0,0,0,0,0,"- ","- ",37.631729125976562,-122.06903839111328,ALAMEDA,HAYWARD,-122.06896209716797,37.631828308105469
9472912,2022,2022-08-02,0106,2022-06-24,1514,373,,5,5,6,0106,0,0,0,,0,00B,"FOOTHILL BL","COTTER LN",0.00,,Y,A,-,N,,,,,,,,,,Y,4,0,1,6,A,-,09,21802,A,N,D,C,A,A,H,-,A,A,0,,,,,Y,,A,01,0,0,1,0,0,0,0,0,0,"- ","- ",37.682029724121094,-122.08847045898438,ALAMEDA,HAYWARD,-122.089111328125,37.6829833984375
9472913,2022,2022-08-02,0106,2022-06-17,1959,308,,5,5,6,0106,0,0,0,,0,00C,"PARK ST","JACKSON ST",0.00,,Y,A,-,N,,,,,,,,,,Y,2,0,3,2,A,-,09,21802,A,N,D,C,A,A,H,-,A,A,0,,,,,Y,,A,01,1,1,1,0,0,0,0,0,0,"- ","- ",37.660579681396484,-122.08529663085938,ALAMEDA,HAYWARD,-122.08527374267578,37.660518646240234
9472914,2022,2022-08-02,0106,2022-06-20,1128,405,,1,5,6,0106,0,0,0,,0,00E,"HESPERIAN BL","OLIVER DR",39.00,N,N,A,-,N,,,,,,,,,,N,4,0,1,2,A,-,09,21802,A,N,D,C,A,A,H,-,A,D,0,,,,,Y,,A,01,0,0,1,0,0,0,0,0,0,"- ","- ",,,ALAMEDA,HAYWARD,-122.09439086914062,37.626976013183594
9472916,2022,2022-08-02,0106,2022-06-08,1611,394,,3,5,6,0106,0,0,0,,0,00C,"N CYPRESS AV","JACKSON ST",166.00,S,N,A,-,N,,,,,,,,,,N,4,0,1,2,A,-,09,21804,A,F,D,C,A,A,H,-,A,D,0,,,,,Y,,A,01,0,0,1,0,0,0,0,0,0,"- ","- ",,,ALAMEDA,HAYWARD,-122.08900451660156,37.652622222900391
9472918,2022,2022-08-02,0106,2022-06-23,0252,348,,4,5,6,0106,0,0,0,,0,00C,"A ST","FILBERT ST",50.00,W,N,A,-,N,,,,,,,,,,Y,3,0,1,1,A,-,01,23152,B,N,E,I,A,A,H,-,C,A,0,,,,,Y,Y,A,01,0,1,0,0,0,0,0,0,0,"- ","- ",37.668441772460938,-122.09593963623047,ALAMEDA,HAYWARD,-122.09614562988281,37.668426513671875
9472957,2022,2022-08-25,0106,2022-05-29,1947,229,,7,5,6,0106,0,0,0,,0,00C,"JACKSON ST","SOTO RD",0.00,,Y,A,-,N,,,,,,,,,,Y,4,0,2,2,A,-,12,21453,A,F,C,C,A,A,H,-,A,A,0,,,,,Y,,A,01,0,0,2,0,0,0,0,0,0,"- ","- ",,,ALAMEDA,HAYWARD,-122.08656311035156,37.65814208984375
9472958,2022,2022-08-02,0106,2022-05-24,2258,485,,2,5,6,0106,0,0,0,,0,00C,"JACKSON ST","ALICE ST",36.00,S,N,A,-,N,,,,,,,,,,Y,3,0,2,2,A,-,09,21802,A,F,D,C,A,A,H,-,C,D,0,,,,,Y,,-,99,0,1,1,0,0,0,0,0,0,"- ","- ",37.660579681396484,-122.08529663085938,ALAMEDA,HAYWARD,-122.08526611328125,37.660556793212891
9473869,2022,2022-08-22,0109,2022-07-06,1730,9515,2,3,5,7,0109,0,0,0,,0,31Z,"PIPPAN ST","APPLE ST",0.00,,Y,A,-,N,,,,,,,,,,N,4,0,2,2,A,-,03,22350,,M,D,C,A,A,H,-,A,D,0,,,,,Y,,A,01,0,0,2,0,0,0,0,0,0,"- ","- ",,,ALAMEDA,OAKLAND,-122.17678833007812,37.735729217529297
9473870,2022,2022-08-22,0109,2022-07-05,1602,9893,2,2,5,7,0109,0,0,0,,0,30X,"73RD AV","ARTHUR ST",145.00,S,N,A,-,N,,,,,,,,,,N,2,0,1,2,A,-,03,22350,,F,A,G,A,A,H,-,A,A,0,,Y,,,Y,,A,01,1,0,0,0,0,0,1,0,0,"- ","- ",,,ALAMEDA,OAKLAND,-122.18077850341797,37.763446807861328
9473871,2022,2022-08-22,0109,2022-07-06,1650,9924,1,3,5,7,0109,0,0,0,,0,02X,"14TH ST","MARKET ST",150.00,E,N,A,-,N,,,,,,,,,,N,4,0,1,3,A,-,08,22107,,N,C,E,A,A,H,-,A,D,0,,,,,Y,,A,07,0,0,1,0,0,0,0,0,0,"- ","- ",,,ALAMEDA,OAKLAND,-122.28054046630859,37.807941436767578
9473877,2022,2022-08-22,0109,2022-07-20,0554,9347,2,3,5,7,0109,0,0,0,,0,26X,"79TH AV","RUDSDALE ST",0.00,,-,A,-,N,,,,,,,,,,N,2,0,1,2,A,-,03,22350,,F,G,B,B,A,H,-,A,D,0,Y,,,,Y,,-,99,1,0,0,0,1,0,0,0,0,"- ","- ",,,ALAMEDA,OAKLAND,-122.18647766113281,37.754730224609375
9473878,2022,2022-08-22,0109,2022-07-16,1344,9689,1,6,5,7,0109,0,0,0,,0,13X,BROADWAY,"TAFT AV",0.00,,Y,A,-,N,,,,,,,,,,N,4,0,1,2,A,-,03,22350,,N,C,C,A,A,H,-,A,A,0,,,,,Y,,A,01,0,0,1,0,0,0,0,0,0,"- ","- ",,,ALAMEDA,OAKLAND,-122.24667358398438,37.843597412109375
9473973,2022,2022-08-24,0109,2022-06-26,1118,9953,1,7,5,7,0109,0,0,0,,0,19X,"INTERNATIONAL BL","4TH AV",125.00,W,N,A,-,N,,,,,,,,,,N,2,0,2,2,A,-,03,22350,,N,D,C,A,A,-,-,A,A,0,,,Y,,Y,,C,02,1,0,1,0,0,0,0,0,1,"- ","- ",,,ALAMEDA,OAKLAND,-122.25495147705078,37.796737670898438
9473974,2022,2022-08-24,0109,2022-06-28,1531,9960,1,2,5,7,0109,0,0,0,,0,05Y,"18TH ST","MANDELA PKWY",0.00,,Y,A,-,N,,,,,,,,,,N,4,0,2,2,A,-,03,22350,,M,D,C,A,A,H,-,A,A,0,,,,,Y,,A,07,0,0,2,0,0,0,0,0,0,"- ","- ",,,ALAMEDA,OAKLAND,-122.29060363769531,37.813789367675781
9473978,2022,2022-08-24,0109,2022-06-10,1044,9610,1,5,5,7,0109,0,0,0,,0,07X,"MARKET ST","GRAND AV",50.00,N,N,A,-,N,,,,,,,,,,Y,4,0,1,4,A,-,08,22107,,N,C,E,A,A,H,-,A,A,0,,,,,Y,,A,01,0,0,1,0,0,0,0,0,0,"- ","- ",,,ALAMEDA,OAKLAND,-122.27862548828125,37.814582824707031
9473981,2022,2022-08-25,0109,2022-06-18,2313,9828,2,6,5,7,0109,0,0,0,,0,35Y,"MACARTHUR BL","88TH AV",350.00,W,N,A,-,N,,,,,,,,,,Y,4,0,1,3,A,-,08,22107,,N,B,E,A,A,H,-,C,D,0,,,,,Y,,A,01,0,0,1,0,0,0,0,0,0,"- ","- ",,,ALAMEDA,OAKLAND,-122.16229248046875,37.758163452148438
9473984,2022,2022-09-06,0109,2022-06-24,2320,10003,2,5,5,7,0109,0,0,0,,0,21Y,"FRUITVALE AV","HAROLD ST",0.00,,Y,A,-,N,,,,,,,,,,Y,2,0,1,2,A,-,12,21453,A,N,B,C,A,A,H,-,B,A,0,,,Y,,Y,,-,"- ",1,0,0,0,0,0,0,0,1,"- ","- ",,,ALAMEDA,OAKLAND,-122.21713256835938,37.797931671142578
9473985,2022,2022-09-19,0109,2022-06-24,1744,9294,1,5,5,7,0109,0,0,0,,0,10X,"55TH ST","ADELINE ST",0.00,,-,A,-,N,,,,,,,,,,N,2,0,1,2,A,-,09,21801,A,N,D,G,A,A,-,-,A,A,0,,Y,,,Y,,A,01,1,0,0,0,0,0,1,0,0,"- ","- ",,,ALAMEDA,OAKLAND,-122.27526092529297,37.839096069335938
9473987,2022,2022-08-25,0109,2022-06-10,2226,9915,2,5,5,7,0109,0,0,0,,0,27X,"INTERNATIONAL BL","77TH AV",20.00,W,N,A,-,N,,,,,,,,,,N,3,0,1,2,A,-,08,22107,,M,G,B,A,A,H,-,C,A,0,,Y,,,Y,,-,99,0,1,0,0,0,0,1,0,0,"- ","- ",,,ALAMEDA,OAKLAND,-122.18445587158203,37.757938385009766
9473989,2022,2022-08-25,0109,2022-06-20,0114,9915,2,1,5,7,0109,0,0,0,,0,29X,"SEMINARY AV","OUTLOOK AV",200.00,N,N,A,-,N,,,,,,,,,,Y,4,0,1,1,A,-,08,22107,,N,E,I,A,A,-,-,C,D,0,,,Y,,Y,,C,02,0,0,1,0,0,0,0,0,1,"- ","- ",,,ALAMEDA,OAKLAND,-122.18000793457031,37.779911041259766
9474037,2022,2022-08-25,0109,2022-07-18,1618,9814,2,1,5,7,0109,0,0,0,,0,29X,"SEMINARY AV","OUTLOOK AV",5.00,N,N,A,-,N,,,,,,,,,,N,4,0,2,2,A,-,03,22350,,M,C,C,A,A,H,-,A,A,0,,,,,Y,,A,07,0,0,2,0,0,0,0,0,0,"- ","- ",,,ALAMEDA,OAKLAND,-122.18060302734375,37.779666900634766
9474038,2022,2022-08-25,0109,2022-07-18,1532,9994,1,1,5,7,0109,0,0,0,,0,14X,"27TH ST","HARRISON ST",0.00,,Y,A,-,N,,,,,,,,,,N,3,0,1,2,A,-,10,21950,A,N,G,B,B,A,H,-,A,A,0,Y,,,,Y,,A,01,0,1,0,0,1,0,0,0,0,"- ","- ",,,ALAMEDA,OAKLAND,-122.26149749755859,37.81280517578125
9474039,2022,2022-08-25,0109,2022-07-02,0815,9968,2,6,5,7,0109,0,0,0,,0,31X,"DOOLITTLE DR","SWAN WY",1056.00,S,N,B,-,N,,,,,,,,,,N,4,0,1,1,A,-,08,22107,,N,E,I,A,B,H,-,A,D,0,,,,,Y,,A,01,0,0,1,0,0,0,0,0,0,"- ","- ",,,ALAMEDA,OAKLAND,-122.20462036132812,37.72796630859375
9474047,2022,2022-08-25,0105,2022-07-16,0412,16190,777,6,5,6,0105,0,0,0,,0,001,"STEVENSON BL","PASEO PADRE PKWY",3.00,E,N,A,-,N,,,,,,,,,,N,4,0,1,1,A,-,08,22107,,N,E,I,A,A,H,-,C,A,0,,,,,Y,,A,07,0,0,1,0,0,0,0,0,0,"- ","- ",,,ALAMEDA,FREMONT,-121.97230529785156,37.549110412597656
9474285,2022,2022-07-01,0109,2022-03-30,2048,9582,2,3,5,7,0109,0,0,0,,0,26X,"INTERNATIONAL BL","64TH AV",0.00,,Y,A,-,N,,,,,,,,,,Y,4,0,1,2,A,-,09,21802,A,M,D,C,A,A,H,-,C,D,0,,,,,Y,,A,01,0,0,1,0,0,0,0,0,0,"- ","- ",,,ALAMEDA,OAKLAND,-122.19575500488281,37.763332366943359
9474287,2022,2022-07-01,0109,2022-03-22,1828,9807,1,2,5,7,0109,0,0,0,,0,03X,"14TH ST","WEBSTER ST",20.00,S,N,A,-,N,,,,,,,,,,N,4,0,1,2,A,-,12,21453,A,N,D,C,A,A,H,-,A,A,0,,,,,Y,,A,01,0,0,1,0,0,0,0,0,0,"- ","- ",,,ALAMEDA,OAKLAND,-122.26873779296875,37.8033447265625
9474289,2022,2022-07-01,0109,2022-03-28,0045,8226,1,1,5,7,0109,0,0,0,,0,13X,"OCEAN VIEW DR","MARGARIDO DR",0.00,,Y,B,-,N,,,,,,,,,,Y,3,0,2,2,A,-,01,23152,A,M,C,C,A,B,H,-,C,D,0,,,,,Y,Y,A,01,0,1,1,0,0,0,0,0,0,"- ","- ",,,ALAMEDA,OAKLAND,-122.2421875,37.847312927246094
9474441,2022,2022-07-06,0106,2022-05-12,0940,323,,4,5,6,0106,0,0,0,,0,00B,"MISSION BL","A ST",0.00,,Y,A,-,N,,,,,,,,,,N,4,0,1,2,A,-,12,21453,A,F,G,B,B,A,H,-,A,A,0,Y,,,,Y,,A,01,0,0,1,0,1,0,0,0,0,"- ","- ",,,ALAMEDA,HAYWARD,-122.08502960205078,37.673126220703125