CASE_ID,ACCIDENT_YEAR,PROC_DATE,JURIS,COLLISION_DATE,COLLISION_TIME,OFFICER_ID,REPORTING_DISTRICT,DAY_OF_WEEK,CHP_SHIFT,POPULATION,CNTY_CITY_LOC,SPECIAL_COND,BEAT_TYPE,CHP_BEAT_TYPE,CITY_DIVISION_LAPD,CHP_BEAT_CLASS,BEAT_NUMBER,PRIMARY_RD,SECONDARY_RD,DISTANCE,DIRECTION,INTERSECTION,WEATHER_1,WEATHER_2,STATE_HWY_IND,CALTRANS_COUNTY,CALTRANS_DISTRICT,STATE_ROUTE,ROUTE_SUFFIX,POSTMILE_PREFIX,POSTMILE,LOCATION_TYPE,RAMP_INTERSECTION,SIDE_OF_HWY,TOW_AWAY,COLLISION_SEVERITY,NUMBER_KILLED,NUMBER_INJURED,PARTY_COUNT,PRIMARY_COLL_FACTOR,PCF_CODE_OF_VIOL,PCF_VIOL_CATEGORY,PCF_VIOLATION,PCF_VIOL_SUBSECTION,HIT_AND_RUN,TYPE_OF_COLLISION,MVIW,PED_ACTION,ROAD_SURFACE,ROAD_COND_1,ROAD_COND_2,LIGHTING,CONTROL_DEVICE,CHP_ROAD_TYPE,PEDESTRIAN_ACCIDENT,BICYCLE_ACCIDENT,MOTORCYCLE_ACCIDENT,TRUCK_ACCIDENT,NOT_PRIVATE_PROPERTY,ALCOHOL_INVOLVED,STWD_VEHTYPE_AT_FAULT,CHP_VEHTYPE_AT_FAULT,COUNT_SEVERE_INJ,COUNT_VISIBLE_INJ,COUNT_COMPLAINT_PAIN,COUNT_PED_KILLED,COUNT_PED_INJURED,COUNT_BICYCLIST_KILLED,COUNT_BICYCLIST_INJURED,COUNT_MC_KILLED,COUNT_MC_INJURED,PRIMARY_RAMP,SECONDARY_RAMP,LATITUDE,LONGITUDE,COUNTY,CITY,POINT_X,POINT_Y
9482522,2022,2022-07-28,0109,2022-06-04,2108,9838,2,6,5,7,0109,0,0,0,,0,24Y,"HIGH ST","CULVER ST",10.00,S,N,A,-,N,,,,,,,,,,N,4,0,1,3,A,-,08,22107,,N,B,C,A,A,H,-,A,A,0,,,,,Y,,A,01,0,0,1,0,0,0,0,0,0,"- ","- ",,,ALAMEDA,OAKLAND,-122.19934844970703,37.785003662109375
9482525,2022,2022-07-28,0109,2022-06-22,1730,9259,2,3,5,7,0109,0,0,0,,0,30Y,"75TH AV","GARFIELD AV",0.00,,Y,A,-,N,,,,,,,,,,N,3,0,2,2,A,-,09,21802,A,M,D,C,A,A,H,-,A,A,0,,,,,Y,,A,01,0,1,1,0,0,0,0,0,0,"- ","- ",,,ALAMEDA,OAKLAND,-122.17446136474609,37.765727996826172
9482528,2022,2022-07-28,0109,2022-06-06,1146,9657,1,1,5,7,0109,0,0,0,,0,06X,"MARTIN LUTHER KING JR WY","30TH ST",0.00,,Y,A,-,N,,,,,,,,,,N,4,0,2,3,A,-,03,22350,,M,B,C,A,A,H,-,A,A,0,,,,,Y,,-,99,0,0,2,0,0,0,0,0,0,"- ","- ",,,ALAMEDA,OAKLAND,-122.27095794677734,37.819648742675781
9482529,2022,2022-07-28,0109,2022-06-03,2340,9851,2,5,5,7,0109,0,0,0,,0,28X,"MACARTHER BL","MILLSVIEW AV",10.00,N,N,A,-,N,,,,,,,,,,N,4,0,1,3,A,-,08,22107,,M,A,C,A,A,H,-,C,D,0,,,,,Y,,A,01,0,0,1,0,0,0,0,0,0,"- ","- ",,,ALAMEDA,OAKLAND,-122.18708038330078,37.778957366943359
9482531,2022,2022-07-28,0109,2022-06-11,1854,9807,1,6,5,7,0109,0,0,0,,0,02Y,"MANDELA PKWY","12TH ST",20.00,E,N,A,-,N,,,,,,,,,,N,4,0,1,2,A,-,08,22100,B,F,A,C,A,A,H,-,A,A,0,,,,,Y,,A,01,0,0,1,0,0,0,0,0,0,"- ","- ",,,ALAMEDA,OAKLAND,-122.29225921630859,37.809192657470703
9482708,2022,2022-08-25,0109,2022-05-27,0020,9516,1,5,5,7,0109,0,0,0,,0,02X,"6TH ST","MARKET ST",0.00,,Y,A,-,N,,,,,,,,,,N,4,0,2,2,A,-,12,21453,A,N,D,C,A,A,-,-,C,A,0,,,,,Y,,-,"- ",0,0,2,0,0,0,0,0,0,"- ","- ",,,ALAMEDA,OAKLAND,-122.28311157226562,37.802032470703125
9483343,2022,2022-08-11,0108,2022-07-23,1715,11366,41,6,5,4,0108,0,0,0,,0,002,"CEDAR BL","N MAGAZINE RD",0.00,,Y,A,-,N,,,,,,,,,,N,3,0,1,3,A,-,12,21453,A,N,D,C,A,A,H,-,A,A,0,,,,,Y,,A,07,0,1,0,0,0,0,0,0,0,"- ","- ",37.523109436035156,-122.00508880615234,ALAMEDA,NEWARK,-122.005196,37.523552000000002
9483959,2022,2022-08-01,0109,2022-06-24,1600,9196,2,5,5,7,0109,0,0,0,,0,30X,"73RD AV","INTERNATIONAL BL",0.00,,Y,A,-,N,,,,,,,,,,N,3,0,1,2,A,-,12,22450,A,M,D,G,A,A,H,-,A,A,0,,Y,,,Y,,A,01,0,1,0,0,0,0,1,0,0,"- ","- ",,,ALAMEDA,OAKLAND,-122.18708038330078,37.759212493896484
9483962,2022,2022-08-01,0109,2022-06-23,0050,9765,1,4,5,7,0109,0,0,0,,0,19X,"E 15TH ST","20TH AV",0.00,,Y,A,-,N,,,,,,,,,,Y,4,0,1,2,A,-,12,22450,A,M,A,C,A,A,H,-,C,A,0,,,,,Y,,-,99,0,0,1,0,0,0,0,0,0,"- ","- ",,,ALAMEDA,OAKLAND,-122.23918151855469,37.786670684814453
9483964,2022,2022-08-08,0109,2022-06-23,1439,9400,2,4,5,7,0109,0,0,0,,0,31X,"HEGENBERGER RD","S COLISEUM WY",0.00,,Y,A,-,N,,,,,,,,,,N,4,0,1,2,A,-,12,21453,A,N,D,C,A,A,H,-,A,A,0,,,,,Y,,-,"- ",0,0,1,0,0,0,0,0,0,"- ","- ",,,ALAMEDA,OAKLAND,-122.19618988037109,37.744758605957031
9483966,2022,2022-08-23,0109,2022-06-13,1522,9878,1,1,5,7,0109,0,0,0,,0,08X,"29TH ST","TELEGRAPH AV",200.00,W,N,A,-,N,,,,,,,,,,N,3,0,1,2,A,-,08,22107,,N,A,B,A,A,H,-,A,D,0,,Y,,,Y,Y,A,01,0,1,0,0,0,0,1,0,0,"- ","- ",,,ALAMEDA,OAKLAND,-122.26805877685547,37.818382263183594
9484245,2022,2022-07-26,0102,2022-04-26,1930,MS243097,2,2,5,3,0102,0,0,0,,0,001,"SAN PABLO AV",BRIGHTON,0.00,,Y,A,-,N,,,,,,,,,,N,2,0,3,2,A,-,09,21801,,N,A,C,A,A,H,-,A,A,0,,,,,Y,,A,01,1,2,0,0,0,0,0,0,0,"- ","- ",37.896591186523438,-122.30081176757812,ALAMEDA,ALBANY,-122.30100250244141,37.896732330322266
9484248,2022,2022-07-26,0102,2022-04-04,1702,LL0615,5,1,5,3,0102,0,0,0,,0,002,"PIERCE AV",SOLANO,0.00,,Y,A,-,N,,,,,,,,,,N,4,0,1,2,A,-,03,22350,,N,C,C,A,A,H,-,A,D,0,,,,,Y,,A,01,0,0,1,0,0,0,0,0,0,"- ","- ",37.888950347900391,-122.30577850341797,ALAMEDA,ALBANY,-122.30576324462891,37.888954162597656
9484774,2022,2022-08-31,0108,2022-07-30,1920,12574,37,6,5,4,0108,0,0,0,,0,002,"MOWRY AV","CHERRY ST",2830.00,W,N,A,-,N,,,,,,,,,,N,2,0,1,1,A,-,08,22107,,N,E,J,A,A,H,-,A,D,0,,,,,Y,,A,01,1,0,0,0,0,0,0,0,0,"- ","- ",37.520679473876953,-122.00994110107422,ALAMEDA,NEWARK,-122.01318359375,37.513202667236328
9484883,2022,2022-08-25,0111,2022-08-15,1438,201,,1,5,5,0111,0,0,0,,0,005,"1ST ST","E ANGELA ST E",0.00,,Y,A,-,N,,,,,,,,,,Y,3,0,1,2,A,-,03,22350,1,N,C,C,A,A,H,-,A,D,0,,,,,Y,,A,01,0,1,0,0,0,0,0,0,0,"- ","- ",,,ALAMEDA,PLEASANTON,-121.87470245361328,37.658809661865234
9486161,2022,2022-09-15,0109,2022-07-19,1931,9814,2,2,5,7,0109,0,0,0,,0,25Y,"SKYLINE BL","REDWOOD RD",1.00,E,N,A,-,N,,,,,,,,,,Y,3,0,1,1,A,-,08,22107,,N,H,I,A,A,H,-,B,D,0,,,,,Y,,A,01,0,1,0,0,0,0,0,0,0,"- ","- ",,,ALAMEDA,OAKLAND,-122.17088317871094,37.799007415771484
9486162,2022,2022-09-15,0109,2022-07-02,1652,9933,2,6,5,7,0109,0,0,0,,0,26X,"SAN LEANDRO ST","47TH AV",0.00,,Y,B,-,N,,,,,,,,,,N,4,0,1,3,A,-,08,22107,,N,D,C,A,A,H,-,A,D,0,,,,,Y,,A,07,0,0,1,0,0,0,0,0,0,"- ","- ",,,ALAMEDA,OAKLAND,-122.21418762207031,37.768165588378906
9486164,2022,2022-11-01,0101,2022-07-04,2136,8483,2,1,5,5,0101,0,0,0,,0,34X,"90TH AV","BANCROFT AV",0.00,,Y,A,-,N,,,,,,,,,,N,4,0,2,2,A,-,08,22107,,F,B,C,A,A,H,-,A,A,0,,,,,Y,,A,01,0,0,2,0,0,0,0,0,0,"- ","- ",,,ALAMEDA,ALAMEDA,-122.16580963134766,37.753559112548828
9486166,2022,2022-09-15,0109,2022-07-02,0814,9885,2,6,5,7,0109,0,0,0,,0,35X,"MACARTHUR BL","83RD AV",0.00,,Y,B,C,N,,,,,,,,,,N,4,0,1,2,A,-,03,22350,,M,B,C,A,B,H,-,A,D,0,,,,,Y,,A,01,0,0,1,0,0,0,0,0,0,"- ","- ",,,ALAMEDA,OAKLAND,-122.16436004638672,37.762100219726562
9486167,2022,2022-09-15,0109,2022-07-11,2334,9609,2,1,5,7,0109,0,0,0,,0,26X,"COURTLAND AV","FOOTHILL BL",130.00,N,N,A,-,N,,,,,,,,,,Y,2,0,1,2,A,-,08,22107,,M,B,E,A,A,H,-,C,D,0,,,,,Y,,A,01,1,0,0,0,0,0,0,0,0,"- ","- ",,,ALAMEDA,OAKLAND,-122.2125244140625,37.775791168212891
9486168,2022,2022-09-15,0109,2022-07-09,0907,9988,1,6,5,7,0109,0,0,0,,0,17X,"BEAUMONT AV","MACARTHUR BL",0.00,,Y,B,-,N,,,,,,,,,,N,4,0,1,2,A,-,12,21453,A,M,D,C,A,A,H,-,A,A,0,,,,,Y,,A,01,0,0,1,0,0,0,0,0,0,"- ","- ",,,ALAMEDA,OAKLAND,-122.22895050048828,37.800529479980469
9486900,2022,2022-09-29,0111,2022-08-31,0940,292,,3,5,5,0111,0,0,0,,0,004,"VALLEY AV","GREENWOOD RD",0.00,,Y,A,-,N,,,,,,,,,,N,4,0,1,2,A,-,10,21950,A,N,G,B,B,A,H,-,A,A,0,Y,,,,Y,,A,01,0,0,1,0,1,0,0,0,0,"- ","- ",,,ALAMEDA,PLEASANTON,-121.88044738769531,37.676620483398438
9486902,2022,2022-09-22,0111,2022-08-31,1525,201,,3,5,5,0111,0,0,0,,0,003,"WEST LAS POSITAS BL","DORMAN RD",306.00,W,N,A,-,N,,,,,,,,,,Y,3,0,2,3,A,-,03,22350,,N,C,C,A,A,H,-,A,D,0,,,,,Y,,A,08,0,1,1,0,0,0,0,0,0,"- ","- ",,,ALAMEDA,PLEASANTON,-121.90605926513672,37.680702209472656
9486916,2022,2022-09-23,0108,2022-08-27,0717,12554,43,6,5,4,0108,0,0,0,,0,002,"CEDAR BL","MOWRY SCHOOL RD",472.00,N,N,A,-,N,,,,,,,,,,Y,3,0,1,1,A,-,07,21658,,N,B,E,A,A,H,-,A,D,0,,,,,Y,,A,01,0,1,0,0,0,0,0,0,0,"- ","- ",37.519218444824219,-121.99363708496094,ALAMEDA,NEWARK,-121.99497222900391,37.52001953125
9487003,2022,2022-09-20,0108,2022-08-29,2129,11544,3,1,5,4,0108,0,0,0,,0,001,"NEWARK BL","BRITTANY AV",22.00,N,N,A,-,N,,,,,,,,,,Y,3,0,1,1,A,-,08,22107,,M,E,I,A,A,H,-,C,D,0,,,,,Y,,A,01,0,1,0,0,0,0,0,0,0,"- ","- ",37.545818328857422,-122.04087066650391,ALAMEDA,NEWARK,-122.04090118408203,37.545833587646484
9487160,2022,2022-09-27,0103,2022-08-31,2136,109,28,3,5,6,0103,0,0,0,,0,006,"COLLEGE AV","DURANT AV",50.00,S,N,A,-,N,,,,,,,,,,Y,3,0,1,2,A,-,01,23152,A,N,C,E,A,A,H,-,C,D,0,,,,,Y,Y,A,01,0,1,0,0,0,0,0,0,0,"- ","- ",37.868389129638672,-122.25443267822266,ALAMEDA,BERKELEY,-122.25444030761719,37.86822509765625
9487162,2022,2022-09-26,0103,2022-08-28,1909,149,37,7,5,6,0103,0,0,0,,0,007,ASHBY,COLLEGE,0.00,,Y,B,-,N,,,,,,,,,,Y,3,0,2,2,A,-,09,21801,A,N,D,C,A,-,H,-,A,A,0,,,,,Y,,A,01,0,2,0,0,0,0,0,0,0,"- ","- ",37.857040405273438,-122.25303649902344,ALAMEDA,BERKELEY,-122.25305938720703,37.857032775878906
9487165,2022,2022-09-26,0103,2022-08-24,1851,58,,3,5,6,0103,0,0,0,,0,014,HEARST,5TH,0.00,,Y,A,-,N,,,,,,,,,,N,3,0,1,2,A,-,09,21802,A,N,D,C,A,A,H,-,A,A,0,,,,,Y,,A,01,0,1,0,0,0,0,0,0,0,"- ","- ",37.869091033935547,-122.29924011230469,ALAMEDA,BERKELEY,-122.29924774169922,37.869083404541016
9487166,2022,2022-09-26,0103,2022-08-22,1539,9,,1,5,6,0103,0,0,0,,0,003,"MLK JR","UNIVERSITY AV",15.00,S,N,A,-,N,,,,,,,,,,N,3,0,1,2,A,-,08,22107,,F,B,C,A,A,H,-,A,A,0,,,,,Y,,A,01,0,1,0,0,0,0,0,0,0,"- ","- ",,,ALAMEDA,BERKELEY,-122.27299499511719,37.871479034423828
9487168,2022,2022-09-26,0103,2022-08-20,1811,80,,6,5,6,0103,0,0,0,,0,015,CAMELIA,6TH,0.00,,Y,A,-,N,,,,,,,,,,Y,3,0,1,2,A,-,09,21802,A,N,D,C,A,A,H,-,A,A,0,,,,,Y,,A,01,0,1,0,0,0,0,0,0,0,"- ","- ",37.877620697021484,-122.30072784423828,ALAMEDA,BERKELEY,-122.30078887939453,37.877597808837891
9487169,2022,2022-09-28,0103,2022-08-19,1410,80,,5,5,6,0103,0,0,0,,0,015,6TH,CAMELIA,0.00,,Y,A,-,N,,,,,,,,,,Y,4,0,1,3,A,-,09,21802,A,N,D,C,A,A,H,-,A,A,0,,,,,Y,,A,01,0,0,1,0,0,0,0,0,0,"- ","- ",37.877620697021484,-122.30072784423828,ALAMEDA,BERKELEY,-122.30078887939453,37.877597808837891
9487171,2022,2022-09-28,0103,2022-08-18,1744,S4,,4,5,6,0103,0,0,0,,0,014,4TH,UNIVERSITY,0.00,,Y,A,-,N,,,,,,,,,,N,4,0,1,2,A,-,03,22350,,N,C,C,A,A,H,-,A,A,0,,,,,Y,,A,07,0,0,1,0,0,0,0,0,0,"- ","- ",37.867660522460938,-122.29988861083984,ALAMEDA,BERKELEY,-122.29987335205078,37.867660522460938
9487172,2022,2022-09-28,0103,2022-08-17,1631,14,,3,5,6,0103,0,0,0,,0,008,SHATTUCK,"RUSSELL ST",0.00,,Y,A,-,N,,,,,,,,,,N,3,0,2,2,A,-,08,22107,,N,B,C,A,A,H,-,A,D,0,,,,,Y,,A,01,0,2,0,0,0,0,0,0,0,"- ","- ",37.856731414794922,-122.26669311523438,ALAMEDA,BERKELEY,-122.26670074462891,37.856708526611328
9487181,2022,2022-09-27,0103,2022-08-14,1630,58,,7,5,6,0103,0,0,0,,0,014,"W FRONTAGE RD",VIRGINIA,0.00,,Y,A,-,N,,,,,,,,,,N,3,0,1,2,A,-,08,22107,,N,D,G,A,A,H,-,A,A,0,,Y,,,Y,,A,01,0,1,0,0,0,0,1,0,0,"- ","- ",37.866439819335938,-122.30555725097656,ALAMEDA,BERKELEY,-122.30546569824219,37.871044158935547
9487182,2022,2022-09-27,0103,2022-08-13,1916,80,,6,5,6,0103,0,0,0,,0,001,SOLANO,"FRESNO AV",0.00,,Y,A,-,N,,,,,,,,,,N,2,0,1,2,A,-,10,21950,A,N,G,B,B,A,H,-,A,D,0,Y,,,,Y,,A,01,1,0,0,0,1,0,0,0,0,"- ","- ",37.891208648681641,-122.27765655517578,ALAMEDA,BERKELEY,-122.27825164794922,37.891422271728516
9487184,2022,2022-09-27,0103,2022-08-13,1102,2,,6,5,6,0103,0,0,0,,0,003,BERKELEY,"MARTIN LUTHER KING JR WY",70.00,W,N,A,-,N,,,,,,,,,,Y,3,0,1,2,A,-,08,22107,,N,B,C,A,A,H,-,A,D,0,,,,,Y,,A,01,0,1,0,0,0,0,0,0,0,"- ","- ",37.872451782226562,-122.27307891845703,ALAMEDA,BERKELEY,-122.27334594726562,37.872417449951172
9487185,2022,2022-09-27,0103,2022-08-12,1114,26,,5,5,6,0103,0,0,0,,0,016,"CAMELIA DR",KAINS,0.00,,Y,A,-,N,,,,,,,,,,Y,3,0,1,2,A,-,09,21802,A,N,D,C,A,A,H,-,A,A,0,,,,,Y,,A,01,0,1,0,0,0,0,0,0,0,"- ","- ",37.878921508789062,-122.29432678222656,ALAMEDA,BERKELEY,-122.29428100585938,37.878940582275391
9487186,2022,2022-09-27,0103,2022-08-12,0855,S1,3901,5,5,6,0103,0,0,0,,0,008,"ADELINE AV","MLK JR",0.00,,Y,A,-,N,,,,,,,,,,N,3,0,1,2,A,-,08,22107,,N,D,C,A,A,H,-,A,A,0,,,,,Y,,A,07,0,1,0,0,0,0,0,0,0,"- ","- ",,,ALAMEDA,BERKELEY,-122.27176666259766,37.847087860107422
9487187,2022,2022-09-27,0103,2022-08-11,2000,43,,4,5,6,0103,0,0,0,,0,002,"HILLDALE AV",MARIN,0.00,,Y,A,-,N,,,,,,,,,,Y,3,0,2,2,A,-,09,21800,A,N,D,C,A,A,H,-,B,D,0,,,,,Y,,A,01,0,2,0,0,0,0,0,0,0,"- ","- ",37.895858764648438,-122.26348876953125,ALAMEDA,BERKELEY,-122.26348114013672,37.895866394042969
9487188,2022,2022-09-27,0103,2022-08-10,2121,145,26,3,5,6,0103,0,0,0,,0,004,"OXFORD CIR",UNIVERSITY,0.00,,Y,A,-,N,,,,,,,,,,Y,3,0,2,2,A,-,09,21801,A,N,D,C,A,A,H,-,C,A,0,,,,,Y,,A,01,0,2,0,0,0,0,0,0,0,"- ","- ",37.872451782226562,-122.26608276367188,ALAMEDA,BERKELEY,-122.26616668701172,37.872486114501953
9487189,2022,2022-09-27,0103,2022-09-10,1828,145,,6,5,6,0103,0,0,0,,0,004,"KALA BAGAI","UNIVERSITY AV",66.00,S,N,A,-,N,,,,,,,,,,Y,3,0,1,2,A,-,09,21804,A,N,D,D,A,A,D,-,A,A,0,,,,,Y,,A,01,0,1,0,0,0,0,0,0,0,"- ","- ",37.871990203857422,-122.26747894287109,ALAMEDA,BERKELEY,-122.26779937744141,37.872085571289062
9487190,2022,2022-09-27,0103,2022-08-09,2007,145,29,2,5,6,0103,0,0,0,,0,005,"SHATTUCK AV","DURANT AV",0.00,,Y,A,-,N,,,,,,,,,,N,3,0,1,2,A,-,03,22350,,N,C,C,A,B,H,-,C,A,0,,,,,Y,,A,01,0,1,0,0,0,0,0,0,0,"- ","- ",37.866691589355469,-122.26767730712891,ALAMEDA,BERKELEY,-122.26773071289062,37.866691589355469
9487199,2022,2022-10-12,0112,2022-08-26,1901,402,,5,5,5,0112,0,0,0,,0,005,"E 14TH ST","150TH AV",0.00,,Y,A,-,N,,,,,,,,,,Y,4,0,2,3,A,-,08,22107,,N,B,C,A,A,H,-,A,A,0,,,,,Y,,-,,0,0,2,0,0,0,0,0,0,"- ","- ",,,ALAMEDA,"SAN LEANDRO",-122.12928009033203,37.705760955810547
9487200,2022,2022-09-27,0112,2022-08-30,1636,317,,2,5,5,0112,0,0,0,,0,006,"LEWELLING BL","SEDGEMAN ST",0.00,,Y,A,-,N,,,,,,,,,,N,4,0,1,2,A,-,05,21650,1,N,A,G,A,A,H,-,A,A,0,,Y,,,Y,,L,04,0,0,1,0,0,0,1,0,0,"- ","- ",,,ALAMEDA,"SAN LEANDRO",-122.14321899414062,37.684871673583984
9487243,2022,2022-09-27,0103,2022-08-07,1130,104,29,7,5,6,0103,0,0,0,,0,005,MILVIA,DWIGHT,0.00,,Y,A,-,N,,,,,,,,,,N,4,0,1,2,A,-,09,21802,A,N,B,C,A,A,H,-,A,A,0,,,,,Y,,A,07,0,0,1,0,0,0,0,0,0,"- ","- ",37.863651275634766,-122.26979827880859,ALAMEDA,BERKELEY,-122.26985168457031,37.863639831542969
9487245,2022,2022-09-27,0103,2022-08-05,1300,27,,5,5,6,0103,0,0,0,,0,005,MILVIA,CHANNING,0.00,,Y,A,-,N,,,,,,,,,,N,3,0,1,2,A,-,12,22450,A,N,D,G,A,A,H,-,A,A,0,,Y,,,Y,,A,01,0,1,0,0,0,0,1,0,0,"- ","- ",37.865459442138672,-122.27001190185547,ALAMEDA,BERKELEY,-122.27005767822266,37.865447998046875
9487249,2022,2022-09-27,0103,2022-08-02,1210,45,,2,5,6,0103,0,0,0,,0,005,DURANT,FULTON,0.00,,Y,A,-,N,,,,,,,,,,N,3,0,1,2,A,-,05,21202,A,N,D,C,A,A,H,-,A,A,0,,Y,,,Y,,L,04,0,1,0,0,0,0,1,0,0,"- ","- ",37.867259979248047,-122.26615142822266,ALAMEDA,BERKELEY,-122.26577758789062,37.866931915283203
9487331,2022,2022-09-27,0111,2022-09-01,1320,266,,4,5,5,0111,0,0,0,,0,005,"SUNOL BL","RT 680",0.00,,Y,A,-,Y,ALA,4,680,-,R,15.151,R,4,N,Y,3,0,1,2,A,-,09,21802,A,N,D,C,A,A,H,-,A,A,0,,,,,Y,,A,01,0,1,0,0,0,0,0,0,0,"- ",NF,,,ALAMEDA,PLEASANTON,-121.88410949707031,37.638145446777344
9487364,2022,2022-10-24,0112,2022-09-06,2247,368,,2,5,5,0112,0,0,0,,0,003,"MARINA BL","TEAGARDEN ST",0.00,,Y,A,-,N,,,,,,,,,,Y,3,0,2,2,A,-,12,21453,A,N,D,C,A,A,H,-,C,A,0,,,,,Y,Y,-,,0,1,1,0,0,0,0,0,0,"- ","- ",,,ALAMEDA,"SAN LEANDRO",-122.16252899169922,37.712089538574219
9487430,2022,2022-10-18,0103,2022-08-17,0409,61,20,3,5,6,0103,0,0,0,,0,013,ASHBY,"7TH ST",30.00,W,N,A,-,Y,ALA,4,13,-,-,13.460,H,-,N,Y,3,0,1,2,A,-,03,22350,,F,C,C,A,A,H,-,C,A,0,,,,Y,Y,Y,A,01,0,1,0,0,0,0,0,0,0,"- ","- ",37.851009368896484,-122.29109954833984,ALAMEDA,BERKELEY,-122.29142761230469,37.850898742675781
9487431,2022,2022-09-26,0103,2022-08-20,1345,27,,6,5,6,0103,0,0,0,,0,005,ALLSTON,MILVIA,0.00,,Y,A,-,N,,,,,,,,,,N,3,0,1,2,A,-,21,22106,,F,C,E,A,A,H,-,A,D,0,,,,,Y,,D,22,0,1,0,0,0,0,0,0,0,"- ","- ",37.869060516357422,-122.27043151855469,ALAMEDA,BERKELEY,-122.27044677734375,37.869049072265625
9487483,2022,2022-09-26,0103,2022-07-09,2159,112,,6,5,6,0103,0,0,0,,0,004,"MARTIN LUTHER KING JR",ADDISON,0.00,,Y,A,-,N,,,,,,,,,,Y,2,0,2,3,A,-,10,21950,A,N,G,B,B,A,H,-,C,A,0,Y,,,,Y,,A,01,2,0,0,0,2,0,0,0,0,"- ","- ",37.870578765869141,-122.27288818359375,ALAMEDA,BERKELEY,-122.27291107177734,37.870567321777344
9488725,2022,2022-08-26,0103,2022-07-29,1435,109,18,5,5,6,0103,0,0,0,,0,003,CALIFORNIA,CEDAR,0.00,,Y,A,-,N,,,,,,,,,,N,3,0,1,2,A,-,12,22450,A,N,D,G,A,A,H,-,A,A,0,,Y,,,Y,,A,01,0,1,0,0,0,0,1,0,0,"- ","- ",37.876949310302734,-122.28047180175781,ALAMEDA,BERKELEY,-122.28046417236328,37.876949310302734
9488727,2022,2022-08-25,0103,2022-07-27,1026,101,,3,5,6,0103,0,0,0,,0,016,CEDAR,CHESTNUT,0.00,,Y,A,-,N,,,,,,,,,,Y,3,0,1,2,A,-,12,22450,A,N,D,C,A,A,H,-,A,A,0,,,,,Y,,A,01,0,1,0,0,0,0,0,0,0,"- ","- ",,,ALAMEDA,BERKELEY,-122.28874969482422,37.875907897949219
9488728,2022,2022-08-25,0103,2022-07-28,1753,25,,4,5,6,0103,0,0,0,,0,006,DANA,HASTE,0.00,,Y,A,-,N,,,,,,,,,,Y,4,0,2,2,A,-,12,21453,A,N,D,C,A,A,H,-,A,A,0,,,,,Y,,A,01,0,0,2,0,0,0,0,0,0,"- ","- ",37.865718841552734,-122.26090240478516,ALAMEDA,BERKELEY,-122.26087951660156,37.865779876708984
9488734,2022,2022-09-19,0103,2022-07-11,1247,112,,1,5,6,0103,0,0,0,,0,003,JOSEPHINE,VIRGINIA,0.00,,Y,A,-,N,,,,,,,,,,N,3,0,1,1,D,-,00,,,N,H,G,A,A,H,-,A,D,0,,Y,,,Y,,-,"- ",0,1,0,0,0,0,1,0,0,"- ","- ",37.875869750976562,-122.27462768554688,ALAMEDA,BERKELEY,-122.27463531494141,37.875869750976562
9488735,2022,2022-08-25,0103,2022-07-06,1600,27,,3,5,6,0103,0,0,0,,0,016,"SANTA FE","OHLONE GREENWAY",0.00,,N,A,-,N,,,,,,,,,,N,3,0,1,2,A,-,10,21950,A,N,G,B,C,A,H,-,A,A,0,Y,,,,Y,,A,01,0,1,0,0,1,0,0,0,0,"- ","- ",37.8814697265625,-122.29009246826172,ALAMEDA,BERKELEY,-122.290485,37.882537999999997
9488736,2022,2022-09-12,0103,2022-07-08,0224,56,24,5,5,6,0103,0,0,0,,0,003,OXFORD,HEARST,0.00,,Y,A,-,N,,,,,,,,,,N,2,0,1,1,A,-,03,22350,,N,H,J,A,A,H,-,C,D,0,,,,,Y,Y,-,,1,0,0,0,0,0,0,0,0,"- ","- ",37.874149322509766,-122.26628875732422,ALAMEDA,BERKELEY,-122.26634979248047,37.874160766601562
9489101,2022,2022-08-24,0103,2022-06-17,2309,55,,5,5,6,0103,0,0,0,,0,016,UNIVERSITY,"ACTON ST",0.00,,Y,A,-,N,,,,,,,,,,Y,3,0,2,2,D,-,00,,,N,D,C,A,-,H,-,C,A,0,,,,,Y,,-,"- ",0,1,1,0,0,0,0,0,0,"- ","- ",37.870109558105469,-122.28424835205078,ALAMEDA,BERKELEY,-122.28426361083984,37.870182037353516
9489102,2022,2022-08-24,0103,2022-06-24,1828,4,29,5,5,6,0103,0,0,0,,0,005,HASTE,SHATTUCK,0.00,,Y,A,-,N,,,,,,,,,,N,4,0,1,2,A,-,12,21453,A,N,D,C,A,A,A,H,A,A,0,,,,,Y,,A,01,0,0,1,0,0,0,0,0,0,"- ","- ",37.864879608154297,-122.26747131347656,ALAMEDA,BERKELEY,-122.26750946044922,37.864879608154297
9489365,2022,2022-09-22,0106,2022-07-27,1356,432,,3,5,6,0106,0,0,0,,0,00J,"HESPERIAN BL","W A ST",30.00,S,N,A,-,N,,,,,,,,,,Y,4,0,1,1,A,-,08,22107,,N,F,A,A,A,H,-,A,A,0,,,,Y,Y,,F,25,0,0,1,0,0,0,0,0,0,"- ","- ",37.66558837890625,-122.1180419921875,ALAMEDA,HAYWARD,-122.11805725097656,37.665485382080078