CASE_ID,ACCIDENT_YEAR,PROC_DATE,JURIS,COLLISION_DATE,COLLISION_TIME,OFFICER_ID,REPORTING_DISTRICT,DAY_OF_WEEK,CHP_SHIFT,POPULATION,CNTY_CITY_LOC,SPECIAL_COND,BEAT_TYPE,CHP_BEAT_TYPE,CITY_DIVISION_LAPD,CHP_BEAT_CLASS,BEAT_NUMBER,PRIMARY_RD,SECONDARY_RD,DISTANCE,DIRECTION,INTERSECTION,WEATHER_1,WEATHER_2,STATE_HWY_IND,CALTRANS_COUNTY,CALTRANS_DISTRICT,STATE_ROUTE,ROUTE_SUFFIX,POSTMILE_PREFIX,POSTMILE,LOCATION_TYPE,RAMP_INTERSECTION,SIDE_OF_HWY,TOW_AWAY,COLLISION_SEVERITY,NUMBER_KILLED,NUMBER_INJURED,PARTY_COUNT,PRIMARY_COLL_FACTOR,PCF_CODE_OF_VIOL,PCF_VIOL_CATEGORY,PCF_VIOLATION,PCF_VIOL_SUBSECTION,HIT_AND_RUN,TYPE_OF_COLLISION,MVIW,PED_ACTION,ROAD_SURFACE,ROAD_COND_1,ROAD_COND_2,LIGHTING,CONTROL_DEVICE,CHP_ROAD_TYPE,PEDESTRIAN_ACCIDENT,BICYCLE_ACCIDENT,MOTORCYCLE_ACCIDENT,TRUCK_ACCIDENT,NOT_PRIVATE_PROPERTY,ALCOHOL_INVOLVED,STWD_VEHTYPE_AT_FAULT,CHP_VEHTYPE_AT_FAULT,COUNT_SEVERE_INJ,COUNT_VISIBLE_INJ,COUNT_COMPLAINT_PAIN,COUNT_PED_KILLED,COUNT_PED_INJURED,COUNT_BICYCLIST_KILLED,COUNT_BICYCLIST_INJURED,COUNT_MC_KILLED,COUNT_MC_INJURED,PRIMARY_RAMP,SECONDARY_RAMP,LATITUDE,LONGITUDE,COUNTY,CITY,POINT_X,POINT_Y
9492894,2022,2022-09-12,0109,2022-02-19,0148,9765,1,6,5,7,0109,0,0,0,,0,15X,"MACARTHUR BL","LAKESHORE AV",0.00,,Y,A,-,N,,,,,,,,,,Y,4,0,1,2,A,-,12,21453,A,N,D,C,A,A,H,-,C,A,0,,,,,Y,,A,01,0,0,1,0,0,0,0,0,0,"- ","- ",,,ALAMEDA,OAKLAND,-122.24680328369141,37.809520721435547
9492895,2022,2022-09-12,0109,2022-02-19,1750,9614,1,6,5,7,0109,0,0,0,,0,03X,"10TH ST","MADISON ST",0.00,,Y,A,-,N,,,,,,,,,,N,4,0,1,2,A,-,12,21453,A,N,D,C,A,A,H,-,A,A,0,,,,,Y,,A,01,0,0,1,0,0,0,0,0,0,"- ","- ",,,ALAMEDA,OAKLAND,-122.26577758789062,37.798748016357422
9492897,2022,2022-10-17,0109,2022-02-06,0257,9953,1,7,5,7,0109,0,0,0,,0,19X,EMBARCADERO,"EMBARCADERO 1700 BLK",0.00,,N,A,-,N,,,,,,,,,,Y,4,0,1,2,A,-,03,22350,,N,B,C,A,A,H,-,C,A,0,,,,,Y,,A,01,0,0,1,0,0,0,0,0,0,"- ","- ",,,ALAMEDA,OAKLAND,-122.26829528808594,37.792079925537109
9493094,2022,2022-09-12,0109,2022-01-13,1845,9165,2,4,5,7,0109,0,0,0,,0,27X,"INTERNATIONAL BL","54TH AV",1.00,E,N,A,-,N,,,,,,,,,,Y,3,0,3,2,A,-,01,23152,A,N,C,C,A,A,H,-,C,A,0,,,,,Y,,A,01,0,1,2,0,0,0,0,0,0,"- ","- ",,,ALAMEDA,OAKLAND,-122.20492553710938,37.767669677734375
9493100,2022,2022-09-12,0109,2022-01-11,1913,9325,2,2,5,7,0109,0,0,0,,0,27Y,"BANCROFT AV","TRASK ST",65.00,E,N,A,-,N,,,,,,,,,,N,4,0,2,2,A,-,03,22350,,N,C,C,A,A,H,-,C,D,0,,,,,Y,,A,01,0,0,2,0,0,0,0,0,0,"- ","- ",,,ALAMEDA,OAKLAND,-122.194091796875,37.771217346191406
9493101,2022,2022-09-12,0109,2022-01-14,2034,9084,1,5,5,7,0109,0,0,0,,0,18X,"14TH AV","E 24TH ST",0.00,,Y,-,-,N,,,,,,,,,,N,4,0,1,2,A,-,09,21801,A,N,D,C,A,A,H,-,C,A,0,,,,,Y,,A,07,0,0,1,0,0,0,0,0,0,"- ","- ",,,ALAMEDA,OAKLAND,-122.23674774169922,37.795391082763672
9493107,2022,2022-09-12,0109,2022-01-10,1338,9522,2,1,5,7,0109,0,0,0,,0,31Z,"MACARTHUR BL","FISHER AV",50.00,E,N,A,-,N,,,,,,,,,,N,4,0,1,2,A,-,09,21804,A,N,D,C,A,A,H,-,A,B,0,,,,,Y,,A,01,0,0,1,0,0,0,0,0,0,"- ","- ",,,ALAMEDA,OAKLAND,-122.15351104736328,37.744003295898438
9493673,2022,2022-09-22,0102,2022-07-31,0000,JP241113,7,7,5,3,0102,0,0,0,,0,002,BUCHANAN,"RT 80",0.00,,Y,A,-,Y,ALA,4,80,-,R,7.043,R,4,E,N,3,0,1,2,A,-,09,21453,C,N,D,C,A,A,H,-,A,A,0,,,,,Y,,A,01,0,1,0,0,0,0,0,0,0,"- ",EF,37.887210845947266,-122.30829620361328,ALAMEDA,ALBANY,-122.30844116210938,37.883747100830078
9493886,2022,2022-10-06,0106,2022-08-16,0712,303,,2,5,6,0106,0,0,0,,0,00B,"FOOTHILL BL","REX RD",64.00,N,N,A,-,N,,,,,,,,,,Y,3,0,1,2,A,-,08,22107,,N,C,C,A,A,H,-,A,D,0,,,Y,,Y,,C,02,0,1,0,0,0,0,0,0,1,"- ","- ",37.680519104003906,-122.08528900146484,ALAMEDA,HAYWARD,-122.08615112304688,37.680812835693359
9493905,2022,2022-10-11,0109,2022-08-22,1745,9590,1,1,5,7,0109,0,0,0,,0,09X,"37TH ST","WEST MACARTHUR BL",0.00,,Y,A,-,N,,,,,,,,,,N,4,0,1,2,A,-,12,21453,A,N,A,G,A,A,-,-,A,A,0,,Y,,,Y,,L,04,0,0,1,0,0,0,1,0,0,"- ","- ",,,ALAMEDA,OAKLAND,-122.26676940917969,37.826740264892578
9493913,2022,2022-10-10,0109,2022-08-29,1525,9845,2,1,5,7,0109,0,0,0,,0,29X,"73RD AV","OUTLOOK AV",30.00,S,N,A,-,N,,,,,,,,,,N,4,0,1,4,A,-,08,22107,,N,A,C,A,A,H,-,A,D,0,,,,Y,Y,,F,25,0,0,1,0,0,0,0,0,0,"- ","- ",,,ALAMEDA,OAKLAND,-122.1700439453125,37.770668029785156
9493917,2022,2022-10-06,0106,2022-08-06,0337,428,,6,5,6,0106,0,0,0,,0,00F,"N MISSION BL","BLANCHE ST",170.00,N,N,A,-,N,,,,,,,,,,Y,4,0,1,1,A,-,03,22350,,N,E,I,A,A,H,-,C,D,0,,,,,Y,,D,22,0,0,1,0,0,0,0,0,0,"- ","- ",37.618648529052734,-122.03427124023438,ALAMEDA,HAYWARD,-122.02997589111328,37.614986419677734
9494042,2022,2022-09-29,0109,2022-05-09,2001,9748,2,1,5,7,0109,0,0,0,,0,32Y,"BANCROFT AV","98TH AV",0.00,,Y,A,-,N,,,,,,,,,,N,4,0,1,2,B,-,22,,,N,D,C,A,A,H,-,B,A,0,,,,,Y,,J,48,0,0,1,0,0,0,0,0,0,"- ","- ",,,ALAMEDA,OAKLAND,-122.1619873046875,37.748420715332031
9494047,2022,2022-10-04,0109,2022-08-28,0347,8660,1,7,5,7,0109,0,0,0,,0,02X,"BRUSH ST","12TH ST",0.00,,Y,A,-,Y,ALA,4,980,-,-,0.839,R,4,W,N,4,0,2,2,A,-,12,21453,A,M,D,C,A,A,H,-,C,A,0,,,,,Y,Y,A,01,0,0,2,0,0,0,0,0,0,"- ","- ",,,ALAMEDA,OAKLAND,-122.27687072753906,37.808757781982422
9494225,2022,2022-10-27,0103,2022-09-23,1929,51,,5,5,6,0103,0,0,0,,0,011,ASHBY,ACTION,0.00,,Y,A,-,Y,ALA,4,13,-,-,12.890,I,5,S,N,4,0,1,2,A,-,10,21950,A,N,G,B,B,A,H,-,C,D,0,Y,,,,Y,Y,A,01,0,0,1,0,1,0,0,0,0,"- ","- ",37.853199005126953,-122.28138732910156,ALAMEDA,BERKELEY,-122.28137969970703,37.853218078613281
9494237,2022,2022-10-27,0103,2022-09-14,1700,5,,3,5,6,0103,0,0,0,,0,007,ASHBY,COLLEGE,0.00,,Y,A,-,Y,ALA,4,13,-,-,11.220,H,-,S,N,4,0,1,2,A,-,03,22350,,F,C,C,A,A,H,-,A,A,0,,,,,Y,,A,01,0,0,1,0,0,0,0,0,0,"- ","- ",37.857040405273438,-122.25303649902344,ALAMEDA,BERKELEY,-122.25286102294922,37.857040405273438
9495089,2022,2022-10-20,0111,2022-07-27,1954,292,,3,5,5,0111,0,0,0,,0,002,"WILLOW RD","OWENS DR",0.00,,Y,A,-,N,,,,,,,,,,Y,2,0,1,2,A,-,09,21804,B,N,D,G,A,A,H,-,B,A,0,,Y,,,Y,,L,04,1,0,0,0,0,0,1,0,0,"- ","- ",,,ALAMEDA,PLEASANTON,-121.89817810058594,37.6998291015625
9495187,2022,2022-10-04,0109,2022-09-02,1550,8585,2,5,5,7,0109,0,0,0,,0,30X,"78TH AV","ASH ST",30.00,S,N,A,-,N,,,,,,,,,,Y,4,0,1,2,A,-,08,22107,,N,C,E,A,A,H,-,A,D,0,,,,,Y,,A,01,0,0,1,0,0,0,0,0,0,"- ","- ",,,ALAMEDA,OAKLAND,-122.18097686767578,37.759105682373047
9495189,2022,2022-10-04,0109,2022-09-02,1450,10001,1,5,5,7,0109,0,0,0,,0,01X,"WEST GRAND AV","POPLAR ST",100.00,W,N,A,-,N,,,,,,,,,,N,3,0,1,1,A,-,03,22350,,N,H,I,A,A,A,-,A,D,0,,,,,Y,,A,01,0,1,0,0,0,0,0,0,0,"- ","- ",,,ALAMEDA,OAKLAND,-122.28744506835938,37.816303253173828
9495193,2022,2022-10-04,0109,2022-09-01,1200,9169,1,4,5,7,0109,0,0,0,,0,10X,"GENOA ST","52ND ST",10.00,N,N,A,-,N,,,,,,,,,,N,4,0,1,2,A,-,08,22107,,M,D,C,A,A,H,-,A,A,0,,,,,Y,,A,01,0,0,1,0,0,0,0,0,0,"- ","- ",,,ALAMEDA,OAKLAND,-122.27113342285156,37.836856842041016
9495285,2022,2022-10-06,0106,2022-08-10,1538,420,,3,5,6,0106,0,0,0,,0,00C,"JACKSON ST","SOTO RD",205.00,E,N,A,-,N,,,,,,,,,,Y,4,0,1,1,A,-,08,22107,,N,F,I,A,A,H,-,A,D,0,,,,,Y,,A,01,0,0,1,0,0,0,0,0,0,"- ","- ",37.658119201660156,-122.086669921875,ALAMEDA,HAYWARD,-122.08674621582031,37.658161163330078
9495293,2022,2022-10-06,0106,2022-08-11,1351,405,,4,5,6,0106,0,0,0,,0,00A,"MISSION BL","D ST",0.00,,Y,A,-,N,,,,,,,,,,Y,4,0,2,2,A,-,12,21453,A,N,B,C,A,A,H,-,A,A,0,,,,,Y,,A,01,0,0,2,0,0,0,0,0,0,"- ","- ",,,ALAMEDA,HAYWARD,-122.08199310302734,37.669967651367188
9495294,2022,2022-10-06,0106,2022-08-13,0846,489,,6,5,6,0106,0,0,0,,0,00J,"HESPERIAN BL","PHILLIPS WY",0.00,,Y,A,-,N,,,,,,,,,,Y,3,0,1,2,A,-,09,21802,A,N,D,C,A,A,H,-,A,D,0,,,Y,,Y,,A,01,0,1,0,0,0,0,0,0,1,"- ","- ",37.655139923095703,-122.11122894287109,ALAMEDA,HAYWARD,-122.11154174804688,37.654830932617188
9495295,2022,2022-10-31,0106,2022-08-30,1543,476,,2,5,6,0106,0,0,0,,0,00B,"FOOTHILL BL","B ST",0.00,,Y,A,-,N,,,,,,,,,,Y,3,0,3,2,A,-,12,21453,A,N,D,C,A,A,H,-,A,A,0,,,,,Y,,A,01,0,1,2,0,0,0,0,0,0,"- ","- ",37.674098968505859,-122.08094024658203,ALAMEDA,HAYWARD,-122.08091735839844,37.674079895019531
9495296,2022,2022-10-06,0106,2022-08-04,0147,375,,4,5,6,0106,0,0,0,,0,00A,"2ND ST","E ST",490.00,S,N,A,-,N,,,,,,,,,,Y,3,0,1,2,A,-,03,22350,,N,C,E,A,A,H,-,C,D,0,,,Y,,Y,,C,02,0,1,0,0,0,0,0,0,1,"- ","- ",37.671890258789062,-122.07594299316406,ALAMEDA,HAYWARD,-122.07449340820312,37.671226501464844
9495299,2022,2022-10-31,0109,2022-08-30,1030,9148,1,2,5,7,0109,0,0,0,,0,03X,"7TH ST","JACKSON ST",0.00,,Y,A,-,N,,,,,,,,,,N,4,0,1,2,A,-,12,21453,A,N,D,C,A,A,H,-,A,A,0,,,,,Y,,-,"- ",0,0,1,0,0,0,0,0,0,"- ","- ",,,ALAMEDA,OAKLAND,-122.26824951171875,37.797172546386719
9495303,2022,2022-10-03,0109,2022-08-29,0756,9885,2,1,5,7,0109,0,0,0,,0,35X,"90TH AV","BANCROFT AV",30.00,N,N,B,-,N,,,,,,,,,,N,4,0,1,2,A,-,21,22106,,N,G,B,F,A,H,-,A,D,0,Y,,,,Y,,A,01,0,0,1,0,1,0,0,0,0,"- ","- ",,,ALAMEDA,OAKLAND,-122.16571807861328,37.753597259521484
9495304,2022,2022-10-03,0109,2022-08-20,1941,9985,1,6,5,7,0109,0,0,0,,0,03X,"13TH ST","JACKSON ST",0.00,,Y,A,-,N,,,,,,,,,,N,4,0,1,2,A,-,12,21453,,N,D,C,A,A,H,-,B,A,0,,,,,Y,,A,01,0,0,1,0,0,0,0,0,0,"- ","- ",,,ALAMEDA,OAKLAND,-122.26567077636719,37.801277160644531
9495306,2022,2022-10-03,0109,2022-08-15,0933,9951,1,1,5,7,0109,0,0,0,,0,04X,"LAKESIDE DR","JACKSON ST",0.00,,Y,A,-,N,,,,,,,,,,N,4,0,1,2,A,-,12,21453,A,N,G,B,B,A,H,-,A,A,0,Y,,,,Y,Y,M,93,0,0,1,0,1,0,0,0,0,"- ","- ",,,ALAMEDA,OAKLAND,-122.26274108886719,37.805931091308594
9495307,2022,2022-10-07,0109,2022-08-01,1153,9793,1,1,5,7,0109,0,0,0,,0,03Y,"HARRISON ST","12TH ST",0.00,,Y,A,-,N,,,,,,,,,,N,3,0,1,2,A,-,12,21453,A,N,G,G,A,A,H,-,A,A,0,,Y,,,Y,,A,07,0,1,0,0,0,0,1,0,0,"- ","- ",,,ALAMEDA,OAKLAND,-122.26846313476562,37.801548004150391
9495310,2022,2022-10-03,0109,2022-08-31,1211,9142,2,3,5,7,0109,0,0,0,,0,21X,"FRUITVALE AV","NICOL AV",0.00,,Y,A,-,N,,,,,,,,,,Y,3,0,1,2,A,-,09,21801,A,N,D,C,A,A,H,-,A,D,0,,,,,Y,,A,07,0,1,0,0,0,0,0,0,0,"- ","- ",,,ALAMEDA,OAKLAND,-122.21846771240234,37.794475555419922
9495311,2022,2022-10-03,0109,2022-08-20,1520,9501,1,6,5,7,0109,0,0,0,,0,16Y,"PARK BL","GLENFIELD AV",50.00,S,N,A,-,N,,,,,,,,,,Y,4,0,1,1,A,-,08,22107,,N,F,I,A,A,H,-,A,A,0,,,,,Y,,A,01,0,0,1,0,0,0,0,0,0,"- ","- ",,,ALAMEDA,OAKLAND,-122.22261047363281,37.807319641113281
9495312,2022,2022-10-03,0109,2022-08-28,1730,9501,1,7,5,7,0109,0,0,0,,0,19X,"FOOTHILL BL","4TH AV",0.00,,Y,A,-,N,,,,,,,,,,Y,4,0,1,2,A,-,12,22450,A,N,A,C,A,A,H,-,A,A,0,,,,,Y,,A,08,0,0,1,0,0,0,0,0,0,"- ","- ",,,ALAMEDA,OAKLAND,-122.25279998779297,37.797805786132812
9495315,2022,2022-10-03,0109,2022-08-21,1430,9995,2,7,5,7,0109,0,0,0,,0,35Y,"SKYLINE BL","GREEN VALLEY RD",2640.00,W,N,A,-,N,,,,,,,,,,Y,3,0,1,1,A,-,08,22107,,N,A,I,A,A,H,-,A,D,0,,,,,Y,,A,01,0,1,0,0,0,0,0,0,0,"- ","- ",,,ALAMEDA,OAKLAND,-122.125547,37.752088999999998
9495318,2022,2022-10-03,0109,2022-08-29,1649,9269,1,1,5,7,0109,0,0,0,,0,05X,"34TH ST","LOUISE ST",0.00,,Y,A,-,N,,,,,,,,,,N,3,0,1,2,A,-,08,22107,,M,B,C,A,A,H,-,A,A,0,,,,,Y,,A,08,0,1,0,0,0,0,0,0,0,"- ","- ",,,ALAMEDA,OAKLAND,-122.28520202636719,37.825668334960938
9495319,2022,2022-10-03,0109,2022-08-20,1620,9962,2,6,5,7,0109,0,0,0,,0,20X,"23RD AV","FOOTHILL BL",0.00,,Y,A,-,N,,,,,,,,,,N,4,0,1,2,A,-,12,21453,A,F,D,C,A,A,H,-,A,A,0,,,,,Y,,A,01,0,0,1,0,0,0,0,0,0,"- ","- ",,,ALAMEDA,OAKLAND,-122.234130859375,37.785186767578125
9495610,2022,2022-10-06,0106,2022-07-08,1103,417,,5,5,6,0106,0,0,0,,0,00C,WHITMAN,"BERRY ST",150.00,S,N,A,-,N,,,,,,,,,,Y,3,0,1,3,A,-,03,22350,,N,B,C,A,A,H,-,A,A,0,,,,,Y,,A,01,0,1,0,0,0,0,0,0,0,"- ","- ",,,ALAMEDA,HAYWARD,-122.07421875,37.655517578125
9495612,2022,2022-10-06,0109,2022-07-31,1225,9597,2,7,5,7,0109,0,0,0,,0,20X,"28TH AV","FOOTHILL BL",75.00,S,N,A,-,N,,,,,,,,,,N,4,0,1,2,A,-,17,22517,,N,H,G,A,A,H,-,A,D,0,,Y,,,Y,,A,01,0,0,1,0,0,0,1,0,0,"- ","- ",,,ALAMEDA,OAKLAND,-122.22566986083984,37.784210205078125
9495773,2022,2022-10-25,0111,2022-09-28,0759,266,,3,5,5,0111,0,0,0,,0,003,"SUNOL BL","RT 680",0.00,,Y,A,-,Y,ALA,4,680,-,R,15.251,R,4,S,Y,3,0,3,2,A,-,09,21801,A,N,D,B,A,A,H,-,A,A,0,,,,,Y,,A,01,0,3,0,0,0,0,0,0,0,"- ",SF,,,ALAMEDA,PLEASANTON,-121.88462066650391,37.639488220214844
9495780,2022,2022-10-20,0109,2022-09-10,0401,9828,2,6,5,7,0109,0,0,0,,0,35Y,"98TH AV","MACARTHUR BL",0.00,,Y,A,-,N,,,,,,,,,,Y,4,0,1,2,A,-,12,21453,A,M,D,C,A,A,H,-,C,A,0,,,,,Y,,D,22,0,0,1,0,0,0,0,0,0,"- ","- ",,,ALAMEDA,OAKLAND,-122.15888977050781,37.749931335449219
9495792,2022,2022-11-22,0109,2022-07-15,1616,9165,2,5,5,7,0109,0,0,0,,0,23X,"FOOTHILL BL","COURTLAND AV",25.00,W,N,A,-,N,,,,,,,,,,Y,4,0,1,4,A,-,05,21651,A,M,A,C,A,A,H,-,A,A,0,,,,,Y,,A,01,0,0,1,0,0,0,0,0,0,"- ","- ",,,ALAMEDA,OAKLAND,-122.21302032470703,37.775749206542969
9495800,2022,2022-10-20,0109,2022-09-18,1642,9934,1,7,5,7,0109,0,0,0,,0,03X,"11TH ST","HARRISON ST",0.00,,Y,B,C,N,,,,,,,,,,N,3,0,1,2,A,-,10,21950,A,N,A,B,B,B,H,-,A,A,0,Y,,,,Y,,D,22,0,1,0,0,1,0,0,0,0,"- ","- ",,,ALAMEDA,OAKLAND,-122.26889038085938,37.800846099853516
9495819,2022,2022-10-28,0109,2022-04-23,0428,9869,1,6,5,7,0109,0,0,0,,0,02X,"EMBARCADERO WEST","MARKET ST",300.00,W,N,A,-,N,,,,,,,,,,N,4,0,1,2,A,-,08,22107,,N,B,E,A,A,H,-,C,D,0,,,,,Y,,A,01,0,0,1,0,0,0,0,0,0,"- ","- ",,,ALAMEDA,OAKLAND,-122.28555297851562,37.798419952392578
9495947,2022,2022-10-21,0100,2022-09-30,1925,2298,DUBLI,5,5,4,0198,0,0,0,,0,074,"TASSAJARA RD","WALLIS RANCH DR",0.00,,Y,A,-,N,,,,,,,,,,Y,4,0,2,2,A,-,09,21453,C,N,A,C,A,A,H,-,C,A,0,,,,,Y,,A,01,0,0,2,0,0,0,0,0,0,"- ","- ",37.730491638183594,-121.87104797363281,ALAMEDA,DUBLIN,-121.87129974365234,37.730304718017578
9495996,2022,2022-10-13,0111,2022-09-21,1816,309,,3,5,5,0111,0,0,0,,0,004,"PARKSIDE DR","ARTHUR DR",0.00,,Y,B,-,N,,,,,,,,,,N,3,0,1,2,A,-,11,21950,B,N,G,B,B,A,H,-,A,A,0,Y,,,,Y,,N,60,0,1,0,0,1,0,0,0,0,"- ","- ",,,ALAMEDA,PLEASANTON,-121.89813995361328,37.679904937744141
9497205,2022,2022-09-28,0100,2022-08-16,1600,1709,DUBLI,2,5,4,0198,0,0,0,,0,072,"DUBLIN BL","DOUGHERTY RD",264.00,W,N,A,-,N,,,,,,,,,,Y,4,0,1,3,A,-,01,23152,A,N,C,C,A,A,H,-,A,A,0,,,,,Y,Y,A,01,0,0,1,0,0,0,0,0,0,"- ","- ",37.704780578613281,-121.90963745117188,ALAMEDA,DUBLIN,-121.91045379638672,37.704601287841797
9497206,2022,2022-09-28,0100,2022-08-18,1456,1709,DUBLI,4,5,4,0198,0,0,0,,0,072,"DUBLIN BL","CLARK AV",376.00,N,N,A,-,N,,,,,,,,,,N,4,0,1,2,A,-,03,22350,,N,C,C,A,A,H,-,A,A,0,,,,,Y,,A,01,0,0,1,0,0,0,0,0,0,"- ","- ",37.705471038818359,-121.92453765869141,ALAMEDA,DUBLIN,-121.92138671875,37.705669403076172
9497725,2022,2022-09-22,0109,2022-08-01,0458,9575,1,1,5,7,0109,0,0,0,,0,10X,"MARKET ST","AILEEN ST",0.00,,Y,A,-,N,,,,,,,,,,N,4,0,1,2,A,-,08,22107,,N,B,C,A,A,H,-,B,D,0,,,,Y,Y,,F,21,0,0,1,0,0,0,0,0,0,"- ","- ",,,ALAMEDA,OAKLAND,-122.27422332763672,37.840869903564453
9497727,2022,2022-09-22,0109,2022-08-02,0215,9903,2,2,5,7,0109,0,0,0,,0,23X,"HIGH ST","BROOKDALE AV",10.00,S,N,A,-,N,,,,,,,,,,Y,3,0,1,4,A,-,03,22350,,M,C,E,A,A,H,-,C,D,0,,,,,Y,,A,01,0,1,0,0,0,0,0,0,0,"- ","- ",,,ALAMEDA,OAKLAND,-122.20417785644531,37.782520294189453
9498033,2022,2022-09-26,0109,2022-09-02,1637,8867,2,5,5,7,0109,0,0,0,,0,27X,"46TH AV","BANCROFT AV",0.00,,Y,A,-,N,,,,,,,,,,N,4,0,1,2,A,-,10,21950,A,M,G,B,B,A,H,-,A,A,0,Y,,,,Y,,A,01,0,0,1,0,1,0,0,0,0,"- ","- ",,,ALAMEDA,OAKLAND,-122.21073150634766,37.772064208984375
9498034,2022,2022-09-27,0109,2022-09-01,0742,8270,1,4,5,7,0109,0,0,0,,0,15X,"ATHOL AV","MACARTHUR BL",0.00,,Y,A,-,N,,,,,,,,,,N,3,0,1,2,A,-,10,21950,A,N,G,B,B,A,H,-,A,D,0,Y,,,,Y,,A,01,0,1,0,0,1,0,0,0,0,"- ","- ",,,ALAMEDA,OAKLAND,-122.24131011962891,37.806983947753906
9498035,2022,2022-09-26,0109,2022-09-02,2218,8914,1,5,5,7,0109,0,0,0,,0,13Y,"SKYLINE BL","ELVERTON DR",1600.00,W,N,A,-,N,,,,,,,,,,Y,4,0,1,1,A,-,03,22350,,N,E,I,A,A,H,-,C,D,0,,,,,Y,,A,01,0,0,1,0,0,0,0,0,0,"- ","- ",,,ALAMEDA,OAKLAND,-122.20766448974609,37.851192474365234
9498081,2022,2022-09-27,0109,2022-08-09,1928,9169,1,2,5,7,0109,0,0,0,,0,03X,"11TH ST","MARTIN LUTHER KING JR WY",0.00,,Y,A,-,N,,,,,,,,,,N,4,0,2,2,A,-,12,21453,A,N,D,C,A,A,H,-,A,A,0,,,,,Y,,A,01,0,0,2,0,0,0,0,0,0,"- ","- ",,,ALAMEDA,OAKLAND,-122.27725982666016,37.804111480712891
9498088,2022,2022-09-27,0109,2022-08-11,1557,8914,1,4,5,7,0109,0,0,0,,0,10Y,"MARTIN LUTHER KING JR WY","55TH ST",30.00,S,N,A,-,N,,,,,,,,,,N,4,0,1,2,A,-,08,22107,,M,B,C,A,A,H,-,A,A,0,,,,,Y,,D,22,0,0,1,0,0,0,0,0,0,"- ","- ",,,ALAMEDA,OAKLAND,-122.26981353759766,37.839698791503906
9498092,2022,2022-09-27,0109,2022-08-27,1730,9916,2,6,5,7,0109,0,0,0,,0,23X,"BOND ST","HIGH ST",0.00,,Y,A,-,N,,,,,,,,,,N,4,0,3,2,A,-,12,21453,A,N,D,C,A,A,H,-,A,A,0,,,,,Y,Y,A,07,0,0,3,0,0,0,0,0,0,"- ","- ",,,ALAMEDA,OAKLAND,-122.21250915527344,37.77410888671875
9498176,2022,2022-10-11,0109,2022-05-04,1530,9948,2,3,5,7,0109,0,0,0,,0,20X,"29TH AV","FORD ST",0.00,,-,A,-,N,,,,,,,,,,N,4,0,1,2,A,-,08,22107,,N,B,C,A,A,H,-,A,A,0,,,,,Y,,A,01,0,0,1,0,0,0,0,0,0,"- ","- ",,,ALAMEDA,OAKLAND,-122.23481750488281,37.77337646484375
9498178,2022,2022-10-12,0109,2022-05-31,1744,9172,1,2,5,7,0109,0,0,0,,0,14X,"GRAND AV","BELLEVUE AV",0.00,,Y,A,-,N,,,,,,,,,,Y,3,0,2,3,A,-,09,21804,A,N,F,C,A,A,H,-,A,A,0,,,,,Y,,A,01,0,1,1,0,0,0,0,0,0,"- ","- ",,,ALAMEDA,OAKLAND,-122.2593994140625,37.809810638427734
9498287,2022,2022-10-13,0109,2022-08-08,1739,9962,2,1,5,7,0109,0,0,0,,0,33X,"85TH AV","INTERNATIONAL BL",0.00,,Y,A,-,N,,,,,,,,,,N,4,0,1,2,A,-,09,21800,A,M,D,C,A,A,H,-,A,A,0,,,Y,,Y,,-,99,0,0,1,0,0,0,0,0,1,"- ","- ",,,ALAMEDA,OAKLAND,-122.17720031738281,37.753299713134766
9498288,2022,2022-10-13,0109,2022-08-29,1240,8823,2,1,5,7,0109,0,0,0,,0,23X,"FRUITVALE AV","INTERNATIONAL BL",100.00,S,N,A,-,N,,,,,,,,,,Y,4,0,1,2,A,-,09,21804,A,M,D,C,A,A,H,-,A,A,0,,,,,Y,Y,A,01,0,0,1,0,0,0,0,0,0,"- ","- ",,,ALAMEDA,OAKLAND,-122.22596740722656,37.777355194091797
9498289,2022,2022-10-13,0109,2022-08-08,0307,9905,1,1,5,7,0109,0,0,0,,0,03X,"MADISON ST","13TH ST",0.00,,Y,A,-,N,,,,,,,,,,N,3,0,1,2,A,-,12,21453,A,M,B,B,A,A,H,-,C,A,0,,Y,,,Y,,A,01,0,1,0,0,0,0,1,0,0,"- ","- ",,,ALAMEDA,OAKLAND,-122.26448822021484,37.800827026367188
9498309,2022,2022-10-18,0109,2022-09-17,0808,9742,1,6,5,7,0109,0,0,0,,0,03X,"OAK ST","14TH ST",0.00,,Y,A,-,N,,,,,,,,,,N,4,0,1,2,A,-,12,21453,A,N,C,C,A,A,H,-,A,A,0,,,,,Y,,A,01,0,0,1,0,0,0,0,0,0,"- ","- ",,,ALAMEDA,OAKLAND,-122.26287078857422,37.801052093505859
9498310,2022,2022-10-18,0109,2022-09-23,1735,9149,1,5,5,7,0109,0,0,0,,0,10X,"WEST ST","44TH ST",0.00,,Y,A,-,N,,,,,,,,,,N,4,0,1,2,A,-,09,21801,A,N,D,C,A,A,H,-,A,A,0,,,,,Y,,A,01,0,0,1,0,0,0,0,0,0,"- ","- ",,,ALAMEDA,OAKLAND,-122.27021789550781,37.833290100097656
9498312,2022,2022-10-18,0109,2022-09-13,1733,9933,2,2,5,7,0109,0,0,0,,0,27X,"CONGRESS AV","MONTICELLO AV",0.00,,Y,A,-,N,,,,,,,,,,N,4,0,1,2,A,-,09,21802,A,M,D,C,A,A,H,-,A,A,0,,,,,Y,,A,01,0,0,1,0,0,0,0,0,0,"- ","- ",,,ALAMEDA,OAKLAND,-122.20243835449219,37.776706695556641
9498313,2022,2022-10-18,0109,2022-09-01,2102,9929,1,4,5,7,0109,0,0,0,,0,03X,"8TH ST","OAK ST",0.00,,Y,A,-,N,,,,,,,,,,N,4,0,1,2,A,-,10,21950,A,N,G,B,B,A,H,-,C,A,0,Y,,,,Y,,A,01,0,0,1,0,1,0,0,0,0,"- ","- ",,,ALAMEDA,OAKLAND,-122.26546478271484,37.796939849853516