CASE_ID,ACCIDENT_YEAR,PROC_DATE,JURIS,COLLISION_DATE,COLLISION_TIME,OFFICER_ID,REPORTING_DISTRICT,DAY_OF_WEEK,CHP_SHIFT,POPULATION,CNTY_CITY_LOC,SPECIAL_COND,BEAT_TYPE,CHP_BEAT_TYPE,CITY_DIVISION_LAPD,CHP_BEAT_CLASS,BEAT_NUMBER,PRIMARY_RD,SECONDARY_RD,DISTANCE,DIRECTION,INTERSECTION,WEATHER_1,WEATHER_2,STATE_HWY_IND,CALTRANS_COUNTY,CALTRANS_DISTRICT,STATE_ROUTE,ROUTE_SUFFIX,POSTMILE_PREFIX,POSTMILE,LOCATION_TYPE,RAMP_INTERSECTION,SIDE_OF_HWY,TOW_AWAY,COLLISION_SEVERITY,NUMBER_KILLED,NUMBER_INJURED,PARTY_COUNT,PRIMARY_COLL_FACTOR,PCF_CODE_OF_VIOL,PCF_VIOL_CATEGORY,PCF_VIOLATION,PCF_VIOL_SUBSECTION,HIT_AND_RUN,TYPE_OF_COLLISION,MVIW,PED_ACTION,ROAD_SURFACE,ROAD_COND_1,ROAD_COND_2,LIGHTING,CONTROL_DEVICE,CHP_ROAD_TYPE,PEDESTRIAN_ACCIDENT,BICYCLE_ACCIDENT,MOTORCYCLE_ACCIDENT,TRUCK_ACCIDENT,NOT_PRIVATE_PROPERTY,ALCOHOL_INVOLVED,STWD_VEHTYPE_AT_FAULT,CHP_VEHTYPE_AT_FAULT,COUNT_SEVERE_INJ,COUNT_VISIBLE_INJ,COUNT_COMPLAINT_PAIN,COUNT_PED_KILLED,COUNT_PED_INJURED,COUNT_BICYCLIST_KILLED,COUNT_BICYCLIST_INJURED,COUNT_MC_KILLED,COUNT_MC_INJURED,PRIMARY_RAMP,SECONDARY_RAMP,LATITUDE,LONGITUDE,COUNTY,CITY,POINT_X,POINT_Y
9575768,2023,2023-06-16,0110,2023-05-25,"906 ",116,10006,4,5,3,0110,0,0,0,,0,,"WILDWOOD AV","REQUA RD",67.00,W,N,B,-,N,,,,,,,,,,Y,4,0,1,2,A,-,03,22350,,N,F,E,A,A,H,-,A,D,0,,,,,Y,,A,01,0,0,1,0,0,0,0,0,0,"- ","- ",37.820060729980469,-122.23394775390625,ALAMEDA,PIEDMONT,-122.23348999023438,37.819889068603516
9575789,2023,2023-06-28,0100,2023-05-30,1352,2254,DUBLI,2,5,4,0198,0,0,0,,0,072,"DOUGHERTY RD","SIERRA LN",352.00,N,N,A,-,N,,,,,,,,,,Y,3,0,2,2,A,-,03,22350,,N,C,C,A,A,H,-,A,A,0,,,,,Y,,A,01,0,1,1,0,0,0,0,0,0,"- ","- ",37.7064208984375,-121.9102783203125,ALAMEDA,DUBLIN,-121.910400390625,37.707485198974609
9576426,2023,2023-08-10,0106,2023-05-04,"244 ",429,,4,5,6,0106,0,0,0,,0,00A,"MISSION BL","FOOTHILL BL",0.00,,Y,A,-,N,,,,,,,,,,Y,4,0,1,1,A,-,07,21658,A,N,E,I,A,-,H,-,C,A,0,,,,,Y,,A,07,0,0,1,0,0,0,0,0,0,"- ","- ",37.668731689453125,-122.08081817626953,ALAMEDA,HAYWARD,,
9576546,2023,2023-05-16,0109,2023-02-13,1240,9914,2,1,5,7,0109,0,0,0,,0,32X,"INTERNATIONAL BL","100TH AV",0.00,,Y,A,-,N,,,,,,,,,,Y,4,0,1,2,A,-,08,22107,,N,D,C,A,A,H,-,A,A,0,,,,,Y,,D,22,0,0,1,0,0,0,0,0,0,"- ","- ",,,ALAMEDA,OAKLAND,,
9576550,2023,2023-05-18,0109,2023-03-29,1258,9514,2,3,5,7,0109,0,0,0,,0,32X,"INTERNATIONAL BL","104TH AV",0.00,,Y,C,-,N,,,,,,,,,,N,4,0,2,2,A,-,09,21453,C,M,B,C,A,B,H,-,A,A,0,,,,,Y,,A,01,0,0,2,0,0,0,0,0,0,"- ","- ",,,ALAMEDA,OAKLAND,,
9576766,2022,2023-06-01,0109,2022-11-03,1207,9940,1,4,5,7,0109,0,0,0,,0,02Y,"PERALTA ST","12TH ST",0.00,,Y,A,-,N,,,,,,,,,,N,4,0,1,2,A,-,12,21453,A,N,D,C,A,A,H,-,A,A,0,,,,Y,Y,,G,25,0,0,1,0,0,0,0,0,0,"- ","- ",,,ALAMEDA,OAKLAND,-122.29502105712891,37.809989929199219
9577243,2023,2023-05-18,0112,2023-04-22,1938,381,,6,5,5,0112,0,0,0,,0,007,"MARINA BL","SAN LEANDRO BL",0.00,,Y,A,-,N,,,,,,,,,,Y,4,0,1,2,-,-,"- ",,A,N,D,C,A,A,H,-,A,A,0,,,,,Y,,-,,0,0,1,0,0,0,0,0,0,"- ","- ",,,ALAMEDA,"SAN LEANDRO",,
9577244,2023,2023-05-24,0112,2023-04-23,"40  ",402,,7,5,5,0112,0,0,0,,0,005,"E 14TH ST","150TH AV",0.00,,Y,A,-,Y,ALA,4,185,-,-,3.700,H,-,S,Y,3,0,7,2,-,-,"- ",,,N,B,C,A,A,H,-,C,A,0,,,,,Y,Y,-,,0,1,6,0,0,0,0,0,0,"- ","- ",37.705799102783203,-122.12937927246094,ALAMEDA,"SAN LEANDRO",-122.12950134277344,37.705848693847656
9577253,2023,2023-05-18,0109,2023-04-09,1112,9914,2,7,5,7,0109,0,0,0,,0,32X,"98TH AV","SAN LEANDRO ST",0.00,,Y,A,-,N,,,,,,,,,,Y,4,0,1,2,A,-,12,21453,A,N,D,C,A,A,H,-,A,A,0,,,,,Y,,A,01,0,0,1,0,0,0,0,0,0,"- ","- ",,,ALAMEDA,OAKLAND,,
9577313,2023,2023-05-17,0109,2023-03-21,"902 ",9732,1,2,5,7,0109,0,0,0,,0,02X,"14TH ST","ADELINE ST",0.00,,Y,C,-,N,,,,,,,,,,N,3,0,1,2,A,-,12,21453,A,M,D,C,A,B,H,-,A,A,0,,,,,Y,,-,99,0,1,0,0,0,0,0,0,0,"- ","- ",,,ALAMEDA,OAKLAND,,
9577314,2023,2023-05-17,0109,2023-02-16,1550,10021,1,4,5,7,0109,0,0,0,,0,10X,"STANFORD AV","LOWELL ST",0.00,,Y,A,-,N,,,,,,,,,,N,4,0,1,2,A,-,08,22107,,N,A,E,A,A,H,-,A,C,0,,,,,Y,,A,01,0,0,1,0,0,0,0,0,0,"- ","- ",,,ALAMEDA,OAKLAND,,
9577357,2023,2023-05-25,0109,2023-02-10,2230,9991,3,5,5,7,0109,0,0,0,,0,19X,"8TH AV","E 11TH ST",0.00,,Y,A,-,N,,,,,,,,,,N,4,0,1,2,A,-,12,22450,A,N,D,G,A,B,H,-,C,A,0,,Y,,,Y,,-,"- ",0,0,1,0,0,0,1,0,0,"- ","- ",,,ALAMEDA,OAKLAND,,
9577358,2023,2023-05-16,0109,2023-02-17,2331,9917,5,5,5,7,0109,0,0,0,,0,30X,"FONTAINE ST","HOLMES AV",200.00,,N,A,-,N,,,,,,,,,,N,3,0,1,2,A,-,08,22107,,N,B,E,A,A,H,-,C,D,0,,,,,Y,,A,01,0,1,0,0,0,0,0,0,0,"- ","- ",,,ALAMEDA,OAKLAND,,
9577359,2023,2023-05-16,0109,2023-02-09,1530,9172,,4,5,7,0109,0,0,0,,0,01X,"2ND ST",BROADWAY,30.00,W,N,A,-,N,,,,,,,,,,N,4,0,1,2,A,-,09,21804,,N,B,C,A,A,H,-,A,A,0,,,,,Y,,A,01,0,0,1,0,0,0,0,0,0,"- ","- ",,,ALAMEDA,OAKLAND,-122.27643585205078,37.796077728271484
9577360,2023,2023-05-16,0109,2023-02-18,1202,9958,2,6,5,7,0109,0,0,0,,0,23X,"INTERNATIONAL BL","34TH AV",0.00,,Y,A,-,N,,,,,,,,,,N,2,0,2,3,A,-,10,21950,A,F,G,B,B,A,H,-,A,A,0,Y,,,,Y,,A,01,2,0,0,0,2,0,0,0,0,"- ","- ",,,ALAMEDA,OAKLAND,,
9577515,2023,2023-06-01,0108,2023-04-01,"809 ",12554,11,6,5,4,0108,0,0,0,,0,001,"THORNTON AV","MARSHALNDS RD",0.00,,Y,A,-,N,,,,,,,,,,Y,3,0,1,2,A,-,09,21801,,N,D,C,A,A,H,-,A,A,0,,,,,Y,,D,22,0,1,0,0,0,0,0,0,0,"- ","- ",37.529949188232422,-122.06365203857422,ALAMEDA,NEWARK,,
9577519,2023,2023-06-05,0108,2023-04-23,"53  ",12151,30,7,5,4,0108,0,0,0,,0,002,"CENTRAL AV",BIRCH,314.00,W,N,A,-,N,,,,,,,,,,Y,2,0,2,4,A,-,01,23153,,N,B,E,A,A,H,-,C,D,0,,,,,Y,Y,A,01,1,1,0,0,0,0,0,0,0,"- ","- ",37.532611846923828,-122.02214050292969,ALAMEDA,NEWARK,-122.02250671386719,37.532878875732422
9577786,2023,2023-05-08,0100,2023-04-21,2256,2505,DUBLI,5,5,4,0198,0,0,0,,0,072,"AMADOR VALLEY BL","VILLAGE PKWY",0.00,,Y,A,-,N,,,,,,,,,,,3,0,1,2,A,-,01,23152,A,F,C,C,A,A,H,-,C,A,0,,,,Y,Y,Y,F,26,0,1,0,0,0,0,0,0,0,"- ","- ",37.710239410400391,-121.92685699462891,ALAMEDA,DUBLIN,,
9577979,2023,2023-05-09,0108,2023-04-11,2339,12270,6,2,5,4,0108,0,0,0,,0,001,"GATEWAY BL","THORNTON AV",105.00,E,N,A,-,N,,,,,,,,,,Y,2,0,1,1,A,-,03,22350,,N,E,I,A,A,H,-,C,A,0,,,,,Y,,A,01,1,0,0,0,0,0,0,0,0,"- ","- ",37.535938262939453,-122.06523895263672,ALAMEDA,NEWARK,-122.06476593017578,37.536128997802734
9579496,2023,2023-06-15,0102,2023-04-25,1627,MD236619,6,2,5,3,0102,0,0,0,,0,002,"SAN PABLO AV","MONROE AV",0.00,,Y,A,-,N,,,,,,,,,,N,3,0,1,2,A,-,06,21755,A,N,H,G,A,A,H,-,A,A,0,,Y,,,Y,,L,04,0,1,0,0,0,0,1,0,0,"- ","- ",37.884639739990234,-122.29712677001953,ALAMEDA,ALBANY,,
9579824,2023,2023-05-31,0108,2023-05-12,"855 ",11366,17,5,5,4,0108,0,0,0,,0,,"HICKORY ST","THORNTON AV",10.00,S,N,A,-,N,,,,,,,,,,N,3,0,1,2,A,-,04,21703,,M,C,C,A,A,H,-,A,D,0,,,,,Y,,A,08,0,1,0,0,0,0,0,0,0,"- ","- ",37.526271820068359,-122.05564880371094,ALAMEDA,NEWARK,-122.05563354492188,37.526264190673828
9579885,2023,2023-06-08,0100,2023-05-15,1651,2254,DUBLI,1,5,4,0198,0,0,0,,0,074,"POSITANO PKWY","VINTON AV",0.00,,Y,A,-,N,,,,,,,,,,N,4,0,1,2,A,-,03,22350,,N,C,C,A,A,H,-,A,A,0,,,,,Y,Y,A,01,0,0,1,0,0,0,0,0,0,"- ","- ",32.516201019287109,-114.99141693115234,ALAMEDA,DUBLIN,,
9580537,2023,2023-06-16,0109,2023-02-11,1404,9786,1,6,5,7,0109,0,0,0,,0,14X,"PERKINS ST","BELLEVUE BL",20.00,W,N,A,-,N,,,,,,,,,,N,4,0,2,2,A,-,08,22107,,N,B,C,A,A,H,-,A,D,0,,,,,Y,Y,A,07,0,0,2,0,0,0,0,0,0,"- ","- ",,,ALAMEDA,OAKLAND,-122.25597381591797,37.807533264160156
9581255,2023,2023-06-27,0111,2023-06-03,1315,354,,6,5,5,0111,0,0,0,,0,005,"1ST ST","KOTTINGER DR",253.00,S,N,A,-,N,,,,,,,,,,N,3,0,1,2,A,-,03,22350,1,F,C,C,A,A,H,-,A,D,0,,,,,Y,,A,07,0,1,0,0,0,0,0,0,0,"- ","- ",,,ALAMEDA,PLEASANTON,-121.87174224853516,37.661453247070312
9581661,2023,2023-07-13,0113,2023-06-16,2051,4503,R104,5,5,5,0113,0,0,0,,0,0P4,"ITHACA ST","WHIPPLE RD",0.00,,Y,A,-,N,,,,,,,,,,N,4,0,1,2,A,-,10,21950,A,F,D,-,A,A,H,-,B,A,0,,Y,,,Y,,A,01,0,0,1,0,0,0,1,0,0,"- ","- ",,,ALAMEDA,"UNION CITY",,
9581701,2023,2023-06-30,0113,2023-05-11,1412,4823,R141,4,5,5,0113,0,0,0,,0,005,"UNION CITY BL","HORNER ST",0.00,,Y,A,-,N,,,,,,,,,,Y,2,0,1,2,A,-,12,21453,A,N,D,G,A,A,H,-,A,A,0,,Y,,,Y,,A,01,1,0,0,0,0,0,1,0,0,"- ","- ",,,ALAMEDA,"UNION CITY",,
9581703,2023,2023-07-11,0113,2023-05-18,1844,4823,C172,4,5,5,0113,0,0,0,,0,004,"ALVARADO-NILES RD","RT 880",75.00,E,N,A,-,Y,ALA,4,880,,-,12.851,R,4,N,N,3,0,1,2,A,-,03,22350,,N,F,A,A,A,H,-,A,D,0,,,Y,,Y,,C,02,0,1,0,0,0,0,0,0,1,"- ",NF,,,ALAMEDA,"UNION CITY",-122.05907440185547,37.596309661865234
9581704,2023,2023-07-20,0113,2023-05-26,1004,4823,R122,5,5,5,0113,0,0,0,,0,005,"ALVARADO NILES RD","RT 880",0.00,,Y,A,-,Y,ALA,4,880,-,-,13.235,R,4,S,Y,4,0,2,2,A,-,12,21453,A,N,D,C,A,A,H,-,A,A,0,,,,,Y,,A,01,0,0,2,0,0,0,0,0,0,"- ",SF,,,ALAMEDA,"UNION CITY",-122.06279754638672,37.601093292236328
9582016,2023,2023-05-25,0109,2023-04-03,1500,8198,1,1,5,7,0109,0,0,0,,0,10X,"54TH ST","SAN PABLO AV",0.00,,Y,A,-,N,,,,,,,,,,N,3,0,1,2,A,-,09,21802,A,N,G,G,A,A,H,-,A,A,0,,Y,,,Y,,A,07,0,1,0,0,0,0,1,0,0,"- ","- ",,,ALAMEDA,OAKLAND,,
9582019,2023,2023-05-31,0109,2023-04-16,1558,9892,1,7,5,7,0109,0,0,0,,0,06X,"33RD ST","SAN PABLO AV",0.00,,Y,A,-,N,,,,,,,,,,N,2,0,2,2,A,-,08,22107,,N,C,G,A,A,H,-,A,A,0,,Y,Y,,Y,,-,"- ",1,0,1,0,0,0,1,0,1,"- ","- ",,,ALAMEDA,OAKLAND,,
9582020,2023,2023-05-25,0109,2023-04-15,1746,9892,1,6,5,7,0109,0,0,0,,0,08X,"GRAND AV",BROADWAY,0.00,,Y,-,-,N,,,,,,,,,,Y,4,0,2,2,A,-,09,21801,A,N,D,C,A,A,H,-,A,A,0,,,,,Y,,A,01,0,0,2,0,0,0,0,0,0,"- ","- ",,,ALAMEDA,OAKLAND,,
9582313,2023,2023-05-26,0109,2023-04-15,1948,9933,2,6,5,7,0109,0,0,0,,0,27X,"45TH AV","BANCROFT AV",0.00,,Y,A,-,N,,,,,,,,,,N,4,0,1,3,A,-,09,21802,A,N,D,C,A,A,H,-,A,A,0,,,,,Y,,A,01,0,0,1,0,0,0,0,0,0,"- ","- ",,,ALAMEDA,OAKLAND,,
9582315,2023,2023-05-26,0109,2023-04-23,"113 ",9933,2,7,5,7,0109,0,0,0,,0,34X,"90TH AV","PLYMOUTH ST",0.00,,Y,A,-,N,,,,,,,,,,N,4,0,2,2,A,-,12,22450,A,M,A,C,A,A,H,-,C,A,0,,,,,Y,,A,01,0,0,2,0,0,0,0,0,0,"- ","- ",,,ALAMEDA,OAKLAND,,
9582317,2023,2023-05-26,0109,2023-04-14,2303,9960,2,5,5,7,0109,0,0,0,,0,26Y,"73RD AV","INTERNATIONAL BL",0.00,,Y,A,-,N,,,,,,,,,,N,4,0,1,2,A,-,10,21950,A,M,G,B,B,A,H,-,C,A,0,Y,,,,Y,,A,08,0,0,1,0,1,0,0,0,0,"- ","- ",,,ALAMEDA,OAKLAND,,
9582320,2023,2023-05-26,0109,2023-04-15,2254,9963,2,6,5,7,0109,0,0,0,,0,31Y,"SAN LEANDRO ST","STONE ST",100.00,E,N,A,-,N,,,,,,,,,,N,4,0,1,2,A,-,08,22107,,M,A,C,A,A,H,-,C,D,0,,,,,Y,,A,01,0,0,1,0,0,0,0,0,0,"- ","- ",,,ALAMEDA,OAKLAND,-122.17713928222656,37.736942291259766
9582341,2023,2023-05-30,0109,2023-03-27,"921 ",9149,1,1,5,7,0109,0,0,0,,0,13Y,"GRIZZLY PEAK BL","LOMAS CONTADAS RD",1000.00,E,N,A,-,N,,,,,,,,,,N,3,0,2,1,A,-,03,22350,,N,F,A,A,A,H,-,A,D,0,,,,,Y,,A,01,0,1,1,0,0,0,0,0,0,"- ","- ",,,ALAMEDA,OAKLAND,-122.22043609619141,37.877098083496094
9582403,2023,2023-06-08,0109,2023-05-01,"848 ",9377,2,1,5,7,0109,0,0,0,,0,29X,"MACARTHUR BL","66TH AV",6.00,W,N,B,-,N,,,,,,,,,,N,4,0,1,3,A,-,03,22350,,N,C,C,A,A,H,-,A,D,0,,,,,Y,,A,07,0,0,1,0,0,0,0,0,0,"- ","- ",,,ALAMEDA,OAKLAND,-122.17795562744141,37.772590637207031
9582511,2023,2023-07-05,0100,2023-05-22,1109,2254,DUBLI,1,5,4,0198,0,0,0,,0,072,"DOUGHERTY RD","TRALEE VILLAGE DR",0.00,,Y,A,-,N,,,,,,,,,,,4,0,1,2,A,-,12,22450,A,N,D,G,A,A,H,-,A,D,0,,Y,,,Y,,A,01,0,0,1,0,0,0,1,0,0,"- ","- ",,,ALAMEDA,DUBLIN,,
9582562,2023,2023-06-23,0109,2023-05-10,1320,9381,2,3,5,7,0109,0,0,0,,0,26X,"SAN LEANDRO ST","SEMINARY AV",0.00,,Y,B,-,N,,,,,,,,,,N,4,0,1,2,A,-,05,21460,A,M,D,C,A,A,H,-,A,A,0,,,,,Y,,A,01,0,0,1,0,0,0,0,0,0,"- ","- ",,,ALAMEDA,OAKLAND,,
9582662,2023,2023-06-06,0109,2023-05-10,1038,8217,1,3,5,7,0109,0,0,0,,0,01X,"WASHINGTON ST","4TH ST",0.00,,Y,A,-,N,,,,,,,,,,Y,4,0,2,2,A,-,12,22450,A,M,D,C,A,A,H,-,A,A,0,,,,,Y,,A,07,0,0,2,0,0,0,0,0,0,"- ","- ",,,ALAMEDA,OAKLAND,,
9582675,2023,2023-06-08,0109,2023-04-26,"118 ",9476,2,3,5,7,0109,0,0,0,,0,32X,"104TH AV","GRAFFIAN ST",0.00,,Y,A,-,N,,,,,,,,,,Y,4,0,2,2,A,-,12,22450,A,N,D,C,A,A,H,-,C,A,0,,,,,Y,,A,01,0,0,2,0,0,0,0,0,0,"- ","- ",,,ALAMEDA,OAKLAND,,
9582677,2023,2023-06-12,0109,2023-04-08,2136,10033,1,6,5,7,0109,0,0,0,,0,19X,EMBARCADERO,"16TH AV",50.00,W,N,A,-,N,,,,,,,,,,N,4,0,1,1,A,-,03,22350,,N,H,I,A,A,H,-,C,D,0,,,Y,,Y,,C,02,0,0,1,0,0,0,0,0,1,"- ","- ",,,ALAMEDA,OAKLAND,-122.24330902099609,37.784214019775391
9582679,2023,2023-06-08,0109,2023-04-25,"818 ",9490,1,2,5,7,0109,0,0,0,,0,17X,"PARK BL",CLEVELAND,100.00,N,N,A,-,N,,,,,,,,,,N,2,0,2,2,A,-,09,21804,A,N,D,C,A,A,H,-,A,D,0,,,Y,,Y,,A,01,1,0,1,0,0,0,0,0,2,"- ","- ",,,ALAMEDA,OAKLAND,-122.23947143554688,37.802627563476562
9582681,2023,2023-06-08,0109,2023-04-18,1957,9353,2,2,5,7,0109,0,0,0,,0,34X,"96TH AV","INTERNATIONAL BL",0.00,,Y,A,-,N,,,,,,,,,,N,4,0,1,3,A,-,09,21801,A,M,D,C,A,A,H,-,C,A,0,,,,,Y,,A,01,0,0,1,0,0,0,0,0,0,"- ","- ",,,ALAMEDA,OAKLAND,,
9582682,2023,2023-06-08,0109,2023-04-20,1645,9371,2,4,5,7,0109,0,0,0,,0,23X,"HIGH ST","E 12TH ST",0.00,,Y,A,-,N,,,,,,,,,,N,4,0,1,2,A,-,09,21802,A,N,B,C,A,A,H,-,A,A,0,,,Y,,Y,,C,02,0,0,1,0,0,0,0,0,1,"- ","- ",,,ALAMEDA,OAKLAND,,
9582685,2023,2023-06-27,0100,2023-04-29,1451,2255,DUBLI,6,5,4,0198,0,0,0,,0,073,"TASSAJARA RD","PALISADES DR",1451.00,N,N,A,-,N,,,,,,,,,,N,4,0,1,2,A,-,03,22350,,N,B,C,A,A,H,-,A,D,0,,,Y,,Y,,C,02,0,0,1,0,0,0,0,0,1,"- ","- ",,,ALAMEDA,DUBLIN,-121.87076568603516,37.739997863769531
9582697,2023,2023-06-23,0109,2023-03-08,"25  ",10037,2,3,5,7,0109,0,0,0,,0,30X,"78TH AV","WELD ST",0.00,,Y,B,-,N,,,,,,,,,,N,3,0,1,2,A,-,12,22450,A,M,A,C,A,A,H,-,A,A,0,,,,,Y,,A,01,0,1,0,0,0,0,0,0,0,"- ","- ",,,ALAMEDA,OAKLAND,,
9582705,2023,2023-06-23,0109,2023-03-22,1832,8742,1,3,5,7,0109,0,0,0,,0,19X,"E 10TH ST","4TH AV",0.00,,Y,A,-,N,,,,,,,,,,Y,4,0,1,2,A,-,05,21752,,M,D,C,A,A,H,-,A,A,0,,,,,Y,,A,01,0,0,1,0,0,0,0,0,0,"- ","- ",,,ALAMEDA,OAKLAND,,
9582707,2023,2023-06-23,0109,2023-03-24,"517 ",9809,2,5,5,7,0109,0,0,0,,0,31X,"EDGEWATER DR","ROLAND WY",0.00,,Y,A,-,N,,,,,,,,,,N,4,0,1,2,A,-,09,21802,A,N,D,C,A,A,H,-,C,D,0,,,,,Y,,A,01,0,0,1,0,0,0,0,0,0,"- ","- ",,,ALAMEDA,OAKLAND,,
9582708,2023,2023-06-23,0109,2023-03-23,1204,10035,1,4,5,7,0109,0,0,0,,0,,BROADWAY,"42ND ST",100.00,S,N,A,-,N,,,,,,,,,,N,3,0,1,2,A,-,03,22350,,F,G,B,D,A,H,-,A,A,0,Y,,,,Y,,N,60,0,1,0,0,1,0,0,0,0,"- ","- ",,,ALAMEDA,OAKLAND,-122.25453948974609,37.83099365234375
9582825,2023,2023-06-21,0109,2023-05-18,1112,9732,1,4,5,7,0109,0,0,0,,0,02Y,"8TH ST","CENTER ST",0.00,,Y,A,-,N,,,,,,,,,,N,4,0,1,2,A,-,12,21453,A,M,D,C,A,A,H,-,A,D,0,,,Y,,Y,,C,02,0,0,1,0,0,0,0,0,0,"- ","- ",,,ALAMEDA,OAKLAND,,
9582827,2023,2023-06-21,0109,2023-05-24,2206,8585,2,3,5,7,0109,0,0,0,,0,27X,"INTERNATIONAL BL","52ND AV",0.00,,Y,A,-,N,,,,,,,,,,N,4,0,1,2,A,-,12,21453,A,M,D,C,A,A,H,-,C,A,0,,,,,Y,,A,01,0,0,1,0,0,0,0,0,0,"- ","- ",,,ALAMEDA,OAKLAND,,
9582830,2023,2023-06-21,0109,2023-05-12,2148,9917,2,5,5,7,0109,0,0,0,,0,31Z,"SAN LEANDRO ST","100TH AV",200.00,W,N,A,-,N,,,,,,,,,,N,4,0,1,2,A,-,08,22107,,M,D,C,A,A,-,-,C,D,0,,,,,Y,,A,01,0,0,1,0,0,0,0,0,0,"- ","- ",,,ALAMEDA,OAKLAND,-122.178955078125,37.738513946533203
9582832,2023,2023-06-21,0109,2023-05-09,1643,9795,1,2,5,7,0109,0,0,0,,0,13Y,"THORNHILL DR","MORAGA AV",50.00,S,N,A,-,N,,,,,,,,,,N,4,0,1,2,A,-,03,22350,,N,H,G,A,A,H,-,A,A,0,,Y,,,Y,,L,04,0,0,1,0,0,0,1,0,0,"- ","- ",,,ALAMEDA,OAKLAND,-122.21527099609375,37.831470489501953
9582834,2023,2023-06-21,0109,2023-05-10,"930 ",9742,2,3,5,7,0109,0,0,0,,0,23X,"INTERNATIONAL BL","38TH AV",0.00,,Y,B,-,N,,,,,,,,,,N,4,0,1,2,A,-,09,21801,A,N,D,C,A,A,H,-,A,A,0,,,,,Y,,A,01,0,0,1,0,0,0,0,0,0,"- ","- ",,,ALAMEDA,OAKLAND,,
9582835,2023,2023-06-21,0109,2023-05-16,1801,8742,1,2,5,7,0109,0,0,0,,0,14X,"GRAND AV","PARK VIEW TER",10.00,E,N,A,-,N,,,,,,,,,,N,4,0,1,2,A,-,17,22517,,M,H,G,A,A,H,-,A,A,0,,Y,,,Y,,A,01,0,0,1,0,0,0,0,0,0,"- ","- ",,,ALAMEDA,OAKLAND,-122.25936889648438,37.809795379638672
9582839,2023,2023-06-21,0109,2023-05-19,1244,9958,2,5,5,7,0109,0,0,0,,0,27X,"FOOTHILL BL","HIGH ST",0.00,,Y,A,-,N,,,,,,,,,,N,4,0,1,2,A,-,08,22107,,M,D,C,A,A,H,-,A,A,0,,,,,Y,,A,01,0,0,1,0,0,0,0,0,0,"- ","- ",,,ALAMEDA,OAKLAND,,
9582840,2023,2023-06-21,0109,2023-05-19,1900,9682,2,5,5,7,0109,0,0,0,,0,27X,"INTERNATIONAL BL","60TH AV",0.00,,Y,A,-,N,,,,,,,,,,N,4,0,1,2,A,-,08,22101,D,N,A,C,A,A,H,-,A,D,0,,,,,Y,,A,01,0,0,1,0,0,0,0,0,0,"- ","- ",,,ALAMEDA,OAKLAND,,
9583026,2023,2023-06-16,0109,2023-04-02,1423,9933,2,7,5,7,0109,0,0,0,,0,26X,"SAN LEANDRO AV","66TH AV",0.00,,Y,A,-,N,,,,,,,,,,N,4,0,1,2,A,-,09,21802,A,N,A,G,A,A,H,-,A,A,0,,Y,,,Y,,A,01,0,0,1,0,0,0,1,0,0,"- ","- ",,,ALAMEDA,OAKLAND,,
9583047,2023,2023-06-09,0109,2023-03-20,1705,9904,2,1,5,7,0109,0,0,0,,0,34X,"84TH AV","BIRCH ST",0.00,,Y,A,-,N,,,,,,,,,,N,4,0,1,4,A,-,12,22450,A,N,B,C,A,A,H,-,A,A,0,,,,,Y,,D,23,0,0,1,0,0,0,0,0,0,"- ","- ",,,ALAMEDA,OAKLAND,,
9583083,2023,2023-06-07,0109,2023-05-07,1246,10045,1,7,5,7,0109,0,0,0,,0,14Y,"SANTA CLARA AV","JEAN ST",0.00,,Y,A,-,N,,,,,,,,,,N,4,0,1,2,D,-,00,,,N,D,G,A,A,H,-,A,D,0,,Y,,,Y,,-,"- ",0,0,1,0,0,0,1,0,0,"- ","- ",,,ALAMEDA,OAKLAND,,
9583106,2023,2023-06-15,0109,2023-05-09,1736,9982,1,2,5,7,0109,0,0,0,,0,05Y,"W GRAND AV","FRONTAGE RD",20.00,W,N,C,-,N,,,,,,,,,,N,2,0,1,2,A,-,01,23152,A,N,C,C,A,B,H,-,A,A,0,,,,Y,Y,Y,A,01,1,0,0,0,0,0,0,0,0,"- ","- ",,,ALAMEDA,OAKLAND,-122.29416656494141,37.819141387939453
9583118,2023,2023-06-12,0109,2023-02-12,1205,9501,1,7,5,7,0109,0,0,0,,0,19X,"E 12TH ST","12TH AV",0.00,,Y,A,-,N,,,,,,,,,,N,4,0,1,4,A,-,09,21802,A,N,D,C,A,A,H,-,A,A,0,,,,,Y,,A,01,0,0,1,0,0,0,0,0,0,"- ","- ",,,ALAMEDA,OAKLAND,,
9583635,2023,2023-07-21,0100,2023-06-18,1835,2460,DUBLI,7,5,4,0198,0,0,0,,0,073,"TASSAJARA RD","SILVERA RNACH DR",0.00,,Y,A,-,N,,,,,,,,,,Y,3,0,2,3,A,-,01,23152,A,N,C,C,A,A,H,-,A,A,0,,,,,Y,Y,A,01,0,1,1,0,0,0,0,0,0,"- ","- ",37.730491638183594,-121.87104797363281,ALAMEDA,DUBLIN,,
9583652,2023,2023-08-02,0112,2023-07-03,1145,289,,1,5,5,0112,0,0,0,,0,002,"RT 185","WAREN AV",90.00,N,N,A,-,Y,ALA,4,185,-,-,5.150,H,-,N,N,4,0,1,2,A,-,03,22350,,N,C,C,A,A,H,-,A,A,0,,,,,Y,,D,22,0,0,1,0,0,0,0,0,0,"- ","- ",,,ALAMEDA,"SAN LEANDRO",-122.14923095703125,37.720054626464844
9583672,2023,2023-07-21,0112,2023-06-17,1909,404,,6,5,5,0112,0,0,0,,0,006,"BURKHART AV","BURKHART AV 1821",0.00,,-,A,-,N,,,,,,,,,,Y,4,0,2,2,A,-,08,22107,,N,D,C,A,A,H,-,A,D,0,,,,,Y,,-,,0,0,2,0,0,0,0,0,0,"- ","- ",37.684238433837891,-122.15780639648438,ALAMEDA,"SAN LEANDRO",,
9583878,2023,2023-08-14,0103,2023-06-24,"908 ",73,37,6,5,6,0103,0,0,0,,0,007,ASHBY,PIEDMONT,0.00,,Y,A,-,Y,ALA,4,13,-,-,11.110,I,5,N,N,4,0,1,2,A,-,06,21755,,N,B,C,A,A,H,-,A,D,0,,,,Y,Y,,A,01,0,0,1,0,0,0,0,0,0,"- ","- ",37.857719421386719,-122.25068664550781,ALAMEDA,BERKELEY,-122.25074768066406,37.857749938964844
9583879,2023,2023-08-03,0103,2023-06-21,1712,122,,3,5,6,0103,0,0,0,,0,001,OXFORD,VIRGINIA,0.00,,Y,A,-,N,,,,,,,,,,N,3,0,1,2,A,-,03,22350,,N,C,C,A,A,H,-,A,D,0,,,,,Y,,D,22,0,1,0,0,0,0,0,0,0,"- ","- ",37.876350402832031,-122.26627349853516,ALAMEDA,BERKELEY,,
9583882,2023,2023-08-14,0103,2023-06-14,"947 ",112,,3,5,6,0103,0,0,0,,0,013,"RT 123","CAMELIA ST",120.00,N,N,A,-,Y,ALA,4,123,-,-,3.870,H,-,S,N,4,0,1,2,A,-,09,21802,A,N,B,C,A,A,-,-,A,A,0,,,,,Y,,D,22,0,0,1,0,0,0,0,0,0,"- ","- ",37.878738403320312,-122.29524230957031,ALAMEDA,BERKELEY,-122.29541778564453,37.87896728515625