CASE_ID,ACCIDENT_YEAR,PROC_DATE,JURIS,COLLISION_DATE,COLLISION_TIME,OFFICER_ID,REPORTING_DISTRICT,DAY_OF_WEEK,CHP_SHIFT,POPULATION,CNTY_CITY_LOC,SPECIAL_COND,BEAT_TYPE,CHP_BEAT_TYPE,CITY_DIVISION_LAPD,CHP_BEAT_CLASS,BEAT_NUMBER,PRIMARY_RD,SECONDARY_RD,DISTANCE,DIRECTION,INTERSECTION,WEATHER_1,WEATHER_2,STATE_HWY_IND,CALTRANS_COUNTY,CALTRANS_DISTRICT,STATE_ROUTE,ROUTE_SUFFIX,POSTMILE_PREFIX,POSTMILE,LOCATION_TYPE,RAMP_INTERSECTION,SIDE_OF_HWY,TOW_AWAY,COLLISION_SEVERITY,NUMBER_KILLED,NUMBER_INJURED,PARTY_COUNT,PRIMARY_COLL_FACTOR,PCF_CODE_OF_VIOL,PCF_VIOL_CATEGORY,PCF_VIOLATION,PCF_VIOL_SUBSECTION,HIT_AND_RUN,TYPE_OF_COLLISION,MVIW,PED_ACTION,ROAD_SURFACE,ROAD_COND_1,ROAD_COND_2,LIGHTING,CONTROL_DEVICE,CHP_ROAD_TYPE,PEDESTRIAN_ACCIDENT,BICYCLE_ACCIDENT,MOTORCYCLE_ACCIDENT,TRUCK_ACCIDENT,NOT_PRIVATE_PROPERTY,ALCOHOL_INVOLVED,STWD_VEHTYPE_AT_FAULT,CHP_VEHTYPE_AT_FAULT,COUNT_SEVERE_INJ,COUNT_VISIBLE_INJ,COUNT_COMPLAINT_PAIN,COUNT_PED_KILLED,COUNT_PED_INJURED,COUNT_BICYCLIST_KILLED,COUNT_BICYCLIST_INJURED,COUNT_MC_KILLED,COUNT_MC_INJURED,PRIMARY_RAMP,SECONDARY_RAMP,LATITUDE,LONGITUDE,COUNTY,CITY,POINT_X,POINT_Y
9639501,2023,2024-01-24,0112,2023-10-30,"830 ",289,,1,5,5,0112,0,0,0,,0,002,"GABRIEL CT","BENEDICT DR",0.00,,Y,A,-,N,,,,,,,,,,N,3,0,1,2,A,-,10,21950,A,N,G,B,B,A,H,-,A,D,0,Y,,,,Y,,-,,0,1,0,0,1,0,0,0,0,"- ","- ",,,ALAMEDA,"SAN LEANDRO",,
9639505,2023,2024-01-24,0112,2023-10-26,1901,368,,4,5,5,0112,0,0,0,,0,003,"WASHINGTON AV","SAN LEANDRO BL",0.00,,Y,A,-,N,,,,,,,,,,Y,4,0,1,2,A,-,12,21453,A,F,D,C,A,A,H,-,A,A,0,,,,,Y,,-,,0,0,1,0,0,0,0,0,0,"- ","- ",,,ALAMEDA,"SAN LEANDRO",,
9639507,2023,2024-01-24,0112,2023-10-30,1705,289,,1,5,5,0112,0,0,0,,0,001,"BANCROFT AV","VICTORIA CIR",0.00,,Y,A,-,N,,,,,,,,,,N,4,0,1,2,A,-,09,21802,A,N,D,C,A,A,H,-,A,D,0,,,,,Y,,-,,0,0,1,0,0,0,0,0,0,"- ","- ",,,ALAMEDA,"SAN LEANDRO",,
9639563,2023,2023-11-22,0109,2023-09-17,2140,9839,2,7,5,7,0109,0,0,0,,0,23X,"40TH AV","FOOTHILL BL",80.00,S,N,A,-,N,,,,,,,,,,N,4,0,1,4,A,-,08,22107,,N,B,E,A,A,H,-,C,D,0,,,,,Y,,A,01,0,0,1,0,0,0,0,0,0,"- ","- ",,,ALAMEDA,OAKLAND,-122.21549987792969,37.777645111083984
9639716,2023,2023-11-20,0109,2023-10-06,1419,9742,2,5,5,7,0109,0,0,0,,0,30X,"BRANN ST","64TH AV",70.00,E,N,A,-,N,,,,,,,,,,Y,4,0,1,1,A,-,08,22107,,M,A,I,A,A,H,-,A,D,0,,,,,Y,,A,01,0,0,1,0,0,0,0,0,0,"- ","- ",,,ALAMEDA,OAKLAND,-122.18309783935547,37.771453857421875
9639810,2023,2023-11-29,0109,2023-08-07,"32  ",9960,2,1,5,7,0109,0,0,0,,0,31Y,"SAN LEANDRO ST","75TH AV",0.00,,Y,A,-,N,,,,,,,,,,N,4,0,1,2,A,-,01,23152,A,M,D,C,A,A,H,-,C,A,0,,,,,Y,Y,A,07,0,0,1,0,0,0,0,0,0,"- ","- ",,,ALAMEDA,OAKLAND,,
9639812,2023,2023-11-29,0109,2023-08-20,"256 ",9969,1,7,5,7,0109,0,0,0,,0,18X,"E 21ST ST","20TH AV",20.00,E,N,A,-,N,,,,,,,,,,N,3,0,1,3,A,-,08,22107,,N,H,E,A,A,H,-,C,D,0,,,,,Y,,A,01,0,1,0,0,0,0,0,0,0,EO,"- ",,,ALAMEDA,OAKLAND,-122.23516082763672,37.790798187255859
9639814,2023,2023-11-29,0109,2023-08-19,1341,9958,2,6,5,7,0109,0,0,0,,0,23X,"FRUITVALE AV","E 16TH ST",100.00,S,N,A,-,N,,,,,,,,,,N,4,0,1,2,A,-,08,22107,,N,D,C,A,A,H,-,A,D,0,,,,,Y,,A,01,0,0,1,0,0,0,0,0,0,"- ","- ",,,ALAMEDA,OAKLAND,-122.22486877441406,37.779537200927734
9639817,2023,2023-11-29,0109,2023-08-03,1715,10114,2,4,5,7,0109,0,0,0,,0,20X,"INTERNATIONAL BL","MILLER AV",5.00,W,N,A,-,N,,,,,,,,,,Y,4,0,1,3,A,-,03,22350,,N,C,C,A,A,H,-,A,A,0,,,,,Y,,A,01,0,0,1,0,0,0,0,0,0,"- ","- ",,,ALAMEDA,OAKLAND,-122.23486328125,37.782756805419922
9639819,2023,2023-11-29,0109,2023-08-20,1225,9923,2,7,5,7,0109,0,0,0,,0,26X,"INTERNATIONAL BL","62ND AV",20.00,E,N,A,-,N,,,,,,,,,,N,4,0,1,2,A,-,00,21655,A,N,D,C,A,A,H,-,A,A,0,,,,,Y,,A,01,0,0,1,0,0,0,0,0,0,"- ","- ",,,ALAMEDA,OAKLAND,-122.19712066650391,37.763961791992188
9639820,2023,2023-11-29,0109,2023-08-21,"803 ",9958,2,1,5,7,0109,0,0,0,,0,32X,"98TH AV","MEDFORD AV",0.00,,Y,A,-,N,,,,,,,,,,N,4,0,2,2,D,-,00,,,N,D,C,A,A,H,-,A,A,0,,,,,Y,,-,"- ",0,0,2,0,0,0,0,0,0,"- ","- ",,,ALAMEDA,OAKLAND,,
9639822,2023,2023-11-29,0109,2023-08-19,1358,9915,1,6,5,7,0109,0,0,0,,0,19X,"22ND AV","FOOTHILL BL",0.00,,Y,A,-,N,,,,,,,,,,Y,4,0,1,2,A,-,12,21453,A,M,D,C,A,A,H,-,A,A,0,,,,,Y,,-,99,0,0,1,0,0,0,0,0,0,"- ","- ",,,ALAMEDA,OAKLAND,,
9639866,2023,2023-11-21,0109,2023-09-27,1031,9119,1,3,5,7,0109,0,0,0,,0,03Y,"12TH ST","MARTIN LUTHER KING JR WY",0.00,,Y,A,-,N,,,,,,,,,,Y,4,0,1,2,A,-,12,21453,A,N,D,C,A,A,H,-,A,A,0,,,,,Y,,A,01,0,0,1,0,0,0,0,0,0,"- ","- ",,,ALAMEDA,OAKLAND,,
9639907,2023,2023-11-21,0109,2023-07-30,1601,10022,2,7,5,7,0109,0,0,0,,0,34X,"HOLLY ST","83RD AV",15.00,E,N,A,-,N,,,,,,,,,,N,2,0,1,2,A,-,05,21650,1,N,H,G,A,A,H,-,A,C,0,,Y,,,Y,,L,04,1,0,0,0,0,0,1,0,0,"- ","- ",,,ALAMEDA,OAKLAND,-122.17687225341797,37.755886077880859
9640051,2022,2023-11-30,0109,2022-09-03,1212,9570,1,6,5,7,0109,0,0,0,,0,19X,"DENNISON ST",EMBARCADERO,315.00,N,N,A,-,N,,,,,,,,,,Y,1,1,2,2,A,-,01,23152,F,N,C,E,A,A,H,-,A,D,0,,,,Y,Y,,A,01,0,2,0,0,0,0,0,0,0,"- ","- ",,,ALAMEDA,OAKLAND,-122.24148559570312,37.779434204101562
9640063,2023,2023-12-04,0109,2023-07-01,1457,8463,2,6,5,7,0109,0,0,0,,0,34X,"90TH AV","PLYMOUTH AV",0.00,,Y,A,-,N,,,,,,,,,,Y,1,1,0,2,A,-,01,23152,F,N,D,C,A,A,A,-,A,A,0,,,Y,,Y,Y,C,02,0,0,0,0,0,0,0,1,0,"- ","- ",,,ALAMEDA,OAKLAND,,
9640081,2023,2024-02-07,0109,2023-03-08,1213,8259,1,3,5,7,0109,0,0,0,,0,13X,"BUENA VISTA AV","ACACIA AV",300.00,E,N,A,-,N,,,,,,,,,,Y,1,1,0,1,A,-,01,23152,E,N,E,I,A,A,H,-,A,D,0,,,,,Y,,A,01,0,0,0,0,0,0,0,0,0,"- ","- ",,,ALAMEDA,OAKLAND,-122.23461151123047,37.845840454101562
9640097,2023,2024-01-08,0113,2023-03-23,2133,4844,R125,4,5,5,0113,0,0,0,,0,005,"DYER ST","SAN MARCO WY",72.00,N,N,C,-,N,,,,,,,,,,N,1,1,0,2,A,-,11,21954,A,N,G,B,D,B,H,-,C,D,0,Y,,,,Y,,A,01,0,0,0,1,0,0,0,0,0,"- ","- ",,,ALAMEDA,"UNION CITY",-122.06978607177734,37.594398498535156
9640099,2023,2024-01-08,0113,2023-08-15,1437,3412,I141,2,5,5,0113,0,0,0,,0,004,"WHIPPLE RD","LISTON WY",863.00,E,N,A,-,N,,,,,,,,,,Y,1,1,1,2,A,-,17,21209,A,N,D,C,A,A,H,-,A,A,0,,,Y,,Y,,C,02,0,0,1,0,0,0,0,1,1,"- ","- ",,,ALAMEDA,"UNION CITY",-122.0472412109375,37.606021881103516
9640116,2022,2024-01-09,0109,2022-09-16,1552,8483,1,5,5,7,0109,0,0,0,,0,08X,"24TH ST","NORTHGATE AV",0.00,,Y,A,-,N,,,,,,,,,,Y,1,1,0,2,A,-,01,23152,F,N,E,I,A,A,H,-,A,A,0,,,Y,,Y,,C,02,0,0,0,0,0,0,0,1,0,"- ","- ",,,ALAMEDA,OAKLAND,-122.27059936523438,37.813796997070312
9640154,2022,2024-01-03,0109,2022-12-24,2300,8483,1,6,5,7,0109,0,0,0,,0,04X,"SAN PABLO AV","MARTIN LUTHER KING JR WY",162.00,N,N,A,-,N,,,,,,,,,,N,1,1,0,2,D,-,00,,,F,F,B,D,A,H,-,C,A,0,Y,,,,Y,Y,-,"- ",0,0,0,1,0,0,0,0,0,"- ","- ",,,ALAMEDA,OAKLAND,-122.27365875244141,37.811981201171875
9640206,2023,2024-04-03,0113,2023-11-09,1203,4823,C271,4,5,5,0113,0,0,0,,0,005,"DYER ST","COURTHOUSE DR",45.00,S,N,A,-,N,,,,,,,,,,Y,2,0,2,2,A,-,11,21954,A,N,G,B,D,A,H,-,A,A,0,Y,,,,Y,,N,60,1,1,0,0,1,0,0,0,0,"- ","- ",,,ALAMEDA,"UNION CITY",-122.06971740722656,37.602718353271484
9640218,2023,2024-02-28,0109,2023-09-26,"730 ",9372,2,2,5,7,0109,0,0,0,,0,29X,"SEMINARY AV","OUTLOOK AV",99.00,N,N,A,-,N,,,,,,,,,,N,1,1,0,2,A,-,08,22107,,N,G,B,E,B,H,-,A,A,0,Y,,,,Y,,D,22,0,0,0,1,0,0,0,0,0,"- ","- ",,,ALAMEDA,OAKLAND,-122.18032836914062,37.779804229736328
9640245,2023,2024-03-06,0109,2023-09-24,"954 ",9372,2,7,5,7,0109,0,0,0,,0,30X,"73RD AV","HOLLADAY CT",0.00,,Y,A,-,N,,,,,,,,,,Y,1,2,2,3,A,-,01,23152,F,F,D,C,A,A,H,-,A,A,0,,,,,Y,,A,01,2,0,0,0,0,0,0,0,0,"- ","- ",,,ALAMEDA,OAKLAND,,
9640274,2023,2024-03-12,0109,2023-12-13,1043,8483,2,3,5,7,0109,0,0,0,,0,06X,"16TH ST","MANDELA PKWY",0.00,,Y,A,-,N,,,,,,,,,,Y,1,1,2,4,A,-,01,23152,F,N,B,C,A,A,H,-,A,A,0,,,,,Y,,A,01,1,1,0,0,0,0,0,0,0,"- ","- ",,,ALAMEDA,OAKLAND,,
9640308,2023,2024-04-10,0106,2023-02-19,1928,405,,7,5,6,0106,0,0,0,,0,00D,"WEST WINTON AV","CLAWITER RD",0.00,,Y,A,-,N,,,,,,,,,,Y,1,1,1,2,A,-,01,23153,A,F,D,C,A,A,H,-,C,A,0,,,,,Y,Y,A,01,0,0,1,0,0,0,0,0,0,"- ","- ",,,ALAMEDA,HAYWARD,,
9640529,2023,2024-06-05,0112,2023-05-14,"853 ",407,,7,5,5,0112,0,0,0,,0,004,"FAIRWAY DR","AURORA DR",0.00,,Y,A,-,N,,,,,,,,,,Y,1,1,0,1,A,-,08,22107,,N,E,I,A,A,H,-,A,D,0,,,,,Y,,-,,0,0,0,0,0,0,0,0,0,"- ","- ",,,ALAMEDA,"SAN LEANDRO",,
9640531,2023,2024-06-05,0112,2023-10-21,1009,390,,6,5,5,0112,0,0,0,,0,005,"SPRINGLAKE DR","WATERFALL WY",19.00,W,N,A,-,N,,,,,,,,,,N,1,1,0,2,A,-,10,21950,,N,A,B,D,A,H,-,A,D,0,Y,,,,Y,,N,60,0,0,0,1,0,0,0,0,0,"- ","- ",37.692348480224609,-122.13282012939453,ALAMEDA,"SAN LEANDRO",-122.13313293457031,37.692417144775391
9640895,2023,2024-09-17,0106,2023-10-09,2053,301,,1,5,6,0106,0,0,0,,0,00E,"INDUSTRIAL BL","HESPERIAN BL",0.00,,Y,B,-,N,,,,,,,,,,Y,1,1,3,2,A,-,12,21453,A,N,D,C,A,B,H,-,C,A,0,,,,,Y,,D,22,0,3,0,0,0,0,0,0,0,"- ","- ",37.617271423339844,-122.08830261230469,ALAMEDA,HAYWARD,,
9641037,2023,2024-11-04,0109,2023-11-14,1818,9466,2,2,5,7,0109,0,0,0,,0,26X,"INTERNATIONAL BL","58TH AV",7.00,W,N,A,-,N,,,,,,,,,,Y,1,1,0,2,A,-,11,21453,D,N,G,B,B,A,H,-,C,A,0,Y,,,,Y,,N,60,0,0,0,1,0,0,0,0,0,"- ","- ",,,ALAMEDA,OAKLAND,-122.20036315917969,37.765499114990234
9641152,2023,2024-02-23,0103,2023-10-03,"854 ",112,,2,5,6,0103,0,0,0,,0,012,"RT 123","CHANNING WY",0.00,,Y,A,-,Y,ALA,4,123,-,-,2.700,I,5,S,Y,3,0,1,3,A,-,03,22350,,F,C,C,A,-,H,-,A,A,0,,,,,Y,,D,22,0,1,0,0,0,0,0,0,0,"- ","- ",37.862850189208984,-122.29010772705078,ALAMEDA,BERKELEY,-122.29021453857422,37.862869262695312
9641156,2023,2023-12-07,0103,2023-10-03,"935 ",141,,2,5,6,0103,0,0,0,,0,005,"MILVIA ST","CHANNING WY",0.00,,Y,A,-,N,,,,,,,,,,N,3,0,1,2,A,-,12,22450,A,N,D,G,A,A,H,-,A,D,0,,Y,,,Y,,-,"- ",0,1,0,0,0,0,1,0,0,"- ","- ",37.865451812744141,-122.26999664306641,ALAMEDA,BERKELEY,,
9641160,2023,2023-12-07,0103,2023-10-04,1145,94,26,3,5,6,0103,0,0,0,,0,006,BANCROFT,DANA,216.00,W,N,A,-,N,,,,,,,,,,N,3,0,1,2,A,-,08,22107,,N,D,B,E,A,H,-,A,D,0,Y,,,,Y,,D,22,0,1,0,0,1,0,0,0,0,"- ","- ",37.868408203125,-122.26145172119141,ALAMEDA,BERKELEY,-122.26219940185547,37.868339538574219
9641382,2023,2023-12-30,0103,2023-10-21,1710,7,,6,5,6,0103,0,0,0,,0,002,"HEARST AV","CALIFORNIA ST",180.00,W,N,A,-,N,,,,,,,,,,Y,3,0,1,4,A,-,01,23152,A,M,C,E,A,A,H,-,A,D,0,,,,,Y,Y,A,01,0,1,0,0,0,0,0,0,0,"- ","- ",37.872238159179688,-122.28163146972656,ALAMEDA,BERKELEY,-122.28057098388672,37.872352600097656
9641383,2023,2023-12-30,0103,2023-10-29,2133,20,28,7,5,6,0103,0,0,0,,0,006,"DURANT AV","TELEGRAPH AV",0.00,,Y,A,-,N,,,,,,,,,,Y,3,0,2,2,A,-,12,21453,A,N,D,C,A,A,H,-,C,A,0,,,,,Y,,A,01,0,2,0,0,0,0,0,0,0,"- ","- ",37.867809295654297,-122.25897979736328,ALAMEDA,BERKELEY,,
9641386,2023,2023-12-30,0103,2023-10-28,2329,10,32,6,5,6,0103,0,0,0,,0,012,"ADDISON ST","6TH ST",0.00,,Y,A,-,N,,,,,,,,,,N,3,0,1,2,A,-,04,21703,,N,C,C,A,A,H,-,B,D,0,,,,,Y,,A,01,0,1,0,0,0,0,0,0,0,"- ","- ",37.866710662841797,-122.29724884033203,ALAMEDA,BERKELEY,,
9641388,2023,2023-12-30,0103,2023-10-27,"101 ",145,,5,5,6,0103,0,0,0,,0,005,"SHATTUCK AV","DWIGHT WY",0.00,,Y,A,-,N,,,,,,,,,,N,3,0,1,2,A,-,12,21457,A,N,D,C,A,A,H,-,C,A,0,,,,,Y,,A,01,0,1,0,0,0,0,0,0,0,"- ","- ",37.863971710205078,-122.26735687255859,ALAMEDA,BERKELEY,,
9641390,2023,2023-12-30,0103,2023-10-26,1039,110,,4,5,6,0103,0,0,0,,0,009,"ALCATRAZ AV","ADELINE ST",0.00,,Y,A,-,N,,,,,,,,,,N,3,0,1,2,A,-,08,22107,,F,D,G,A,A,H,-,A,A,0,,Y,,,Y,,A,01,0,1,0,0,0,0,1,0,0,"- ","- ",37.848751068115234,-122.27144622802734,ALAMEDA,BERKELEY,,
9641392,2023,2023-12-30,0103,2023-10-25,1010,107,3902,3,5,6,0103,0,0,0,,0,008,"ASHBY AV","COLBY ST",0.00,,Y,A,-,N,,,,,,,,,,Y,3,0,2,2,A,-,09,21801,A,N,D,C,A,A,H,-,A,A,0,,,,,Y,,A,01,0,2,0,0,0,0,0,0,0,"- ","- ",37.856590270996094,-122.25711059570312,ALAMEDA,BERKELEY,,
9641395,2023,2023-12-30,0103,2023-10-19,"900 ",145,,4,5,6,0103,0,0,0,,0,009,"MARTIN LUTHER KING JR WY","STUART ST",95.00,S,N,A,-,N,,,,,,,,,,Y,3,0,1,2,A,-,03,22350,,N,E,E,A,A,H,-,A,D,0,,,,,Y,,A,01,0,1,0,0,0,0,0,0,0,"- ","- ",37.857490539550781,-122.27168273925781,ALAMEDA,BERKELEY,-122.27149200439453,37.857700347900391
9641399,2023,2023-12-30,0103,2023-10-17,1648,122,,2,5,6,0103,0,0,0,,0,001,"ROSE ST","SHATTUCK AV",0.00,,Y,A,-,N,,,,,,,,,,N,3,0,1,2,A,-,17,22517,,N,H,G,A,A,H,-,A,D,0,,Y,,,Y,,A,01,0,1,0,0,0,0,1,0,0,"- ","- ",37.88201904296875,-122.26953887939453,ALAMEDA,BERKELEY,,
9641400,2023,2023-12-30,0103,2023-10-18,"927 ",160,34,3,5,6,0103,0,0,0,,0,009,"ASHBY AV","KING ST",0.00,,Y,A,-,N,,,,,,,,,,N,3,0,1,2,A,-,10,21950,A,F,G,B,B,A,H,-,A,A,0,Y,,,,Y,Y,-,99,0,1,0,0,1,0,0,0,0,"- ","- ",37.853900909423828,-122.27423858642578,ALAMEDA,BERKELEY,,
9641405,2023,2023-12-12,0103,2023-10-10,1640,99,21,2,5,6,0103,0,0,0,,0,013,10TH,DELAWARE,0.00,,Y,B,-,N,,,,,,,,,,N,3,0,1,2,A,-,12,22450,A,N,D,G,A,A,H,-,A,A,0,,Y,,,Y,,L,04,0,1,0,0,0,0,1,0,0,"- ","- ",37.8714599609375,-122.22940826416016,ALAMEDA,BERKELEY,,
9641406,2023,2023-12-12,0103,2023-10-11,1740,61,28,3,5,6,0103,0,0,0,,0,006,DWIGHT,TELEGRAPH,0.00,,Y,A,-,N,,,,,,,,,,N,3,0,1,2,A,-,10,21950,A,N,G,B,B,A,H,-,A,A,0,Y,,,,Y,,A,01,0,1,0,0,1,0,0,0,0,"- ","- ",37.865131378173828,-122.25840759277344,ALAMEDA,BERKELEY,,
9641410,2023,2023-12-12,0103,2023-10-07,1106,13,,6,5,6,0103,0,0,0,,0,010,ADELINE,OREGON,0.00,,Y,A,-,N,,,,,,,,,,,2,0,2,2,A,-,12,21453,A,N,F,C,A,A,H,-,A,A,0,,,,,Y,,A,07,2,0,0,0,0,0,0,0,0,"- ","- ",37.857460021972656,-122.26808929443359,ALAMEDA,BERKELEY,,
9641411,2023,2023-12-12,0103,2023-10-03,1536,85,,2,5,6,0103,0,0,0,,0,008,TELEGRAPH,"PARKER AV",0.00,,Y,A,-,N,,,,,,,,,,N,3,0,1,2,A,-,08,22107,,N,D,B,B,A,H,-,A,A,0,Y,,,,Y,,A,01,0,1,0,0,1,0,0,0,0,"- ","- ",37.863258361816406,-122.25868988037109,ALAMEDA,BERKELEY,,
9641417,2023,2023-12-12,0103,2023-10-10,"924 ",101,,2,5,6,0103,0,0,0,,0,014,CEDAR,WEST,0.00,,Y,A,-,N,,,,,,,,,,N,3,0,1,2,A,-,03,22350,,N,D,G,A,-,H,-,A,D,0,,Y,,,Y,,A,01,0,1,0,0,0,0,1,0,0,"- ","- ",,,ALAMEDA,BERKELEY,,
9641418,2023,2023-12-12,0103,2023-10-09,1817,30,,1,5,6,0103,0,0,0,,0,002,CEDAR,SHATTUCK,0.00,,Y,A,-,N,,,,,,,,,,N,2,0,1,1,A,-,03,22350,,N,F,J,A,A,A,D,A,D,0,,Y,,,Y,,L,04,1,0,0,0,0,0,1,0,0,"- ","- ",37.878421783447266,-122.26909637451172,ALAMEDA,BERKELEY,,
9641430,2023,2023-12-06,0109,2023-10-27,"420 ",9622,2,5,5,7,0109,0,0,0,,0,35X,"88TH AV","DOWLING ST",111.00,N,N,A,-,N,,,,,,,,,,N,3,0,1,2,A,-,03,22350,,N,G,B,E,A,H,-,C,D,0,Y,,,,Y,,A,01,0,1,0,0,1,0,0,0,0,"- ","- ",,,ALAMEDA,OAKLAND,-122.16503143310547,37.755847930908203
9641471,2023,2023-12-07,0109,2023-09-25,"806 ",9736,1,1,5,7,0109,0,0,0,,0,10X,"STANFORD AV","SAN PABLO AV",50.00,E,N,A,-,N,,,,,,,,,,N,4,0,1,2,A,-,08,22107,,N,B,G,A,A,H,-,A,D,0,,Y,,,Y,,L,04,0,0,1,0,0,0,1,0,0,"- ","- ",,,ALAMEDA,OAKLAND,-122.28286743164062,37.841087341308594
9641473,2023,2023-12-07,0109,2023-09-24,1800,9881,1,7,5,7,0109,0,0,0,,0,13Y,"MOUNTAIN BL","FLORENCE TER",330.00,W,N,A,-,N,,,,,,,,,,N,2,0,1,3,A,-,08,22107,,N,G,B,E,A,H,-,A,D,0,Y,,,,Y,,A,07,1,0,0,0,1,0,0,0,0,"- ","- ",,,ALAMEDA,OAKLAND,-122.21849822998047,37.837356567382812
9641474,2023,2023-12-07,0109,2023-09-23,2338,9929,2,6,5,7,0109,0,0,0,,0,27Y,"FAIRFAX AV","BANCROFT AV",50.00,N,N,A,-,N,,,,,,,,,,N,4,0,1,2,A,-,03,22350,,M,D,C,A,A,H,-,C,D,0,,,,,Y,,A,01,0,0,1,0,0,0,0,0,0,"- ","- ",,,ALAMEDA,OAKLAND,-122.20078277587891,37.771896362304688
9641478,2023,2023-12-08,0109,2023-09-24,"833 ",9736,1,7,5,7,0109,0,0,0,,0,08X,"WEBSTER ST","WEST MACARTHUR BL",10.00,E,N,A,-,N,,,,,,,,,,N,4,0,2,2,A,-,03,22350,,N,C,C,A,A,H,-,A,A,0,,,,,Y,,A,01,0,0,2,0,0,0,0,0,0,"- ","- ",,,ALAMEDA,OAKLAND,-122.26160430908203,37.825218200683594
9641479,2023,2023-12-08,0103,2023-09-28,"418 ",70,,4,5,6,0103,0,0,0,,0,012,UNIVERSITY,"W FRONTAGE RD",840.00,E,N,A,-,N,,,,,,,,,,Y,3,0,1,1,A,-,08,22107,,N,E,I,A,A,H,-,C,D,0,,,,,Y,,A,01,0,1,0,0,0,0,0,0,0,"- ","- ",37.8668212890625,-122.30371856689453,ALAMEDA,BERKELEY,-122.30272674560547,37.866962432861328
9641480,2023,2023-12-08,0103,2023-09-30,2015,44,,6,5,6,0103,0,0,0,,0,004,SHATTUCK,BERKELEY,0.00,,Y,A,-,N,,,,,,,,,,N,3,0,1,2,A,-,10,21950,A,N,G,B,B,A,H,-,C,D,0,Y,,,,Y,,A,01,0,1,0,0,1,0,0,0,0,"- ","- ",37.872978210449219,-122.26847839355469,ALAMEDA,BERKELEY,,
9641515,2023,2023-12-08,0109,2023-10-03,1421,10113,1,2,5,7,0109,0,0,0,,0,06X,"WEST MACARTHUR BL","WEST ST",0.00,,Y,A,-,N,,,,,,,,,,N,4,0,2,3,A,-,12,21453,A,F,D,C,A,A,H,-,A,A,0,,,,,Y,Y,A,01,0,0,2,0,0,0,0,0,0,"- ","- ",,,ALAMEDA,OAKLAND,,
9641595,2023,2024-01-08,0109,2023-08-22,1420,9113,2,2,5,7,0109,0,0,0,,0,25X,"SKYLINE BL","BALMORAL DR",0.00,,Y,A,-,N,,,,,,,,,,N,3,0,1,1,A,-,03,22350,,N,A,I,A,A,H,-,A,A,0,,,,,Y,,D,22,0,1,0,0,0,0,0,0,0,"- ","- ",,,ALAMEDA,OAKLAND,,
9641641,2023,2023-12-12,0109,2023-05-27,"845 ",9958,2,6,5,7,0109,0,0,0,,0,23X,"38TH AV","INTERNATIONAL BL",0.00,,Y,B,-,N,,,,,,,,,,N,4,0,1,2,A,-,12,21453,A,N,D,C,A,A,H,-,A,A,0,,,,,Y,,A,01,0,0,1,0,0,0,0,0,0,"- ","- ",,,ALAMEDA,OAKLAND,,
9641765,2023,2023-12-13,0109,2023-10-06,1912,9353,2,5,5,7,0109,0,0,0,,0,33X,"85TH AV","SAN LEANDRO ST",0.00,,Y,A,-,N,,,,,,,,,,N,4,0,1,2,A,-,12,21453,A,N,B,C,A,A,H,-,C,A,0,,,,,Y,,A,01,0,0,1,0,0,0,0,0,0,"- ","- ",,,ALAMEDA,OAKLAND,,
9641766,2023,2023-12-13,0109,2023-10-23,1642,9590,1,1,5,7,0109,0,0,0,,0,10X,"59TH ST","MARSHALL ST",60.00,E,N,A,-,N,,,,,,,,,,N,4,0,1,2,A,-,21,22106,,N,D,C,A,A,H,-,A,D,0,,,,,Y,,A,01,0,0,1,0,0,0,0,0,0,"- ","- ",,,ALAMEDA,OAKLAND,-122.28430938720703,37.842399597167969
9641819,2023,2023-12-11,0109,2023-10-30,"938 ",9292,2,1,5,7,0109,0,0,0,,0,29X,"BRANN ST","SEMINARY AV",0.00,,Y,A,-,N,,,,,,,,,,N,4,0,1,2,A,-,12,22450,A,N,D,C,A,A,H,-,A,A,0,,,,,Y,,A,01,0,0,1,0,0,0,0,0,0,"- ","- ",,,ALAMEDA,OAKLAND,,
9641861,2023,2024-01-23,0109,2023-11-11,2350,9377,2,6,5,7,0109,0,0,0,,0,33X,"INTERNATIONAL BL","85TH AV",0.00,,Y,A,-,N,,,,,,,,,,N,4,0,1,2,A,-,12,21453,A,M,D,C,A,A,H,-,C,A,0,,,,,Y,,A,01,0,0,1,0,0,0,0,0,0,"- ","- ",,,ALAMEDA,OAKLAND,,
9641862,2023,2024-01-23,0109,2023-11-09,2345,9420,2,4,5,7,0109,0,0,0,,0,34X,"INTERNATIONAL BL","85TH AV",150.00,E,N,A,-,N,,,,,,,,,,Y,3,0,1,3,A,-,03,22350,,F,C,E,A,A,H,-,C,A,0,,,,,Y,,A,01,0,1,0,0,0,0,0,0,0,"- ","- ",,,ALAMEDA,OAKLAND,-122.17694091796875,37.752944946289062
9641952,2023,2024-01-16,0113,2023-06-27,1536,5206,A023,2,5,5,0113,0,0,0,,0,004,"MISSION BL","APPIAN WY",779.00,S,N,A,-,Y,ALA,4,238,-,-,5.600,H,-,N,Y,3,0,2,5,A,-,08,22107,,N,C,E,-,A,H,-,A,D,0,Y,,,,Y,,A,01,0,1,1,0,1,0,0,0,0,"- ","- ",,,ALAMEDA,"UNION CITY",-122.00144958496094,37.589664459228516
9642044,2023,2024-01-23,0109,2023-11-13,1525,9590,1,1,5,7,0109,0,0,0,,0,10Y,"H ST","MARTIN LUTHER KING JR WY",0.00,,Y,A,-,N,,,,,,,,,,Y,4,0,4,2,A,-,09,21802,A,N,A,C,A,A,H,-,A,A,0,,,,,Y,,A,07,0,0,4,0,0,0,0,0,0,"- ","- ",,,ALAMEDA,OAKLAND,,
9642163,2023,2023-12-13,0109,2023-05-16,1554,9385,1,2,5,7,0109,0,0,0,,0,04X,"FRANKLIN ST","20TH ST",0.00,,Y,A,-,N,,,,,,,,,,N,4,0,1,2,A,-,12,21453,A,N,D,C,A,A,H,-,A,A,0,,,,,Y,,A,01,0,0,1,0,0,0,0,0,0,"- ","- ",,,ALAMEDA,OAKLAND,,
9642165,2023,2023-12-13,0109,2023-05-24,2110,8994,1,3,5,7,0109,0,0,0,,0,12X,"TELEGRAPH AV","48TH ST",0.00,,Y,A,-,N,,,,,,,,,,N,2,0,1,2,A,-,10,21950,A,N,G,B,B,A,H,-,C,A,0,Y,,,,Y,,A,01,1,0,0,0,1,0,0,0,0,"- ","- ",,,ALAMEDA,OAKLAND,,
9642175,2023,2023-12-20,0109,2023-09-21,1446,9350,2,4,5,7,0109,0,0,0,,0,20X,"66TH AV","RT 880",0.00,,Y,A,-,Y,ALA,4,880,-,-,26.701,R,4,N,N,2,0,2,2,A,-,03,22350,,M,C,C,A,A,H,-,A,A,0,,,,,Y,,A,07,1,0,1,0,0,0,0,0,0,"- ",NO,,,ALAMEDA,OAKLAND,-122.20888519287109,37.7550048828125