CASE_ID,ACCIDENT_YEAR,PROC_DATE,JURIS,COLLISION_DATE,COLLISION_TIME,OFFICER_ID,REPORTING_DISTRICT,DAY_OF_WEEK,CHP_SHIFT,POPULATION,CNTY_CITY_LOC,SPECIAL_COND,BEAT_TYPE,CHP_BEAT_TYPE,CITY_DIVISION_LAPD,CHP_BEAT_CLASS,BEAT_NUMBER,PRIMARY_RD,SECONDARY_RD,DISTANCE,DIRECTION,INTERSECTION,WEATHER_1,WEATHER_2,STATE_HWY_IND,CALTRANS_COUNTY,CALTRANS_DISTRICT,STATE_ROUTE,ROUTE_SUFFIX,POSTMILE_PREFIX,POSTMILE,LOCATION_TYPE,RAMP_INTERSECTION,SIDE_OF_HWY,TOW_AWAY,COLLISION_SEVERITY,NUMBER_KILLED,NUMBER_INJURED,PARTY_COUNT,PRIMARY_COLL_FACTOR,PCF_CODE_OF_VIOL,PCF_VIOL_CATEGORY,PCF_VIOLATION,PCF_VIOL_SUBSECTION,HIT_AND_RUN,TYPE_OF_COLLISION,MVIW,PED_ACTION,ROAD_SURFACE,ROAD_COND_1,ROAD_COND_2,LIGHTING,CONTROL_DEVICE,CHP_ROAD_TYPE,PEDESTRIAN_ACCIDENT,BICYCLE_ACCIDENT,MOTORCYCLE_ACCIDENT,TRUCK_ACCIDENT,NOT_PRIVATE_PROPERTY,ALCOHOL_INVOLVED,STWD_VEHTYPE_AT_FAULT,CHP_VEHTYPE_AT_FAULT,COUNT_SEVERE_INJ,COUNT_VISIBLE_INJ,COUNT_COMPLAINT_PAIN,COUNT_PED_KILLED,COUNT_PED_INJURED,COUNT_BICYCLIST_KILLED,COUNT_BICYCLIST_INJURED,COUNT_MC_KILLED,COUNT_MC_INJURED,PRIMARY_RAMP,SECONDARY_RAMP,LATITUDE,LONGITUDE,COUNTY,CITY,POINT_X,POINT_Y
9680444,2023,2024-04-09,0109,2023-07-23,1720,10060,1,7,5,7,0109,0,0,0,,0,02Y,"MANDELA PKWY","14TH ST",0.00,,Y,A,-,N,,,,,,,,,,Y,4,0,1,2,A,-,12,21453,,N,D,C,A,A,H,-,A,A,0,,,,,Y,,A,01,0,0,1,0,0,0,0,0,0,"- ","- ",,,ALAMEDA,OAKLAND,,
9680466,2023,2024-04-15,0109,2023-08-03,2036,9998,2,4,5,7,0109,0,0,0,,0,26X,"INTERNATIONAL BL","78TH AV",0.00,,Y,A,-,N,,,,,,,,,,N,4,0,1,2,A,-,08,22107,,F,D,C,A,A,H,-,C,A,0,,,,,Y,,A,01,0,0,1,0,0,0,0,0,0,"- ","- ",,,ALAMEDA,OAKLAND,,
9680491,2023,2024-04-06,0109,2023-05-06,1508,9966,2,6,5,7,0109,0,0,0,,0,30X,"HILLMONT DR","SUNKIST DR",0.00,,Y,A,-,N,,,,,,,,,,N,4,0,1,2,D,-,00,,,N,D,C,A,A,H,-,A,D,0,,,,,Y,,-,"- ",0,0,1,0,0,0,0,0,0,"- ","- ",,,ALAMEDA,OAKLAND,,
9680539,2023,2024-04-06,0109,2023-10-21,"824 ",9951,2,6,5,7,0109,0,0,0,,0,21Y,"FRUITVALE AV","E 27TH ST",0.00,,Y,A,-,N,,,,,,,,,,N,4,0,1,2,A,-,10,21950,A,N,G,B,B,A,H,-,A,A,0,Y,,,,Y,,A,01,0,0,1,0,1,0,0,0,0,"- ","- ",,,ALAMEDA,OAKLAND,,
9680545,2023,2024-04-06,0109,2023-09-05,"942 ",10115,2,2,5,7,0109,0,0,0,,0,26X,"66TH AV","SAN LEANDRO ST",0.00,,Y,A,-,N,,,,,,,,,,N,3,0,1,1,A,-,08,22107,,N,E,I,A,A,H,-,A,D,0,,,,,Y,,A,07,0,1,0,0,0,0,0,0,0,"- ","- ",,,ALAMEDA,OAKLAND,,
9680549,2023,2024-04-06,0109,2023-10-06,1726,9998,2,5,5,7,0109,0,0,0,,0,27X,"55TH AV","FOOTHILL BL",0.00,,Y,A,-,N,,,,,,,,,,N,4,0,1,2,A,-,03,22350,,F,C,C,A,A,H,-,A,D,0,,,,,Y,,-,99,0,0,1,0,0,0,0,0,0,"- ","- ",,,ALAMEDA,OAKLAND,,
9680562,2023,2024-04-06,0109,2023-06-15,1713,9998,2,4,5,7,0109,0,0,0,,0,26Y,INTERNATIONAL,"66TH AV",0.00,,-,A,-,N,,,,,,,,,,Y,4,0,1,2,A,-,08,22107,,F,D,C,A,A,H,-,A,A,0,,,,,Y,,A,07,0,0,1,0,0,0,0,0,0,"- ","- ",,,ALAMEDA,OAKLAND,,
9680568,2023,2024-04-06,0109,2023-06-12,1405,9948,2,1,5,7,0109,0,0,0,,0,34X,"90TH ST","PLYMOUTH ST",0.00,,-,A,-,N,,,,,,,,,,N,4,0,1,4,A,-,03,22350,,F,C,C,A,A,H,-,A,D,0,,,,,Y,,A,01,0,0,1,0,0,0,0,0,0,"- ","- ",,,ALAMEDA,OAKLAND,,
9680617,2023,2024-04-27,0109,2023-10-25,1943,9173,1,3,5,7,0109,0,0,0,,0,,"MACARTHUR BL","PIEDMONT AV",0.00,,Y,B,-,N,,,,,,,,,,Y,4,0,1,1,A,-,08,22107,,N,E,I,A,A,H,-,C,A,0,,,,,Y,,A,01,0,0,1,0,0,0,0,0,0,"- ","- ",,,ALAMEDA,OAKLAND,,
9681283,2023,2024-04-02,0106,2023-12-17,"102 ",399,,7,5,6,0106,0,0,0,,0,00B,"A ST","FOOTHILL BL",0.00,,Y,A,-,N,,,,,,,,,,Y,3,0,1,2,A,-,00,23123,5,N,F,C,A,A,H,-,C,A,0,,,,,Y,,A,01,0,1,0,0,0,0,0,0,0,"- ","- ",37.675228118896484,-122.08191680908203,ALAMEDA,HAYWARD,,
9682246,2023,2024-04-15,0109,2023-11-19,1803,9658,2,7,5,7,0109,0,0,0,,0,22Y,"MONTEREY BL","RT 13",20.00,E,N,A,-,N,,,,,,,,,,N,4,0,1,2,A,-,09,21801,A,N,D,G,A,A,H,-,C,C,0,,Y,,,Y,,A,07,0,0,1,0,0,0,1,0,0,"- ","- ",,,ALAMEDA,OAKLAND,-122.20306396484375,37.816387176513672
9682247,2023,2024-04-15,0109,2023-11-28,1233,9906,1,2,5,7,0109,0,0,0,,0,13X,"MEDAU PL","MORAGA AV",21.00,S,N,A,-,N,,,,,,,,,,Y,4,0,1,2,A,-,12,21453,A,N,D,C,A,A,H,-,A,A,0,,,,,Y,,A,01,0,0,1,0,0,0,0,0,0,"- ","- ",,,ALAMEDA,OAKLAND,-122.2110595703125,37.826808929443359
9684591,2023,2024-05-10,0109,2023-11-09,1745,9409,2,4,5,7,0109,0,0,0,,0,27X,"SEMINARY AV","HARMON AV",50.00,N,N,A,-,N,,,,,,,,,,N,4,0,2,3,A,-,01,23152,A,N,B,C,A,A,H,-,C,D,0,,,,,Y,Y,A,08,0,0,2,0,0,0,0,0,0,"- ","- ",,,ALAMEDA,OAKLAND,-122.19497680664062,37.768329620361328
9684810,2023,2024-05-09,0106,2023-11-20,"454 ",447,,1,5,6,0106,0,0,0,,0,00B,"A ST","GRAND ST",0.00,,Y,A,-,N,,,,,,,,,,N,4,0,1,2,A,-,12,21453,A,N,D,C,A,A,H,-,C,A,0,,,,Y,Y,,M,94,0,0,1,0,0,0,0,0,0,"- ","- ",37.670940399169922,-122.08994293212891,ALAMEDA,HAYWARD,,
9686657,2023,2024-07-16,0109,2023-08-17,1117,10071,1,4,5,7,0109,0,0,0,,0,04X,"19TH ST","WEBSTER ST",0.00,,Y,A,-,N,,,,,,,,,,Y,4,0,1,2,A,-,12,21453,A,N,D,C,A,A,H,-,A,A,0,,,,Y,Y,,-,"- ",0,0,1,0,0,0,0,0,0,"- ","- ",,,ALAMEDA,OAKLAND,,
9693557,2023,2024-04-29,0109,2023-12-10,"5   ",10093,2,7,5,7,0109,0,0,0,,0,32X,"100TH AV","BIRCH ST",100.00,S,N,A,-,N,,,,,,,,,,N,4,0,1,7,A,-,03,22350,,M,H,C,A,A,H,-,C,D,0,,,,,Y,Y,A,01,0,0,1,0,0,0,0,0,0,"- ","- ",,,ALAMEDA,OAKLAND,-122.16353607177734,37.744255065917969
9693573,2023,2024-04-26,0109,2023-12-22,"818 ",9909,1,5,5,7,0109,0,0,0,,0,07X,"ADELINE ST","28TH ST",0.00,,Y,B,-,N,,,,,,,,,,N,4,0,1,2,A,-,09,21802,A,N,A,C,A,A,H,-,A,C,0,,,,,Y,,A,01,0,0,1,0,0,0,0,0,0,"- ","- ",,,ALAMEDA,OAKLAND,,
9693574,2023,2024-04-26,0109,2023-12-11,1919,10022,2,1,5,7,0109,0,0,0,,0,34X,"96TH AV",BIRCH,9.00,N,N,A,-,N,,,,,,,,,,Y,4,0,1,2,A,-,08,22107,,N,B,C,A,A,H,-,C,A,0,,,,,Y,,A,01,0,0,1,0,0,0,0,0,0,"- ","- ",,,ALAMEDA,OAKLAND,-122.16608428955078,37.748321533203125
9693984,2023,2024-06-19,0109,2023-01-18,1606,9963,1,3,5,7,0109,0,0,0,,0,04X,"HARRISON ST","12TH ST",0.00,,Y,A,-,N,,,,,,,,,,Y,4,0,1,2,A,-,12,21453,A,N,F,C,A,A,H,-,B,A,0,,,,,Y,,A,01,0,0,1,0,0,0,0,0,0,"- ","- ",,,ALAMEDA,OAKLAND,,
9694207,2023,2024-05-10,0109,2023-11-13,1904,10095,1,1,5,7,0109,0,0,0,,0,14X,"GRAND AV","ELLITA AV",0.00,,Y,A,-,N,,,,,,,,,,N,3,0,1,2,A,-,10,21950,A,N,G,B,B,A,H,-,C,A,0,Y,,,,Y,,A,01,0,1,0,0,1,0,0,0,0,"- ","- ",,,ALAMEDA,OAKLAND,,
9694208,2023,2024-05-10,0109,2023-11-01,2235,9981,2,3,5,7,0109,0,0,0,,0,22Y,"JOAQUIN MILLER RD","ROBINSON DR",80.00,N,N,A,-,N,,,,,,,,,,N,4,0,2,4,A,-,03,22350,,F,G,B,G,A,H,-,C,A,0,Y,,,,Y,,A,01,0,0,2,0,2,0,0,0,0,"- ","- ",,,ALAMEDA,OAKLAND,-122.18357849121094,37.809616088867188
9694211,2023,2024-05-10,0109,2023-11-29,1034,10074,1,3,5,7,0109,0,0,0,,0,19X,"INTERNATIONAL BL","8TH AV",0.00,,Y,B,-,N,,,,,,,,,,N,4,0,1,2,A,-,10,21950,A,N,G,B,B,A,H,-,A,A,0,Y,,,,Y,,A,01,0,0,1,0,1,0,0,0,0,"- ","- ",,,ALAMEDA,OAKLAND,,
9694212,2023,2024-05-10,0109,2023-11-23,"730 ",10115,2,4,5,7,0109,0,0,0,,0,31X,"DOOLITTLE DR","AIRPORT ACCESS RD",20.00,W,N,A,-,N,,,,,,,,,,N,4,0,1,2,A,-,03,22350,,N,C,C,A,A,H,-,A,A,0,,,,,Y,,A,01,0,0,1,0,0,0,0,0,0,"- ","- ",,,ALAMEDA,OAKLAND,-122.19949340820312,37.725650787353516
9694827,2023,2024-09-04,0109,2023-11-09,"815 ",9942,2,4,5,7,0109,0,0,0,,0,31X,"HEGENBERGER RD","PARDEE ST",200.00,N,N,A,-,N,,,,,,,,,,N,4,0,1,1,A,-,08,22107,,N,B,C,A,A,H,-,A,D,0,,,,,Y,,A,01,0,0,1,0,0,0,0,0,0,"- ","- ",,,ALAMEDA,OAKLAND,-122.20001220703125,37.730194091796875
9695689,2023,2024-05-10,0109,2023-10-29,"9   ",9887,2,7,5,7,0109,0,0,0,,0,24X,"35TH AV","GALINDO ST",0.00,,Y,A,-,N,,,,,,,,,,Y,4,0,3,2,A,-,01,23152,A,N,C,C,A,A,H,-,C,A,0,,,,,Y,Y,A,01,0,0,3,0,0,0,0,0,0,"- ","- ",,,ALAMEDA,OAKLAND,,
9711113,2023,2024-08-09,0109,2023-09-05,1505,9516,1,2,5,7,0109,0,0,0,,0,07X,"24TH ST","POPULAR ST",0.00,,Y,A,-,N,,,,,,,,,,N,4,0,1,2,A,-,09,21802,A,N,D,C,A,A,H,-,A,C,0,,,,,Y,,A,01,0,0,1,0,0,0,0,0,0,"- ","- ",,,ALAMEDA,OAKLAND,,
9711945,2023,2024-07-03,0109,2023-01-03,1600,9845,1,2,5,7,0109,0,0,0,,0,02X,"7TH ST","BRUSH ST",0.00,,Y,A,-,N,,,,,,,,,,N,3,0,1,2,A,-,12,21453,A,N,D,C,A,A,H,-,A,A,0,,,Y,,Y,,C,02,0,1,0,0,0,0,0,0,1,"- ","- ",,,ALAMEDA,OAKLAND,,
9712103,2023,2024-09-04,0109,2023-12-02,1711,9977,1,6,5,7,0109,0,0,0,,0,13Z,"LA SALLE AV","MOUNTAIN BL",45.00,E,N,B,-,N,,,,,,,,,,N,4,0,1,2,A,-,00,12950,A,N,G,B,B,B,H,-,B,A,0,Y,,,,Y,,A,01,0,0,1,0,1,0,0,0,0,"- ","- ",,,ALAMEDA,OAKLAND,-122.20942687988281,37.826793670654297
9712308,2023,2024-09-30,0109,2023-10-19,1650,10023,2,4,5,7,0109,0,0,0,,0,27X,"HIGH ST","CARRINGTON AVE",0.00,,Y,A,-,N,,,,,,,,,,N,4,0,1,2,A,-,03,22350,,N,C,C,A,A,H,-,A,D,0,,,Y,,Y,,C,02,0,0,1,0,0,0,0,0,0,"- ","- ",,,ALAMEDA,OAKLAND,,
9713548,2022,2024-07-09,0109,2022-04-19,1908,8867,2,2,5,7,0109,0,0,0,,0,23X,"E 12TH ST","37TH AV",0.00,,Y,A,-,N,,,,,,,,,,N,4,0,2,2,A,-,09,21802,A,M,D,C,A,A,H,-,A,A,0,,,,,Y,,A,07,0,0,2,0,0,0,0,0,0,"- ","- ",,,ALAMEDA,OAKLAND,-122.22167205810547,37.77410888671875
9714726,2023,2024-07-18,0109,2023-02-22,"938 ",10037,2,3,5,7,0109,0,0,0,,0,30X,"INTERNATIONAL BL","74TH AV",0.00,,Y,A,-,N,,,,,,,,,,N,4,0,1,2,A,-,08,22107,,N,H,D,A,A,H,-,A,D,0,,,,,Y,,A,01,0,0,1,0,0,0,0,0,0,"- ","- ",,,ALAMEDA,OAKLAND,,
9714730,2023,2024-07-18,0109,2023-02-16,1512,9960,2,4,5,7,0109,0,0,0,,0,34X,"98TH ST","WALNUT ST",0.00,,Y,A,-,N,,,,,,,,,,N,4,0,1,2,A,-,09,21801,,N,A,C,A,A,H,-,B,D,0,,,,,Y,,A,01,0,0,1,0,0,0,0,0,0,"- ","- ",,,ALAMEDA,OAKLAND,,
9714732,2023,2024-07-18,0109,2023-12-04,2127,9966,2,1,5,7,0109,0,0,0,,0,30X,"73RD AV","ARTHUR ST",0.00,,Y,A,-,N,,,,,,,,,,N,4,0,3,2,A,-,12,21453,A,N,D,C,A,A,H,-,C,A,0,,,,,Y,,A,01,0,0,3,0,0,0,0,0,0,"- ","- ",,,ALAMEDA,OAKLAND,,
9714759,2023,2024-07-22,0109,2023-10-18,2230,9570,2,3,5,7,0109,0,0,0,,0,20X,"E 15TH ST","MILLER AV",0.00,,Y,A,-,N,,,,,,,,,,Y,4,0,2,2,A,-,09,21802,A,F,D,C,A,A,H,-,C,A,0,,,,,Y,,A,01,0,0,2,0,0,0,0,0,0,CN,"- ",,,ALAMEDA,OAKLAND,,
9714990,2023,2024-07-24,0109,2023-04-19,2118,9516,1,3,5,7,0109,0,0,0,,0,07X,"HOLLIS ST","MANDELA PKWY",0.00,,Y,A,-,N,,,,,,,,,,N,4,0,2,2,A,-,12,22450,A,N,D,C,A,A,-,-,B,A,0,,,,,Y,,-,"- ",0,0,2,0,0,0,0,0,0,"- ","- ",,,ALAMEDA,OAKLAND,,
9714992,2023,2024-07-24,0109,2023-05-14,2008,9879,2,7,5,7,0109,0,0,0,,0,32X,"108TH AV","MACARTHUR BL",10.00,S,N,A,-,N,,,,,,,,,,N,4,0,1,2,A,-,11,21954,A,N,G,B,D,A,H,-,C,D,0,Y,,,,Y,,N,60,0,0,1,0,1,0,0,0,0,"- ","- ",,,ALAMEDA,OAKLAND,-122.15067291259766,37.741786956787109
9714996,2023,2024-07-24,0109,2023-05-01,1647,9795,1,1,5,7,0109,0,0,0,,0,08X,"40TH ST","SHAFTER AV",0.00,,Y,A,-,N,,,,,,,,,,N,2,0,1,2,A,-,10,21950,A,M,G,B,B,A,H,-,A,A,0,Y,,,,Y,,A,07,1,0,0,0,1,0,0,0,0,"- ","- ",,,ALAMEDA,OAKLAND,,
9715000,2023,2024-07-24,0109,2023-05-08,1645,10022,2,1,5,7,0109,0,0,0,,0,32X,"98TH AV","A ST",15.00,S,N,A,-,N,,,,,,,,,,Y,3,0,1,2,A,-,08,22107,,N,E,B,F,A,H,-,A,A,0,Y,,,,Y,,A,01,0,1,0,0,1,0,0,0,0,"- ","- ",,,ALAMEDA,OAKLAND,-122.17303466796875,37.743179321289062
9715007,2023,2024-07-25,0109,2023-08-19,1605,9973,1,6,5,7,0109,0,0,0,,0,09X,"OAKLAND AV","SANTA CLARA AV",0.00,,Y,A,-,N,,,,,,,,,,N,4,0,1,2,A,-,12,21453,A,N,D,C,A,A,H,-,A,A,0,,,Y,,Y,Y,A,07,0,0,1,0,0,0,0,0,1,"- ","- ",,,ALAMEDA,OAKLAND,,
9715010,2023,2024-07-25,0109,2023-06-10,1056,9996,1,6,5,7,0109,0,0,0,,0,04X,"LAKESIDE DR","19TH ST",10.00,E,N,A,-,N,,,,,,,,,,N,4,0,1,2,A,-,21,22106,,N,G,B,C,A,H,-,A,D,0,Y,,,,Y,,A,01,0,0,1,0,1,0,0,0,0,"- ","- ",,,ALAMEDA,OAKLAND,-122.26214599609375,37.805030822753906
9715016,2023,2024-07-25,0109,2023-09-09,1733,10022,2,6,5,7,0109,0,0,0,,0,23X,"INTERNATIONAL BL","38TH ST",0.00,,Y,A,-,N,,,,,,,,,,N,4,0,1,2,A,-,12,21453,A,N,D,C,A,A,H,-,A,A,0,,,,,Y,,A,01,0,0,1,0,0,0,0,0,0,"- ","- ",,,ALAMEDA,OAKLAND,,
9715417,2023,2024-08-09,0109,2023-11-01,"845 ",10115,2,3,5,7,0109,0,0,0,,0,26X,"81ST AV","RUDSDALE ST",0.00,,Y,A,-,N,,,,,,,,,,N,4,0,1,2,A,-,10,21950,A,N,G,B,B,A,H,-,A,C,0,Y,,,,Y,,A,08,0,0,1,0,1,0,0,0,0,"- ","- ",,,ALAMEDA,OAKLAND,,
9715524,2023,2024-08-19,0109,2023-05-01,1623,9866,1,1,5,7,0109,0,0,0,,0,08X,"TELEGRAPH AV","W MACARTHUR BL",20.00,S,N,A,-,N,,,,,,,,,,N,4,0,2,2,A,-,08,22107,,N,A,C,A,A,H,-,A,A,0,,,,,Y,,A,01,0,0,2,0,0,0,0,0,0,"- ","- ",,,ALAMEDA,OAKLAND,-122.26522827148438,37.826286315917969
9715535,2023,2024-08-19,0109,2023-10-23,"900 ",9885,2,1,5,7,0109,0,0,0,,0,31Y`,"NEVADA ST","RAILROAD AV",12.00,S,N,A,-,N,,,,,,,,,,N,4,0,1,2,A,-,08,22107,,N,B,C,A,A,H,-,A,D,0,,,,,Y,,A,01,0,0,1,0,0,0,0,0,0,"- ","- ",,,ALAMEDA,OAKLAND,-122.18251800537109,37.738258361816406
9715542,2023,2024-10-04,0109,2023-12-21,"223 ",9924,1,4,5,7,0109,0,0,0,,0,05X,"PERALTA ST","17TH ST",0.00,,Y,A,-,N,,,,,,,,,,N,3,0,2,2,A,-,09,21801,A,N,D,C,A,A,H,-,C,A,0,,,,,Y,,A,01,0,1,1,0,0,0,0,0,0,"- ","- ",,,ALAMEDA,OAKLAND,,
9715546,2023,2024-10-04,0109,2023-12-24,1442,9658,2,7,5,7,0109,0,0,0,,0,30X,"INTERNATIONAL BL","75TH AV",20.00,W,N,A,-,N,,,,,,,,,,Y,3,0,1,2,A,-,08,22107,,M,B,E,A,A,H,-,A,D,0,,,,,Y,,A,01,0,1,0,0,0,0,0,0,0,"- ","- ",,,ALAMEDA,OAKLAND,-122.18561553955078,37.758499145507812
9715551,2023,2024-10-04,0109,2023-12-22,1531,10059,1,5,5,7,0109,0,0,0,,0,07X,"ADELINE ST","34TH ST",0.00,,Y,A,-,N,,,,,,,,,,N,4,0,1,2,A,-,10,21950,A,M,G,-,B,A,H,-,A,A,0,Y,,,,Y,,A,01,0,0,1,0,1,0,0,0,0,"- ","- ",,,ALAMEDA,OAKLAND,,
9715575,2023,2024-10-04,0109,2023-11-02,"848 ",10048,2,4,5,7,0109,0,0,0,,0,32X,"BANCROFT AV","108TH AV",0.00,,Y,A,-,N,,,,,,,,,,N,4,0,1,2,A,-,10,21950,A,N,G,B,B,A,H,-,A,D,0,Y,,,,Y,,A,01,0,0,1,0,1,0,0,0,0,"- ","- ",,,ALAMEDA,OAKLAND,,
9716054,2023,2024-08-05,0109,2023-06-13,1109,9353,2,2,5,7,0109,0,0,0,,0,31Y,"BESSIE COLEMAN DR","98TH AV",0.00,,Y,A,-,N,,,,,,,,,,Y,4,0,2,2,A,-,09,21801,A,N,A,C,A,A,H,-,A,A,0,,,,,Y,,A,01,0,0,2,0,0,0,0,0,0,"- ","- ",,,ALAMEDA,OAKLAND,,
9716395,2023,2024-08-09,0109,2023-09-16,1821,9897,2,6,5,7,0109,0,0,0,,0,21X,"FRUITVALE AV","E 22ND ST",0.00,,Y,A,-,N,,,,,,,,,,N,3,0,1,3,A,-,09,21801,A,N,D,C,A,A,H,-,A,A,0,,,,,Y,,D,23,0,1,0,0,0,0,0,0,0,"- ","- ",,,ALAMEDA,OAKLAND,,
9718448,2023,2024-07-30,0109,2023-03-06,1510,9792,1,1,5,7,0109,0,0,0,,0,18X,"19TH AV","E 23RD ST",0.00,,Y,B,-,N,,,,,,,,,,N,4,0,1,2,A,-,09,21802,A,M,D,C,A,A,H,-,A,A,0,,,,,Y,,A,01,0,0,1,0,0,0,0,0,0,"- ","- ",,,ALAMEDA,OAKLAND,,
9733391,2023,2024-09-18,0109,2023-08-05,"240 ",9735,2,6,5,7,0109,0,0,0,,0,23X,"INTERNATIONAL BL","42ND AV",10.00,E,N,A,-,N,,,,,,,,,,N,2,0,2,3,A,-,08,22107,,F,G,B,B,A,H,-,E,A,0,Y,,,,Y,,A,01,1,1,0,0,2,0,0,0,0,"- ","- ",,,ALAMEDA,OAKLAND,,
9738807,2023,2024-10-14,0109,2023-12-08,1720,9924,1,5,5,7,0109,0,0,0,,0,19X,"INTERNATIONAL BL","12TH AV",0.00,,Y,A,-,N,,,,,,,,,,N,4,0,3,2,A,-,09,21801,A,N,D,C,A,A,H,-,C,D,0,,,,,Y,,A,01,0,0,3,0,0,0,0,0,0,"- ","- ",,,ALAMEDA,OAKLAND,,
9747890,2023,2025-01-08,0109,2023-01-24,1327,9962,2,2,5,7,0109,0,0,0,,0,03X,"12TH ST","FRANKLIN ST",0.00,,Y,A,-,N,,,,,,,,,,N,4,0,1,2,A,-,12,21453,,N,A,-,A,B,H,-,A,A,0,,,,,Y,,A,01,0,0,1,0,0,0,0,0,0,"- ","- ",,,ALAMEDA,OAKLAND,,
9747895,2023,2025-01-08,0109,2023-07-15,1937,9792,1,6,5,7,0109,0,0,0,,0,18X,"FOOTHILL BL","22ND AV",50.00,E,N,A,-,N,,,,,,,,,,N,4,0,1,2,D,-,00,,,M,B,C,A,A,H,-,A,A,0,,,,,Y,,-,"- ",0,0,1,0,0,0,0,0,0,"- ","- ",,,ALAMEDA,OAKLAND,,
9747898,2023,2025-01-08,0109,2023-06-23,2302,10051,1,5,5,7,0109,0,0,0,,0,08X,"TELEGRAPH AV","33RD ST",0.00,,Y,A,-,N,,,,,,,,,,N,4,0,1,2,A,-,09,21801,A,N,D,G,A,A,H,-,C,A,0,,Y,,,Y,,A,01,0,0,1,0,0,0,1,0,0,"- ","- ",,,ALAMEDA,OAKLAND,,
9747908,2023,2025-01-08,0109,2023-11-16,1609,9482,2,4,5,7,0109,0,0,0,,0,26X,"INTERNATIONAL BL","70TH ST",0.00,,Y,A,-,N,,,,,,,,,,N,4,0,1,2,A,-,09,21804,A,F,A,C,A,A,H,-,A,D,0,,,,,Y,,A,01,0,0,1,0,0,0,0,0,0,"- ","- ",,,ALAMEDA,OAKLAND,,
9748708,2023,2025-02-10,0109,2023-12-18,2336,9775,1,1,5,7,0109,0,0,0,,0,04X,"GRAND AV","HARRISON ST",0.00,,Y,B,C,N,,,,,,,,,,N,4,0,1,3,D,-,00,,,N,A,C,A,B,H,-,C,A,0,,,,,Y,,-,"- ",0,0,1,0,0,0,0,0,0,"- ","- ",,,ALAMEDA,OAKLAND,,
9751394,2023,2024-11-26,0109,2023-06-24,"15  ",8914,1,6,5,7,0109,0,0,0,,0,20X,"INTERNATIONAL BL","MILLER AV",86.00,W,N,A,-,N,,,,,,,,,,Y,1,1,1,2,A,-,03,22350,,F,D,C,A,A,H,-,C,A,0,,,,,Y,Y,A,01,0,1,0,0,0,0,0,0,0,"- ","- ",,,ALAMEDA,OAKLAND,-122.23508453369141,37.782894134521484
9757600,2023,2024-11-20,0109,2023-08-15,"545 ",8958,2,2,5,7,0109,0,0,0,,0,30X,"FOOTHILL BL","HAVENSCOURT BL",150.00,W,N,A,-,N,,,,,,,,,,Y,2,0,5,2,A,-,08,22107,,F,C,E,A,A,H,-,C,D,0,,,,,Y,Y,A,01,1,1,3,0,0,0,0,0,0,"- ","- ",,,ALAMEDA,OAKLAND,-122.18233489990234,37.770496368408203
9762260,2023,2025-01-07,0109,2023-07-20,1300,10009,2,4,5,7,0109,0,0,0,,0,35X,"MACARTHUR BL","96TH ST",0.00,,Y,A,-,N,,,,,,,,,,N,4,0,1,3,A,-,03,22350,,M,C,C,A,A,H,-,A,D,0,,,,,Y,,A,01,0,0,1,0,0,0,0,0,0,"- ","- ",,,ALAMEDA,OAKLAND,,
9773590,2023,2025-01-15,0109,2023-08-08,1700,9838,2,2,5,7,0109,0,0,0,,0,30X,"73RD AV","ARTHUR ST",0.00,,Y,A,-,N,,,,,,,,,,N,2,0,1,3,A,-,09,21801,A,N,D,C,A,A,-,-,A,A,0,,,Y,,Y,,A,01,1,0,0,0,0,0,0,0,1,"- ","- ",,,ALAMEDA,OAKLAND,,
9778230,2023,2025-01-23,0109,2023-06-20,1250,10103,1,2,5,7,0109,0,0,0,,0,07X,"ADELINE ST","GRAND AV",0.00,,Y,A,-,N,,,,,,,,,,Y,4,0,1,2,A,-,12,21453,A,N,D,C,A,A,H,-,A,A,0,,,,,Y,,A,01,0,0,1,0,0,0,0,0,0,"- ","- ",,,ALAMEDA,OAKLAND,,
9778347,2023,2025-01-22,0109,2023-12-16,2248,9851,2,6,5,7,0109,0,0,0,,0,29X,"SEMINARY AV","MACARTHUR BL",10.00,N,N,A,-,N,,,,,,,,,,N,4,0,1,2,A,-,03,22350,,M,G,G,A,A,H,-,C,A,0,,Y,,,Y,,-,99,0,0,1,0,0,0,1,0,0,"- ","- ",,,ALAMEDA,OAKLAND,,
9778362,2023,2025-01-21,0109,2023-06-13,1251,10099,2,2,5,7,0109,0,0,0,,0,26X,"COLISEUM WY","50TH AV",500.00,E,N,A,-,N,,,,,,,,,,Y,4,0,2,1,A,-,08,22107,,N,F,A,A,A,H,-,A,D,0,,,,,Y,,A,07,0,0,2,0,0,0,0,0,0,"- ","- ",,,ALAMEDA,OAKLAND,,
9778363,2023,2025-01-21,0109,2023-11-19,"140 ",9851,2,7,5,7,0109,0,0,0,,0,27Y,"FOOTHILL BL","48TH AV",25.00,E,N,A,-,N,,,,,,,,,,N,3,0,1,1,A,-,08,22107,,N,A,I,A,A,H,-,C,D,0,,,,,Y,,A,01,0,1,0,0,0,0,0,0,0,"- ","- ",,,ALAMEDA,OAKLAND,,
9783307,2023,2025-02-25,0109,2023-04-29,1730,9880,2,6,5,7,0109,0,0,0,,0,27Y,"BANCROFT AV","HILTON ST",20.00,E,N,A,-,N,,,,,,,,,,N,4,0,1,2,A,-,08,22107,,N,A,E,A,A,H,-,A,D,0,,,Y,,Y,,C,02,0,0,1,0,0,0,0,0,1,"- ","- ",,,ALAMEDA,OAKLAND,,
9783329,2023,2025-02-24,0109,2023-11-04,2135,9930,2,6,5,7,0109,0,0,0,,0,29X,"FOOTHILL BL","55TH AV",220.00,E,N,A,-,N,,,,,,,,,,N,4,0,1,2,A,-,08,22107,,M,A,C,A,A,H,-,B,C,0,,,,,Y,,A,01,0,0,1,0,0,0,0,0,0,"- ","- ",,,ALAMEDA,OAKLAND,,
9783334,2023,2025-02-24,0109,2023-11-27,1734,9845,1,1,5,7,0109,0,0,0,,0,04X,"18TH ST","CASTRO ST",0.00,,Y,A,-,N,,,,,,,,,,N,4,0,1,2,A,-,05,21650,1,N,D,G,A,A,H,-,B,A,0,,Y,,,Y,,L,04,0,0,1,0,0,0,1,0,0,"- ","- ",,,ALAMEDA,OAKLAND,,
9783349,2023,2025-02-24,0109,2023-08-04,2302,9793,2,5,5,7,0109,0,0,0,,0,29X,"FOOTHILL BL","61ST AV",15.00,E,N,A,-,N,,,,,,,,,,Y,4,0,1,2,A,-,05,21460,A,N,B,E,A,A,H,-,C,A,0,,,,,Y,,A,07,0,0,1,0,0,0,0,0,0,"- ","- ",,,ALAMEDA,OAKLAND,,
9783350,2023,2025-02-24,0109,2023-10-02,"12  ",10072,1,1,5,7,0109,0,0,0,,0,08X,"GRAND AV","WEBSTER ST",20.00,,N,A,-,N,,,,,,,,,,N,3,0,1,3,A,-,01,23152,A,N,H,E,A,A,H,-,C,D,0,,,,,Y,Y,A,01,0,1,0,0,0,0,0,0,0,"- ","- ",,,ALAMEDA,OAKLAND,,
9783481,2023,2025-03-04,0109,2023-05-22,1324,10078,1,1,5,7,0109,0,0,0,,0,21Y,"COOLIDGE AV","SCHOOL ST",15.00,N,N,A,-,N,,,,,,,,,,N,4,0,2,2,A,-,12,21453,A,N,H,C,A,A,H,-,A,A,0,,,,,Y,,-,"- ",0,0,2,0,0,0,0,0,0,"- ","- ",,,ALAMEDA,OAKLAND,,
9783484,2023,2025-03-04,0109,2023-09-26,1703,10099,2,2,5,7,0109,0,0,0,,0,26Y,"EASTLAWN ST","66TH ST",175.00,W,N,A,-,N,,,,,,,,,,N,4,0,1,2,A,-,03,22350,,M,A,C,A,A,H,-,A,D,0,,,,,Y,,A,01,0,0,1,0,0,0,0,0,0,"- ","- ",,,ALAMEDA,OAKLAND,,